rbid,family,variant
240,legacy,legacy_table
241,legacy,legacy_table
242,legacy,legacy_table
243,legacy,legacy_table
245,legacy,legacy_table
246,legacy,legacy_table
247,legacy,legacy_table
248,legacy,legacy_table
249,legacy,legacy_table
250,legacy,legacy_table
251,legacy,legacy_table
252,legacy,legacy_table
253,legacy,legacy_table
254,legacy,legacy_table
255,legacy,legacy_table
256,legacy,legacy_table
257,legacy,legacy_table
258,legacy,legacy_table
259,legacy,legacy_table
260,legacy,legacy_table
263,legacy,legacy_table
264,legacy,legacy_table
265,legacy,legacy_table
266,legacy,legacy_table
267,legacy,legacy_table
268,legacy,legacy_table
269,legacy,legacy_table
270,legacy,legacy_table
271,legacy,legacy_table
272,legacy,legacy_table
273,legacy,legacy_table
274,legacy,legacy_table
275,legacy,legacy_table
276,legacy,legacy_table
277,legacy,legacy_table
278,legacy,legacy_table
279,legacy,legacy_table
280,legacy,legacy_table
281,legacy,legacy_table
282,legacy,legacy_table
283,legacy,legacy_table
284,legacy,legacy_table
285,legacy,legacy_table
286,legacy,legacy_table
287,legacy,legacy_table
288,legacy,legacy_table
289,legacy,legacy_table
290,legacy,legacy_table
291,legacy,legacy_table
293,legacy,legacy_table
294,legacy,legacy_table
295,legacy,legacy_table
296,legacy,legacy_table
298,legacy,legacy_table
299,legacy,legacy_table
300,legacy,legacy_table
301,legacy,legacy_table
302,legacy,legacy_table
303,legacy,legacy_table
304,legacy,legacy_table
305,legacy,legacy_table
306,legacy,legacy_table
307,legacy,legacy_table
309,legacy,legacy_table
310,legacy,legacy_table
311,legacy,legacy_table
312,legacy,legacy_table
313,legacy,legacy_table
314,legacy,legacy_table
315,legacy,legacy_table
316,legacy,legacy_table
317,legacy,legacy_table
318,legacy,legacy_table
319,legacy,legacy_table
320,legacy,legacy_table
321,legacy,legacy_table
322,legacy,legacy_table
323,legacy,legacy_table
324,legacy,legacy_table
325,legacy,legacy_table
326,legacy,legacy_table
327,legacy,legacy_table
328,legacy,legacy_table
329,legacy,legacy_table
330,legacy,legacy_table
331,legacy,legacy_table
332,legacy,legacy_table
333,legacy,legacy_table
334,legacy,legacy_table
335,legacy,legacy_table
336,legacy,legacy_table
337,legacy,legacy_table
339,legacy,legacy_table
340,legacy,legacy_table
341,legacy,legacy_table
342,legacy,legacy_table
343,legacy,legacy_table
344,legacy,legacy_table
345,legacy,legacy_table
346,legacy,legacy_table
347,legacy,legacy_table
349,legacy,legacy_table
350,legacy,legacy_table
351,legacy,legacy_table
352,legacy,legacy_table
353,legacy,legacy_table
354,legacy,legacy_table
355,legacy,legacy_table
356,legacy,legacy_table
357,legacy,legacy_table
358,legacy,legacy_table
362,legacy,legacy_table
363,legacy,legacy_table
365,legacy,legacy_table
366,legacy,legacy_table
367,legacy,legacy_table
368,legacy,legacy_table
369,legacy,legacy_table
370,legacy,legacy_table
371,legacy,legacy_table
372,legacy,legacy_table
373,legacy,legacy_table
374,legacy,legacy_table
375,legacy,legacy_table
376,legacy,legacy_table
377,legacy,legacy_table
378,legacy,legacy_table
379,legacy,legacy_table
380,legacy,legacy_table
381,legacy,legacy_table
382,legacy,legacy_table
383,legacy,legacy_table
384,legacy,legacy_table
385,legacy,legacy_table
386,legacy,legacy_table
387,legacy,legacy_table
388,legacy,legacy_table
390,legacy,legacy_table
391,legacy,legacy_table
392,legacy,legacy_table
393,legacy,legacy_table
395,legacy,legacy_table
396,legacy,legacy_table
398,legacy,legacy_table
400,legacy,legacy_table
401,legacy,legacy_table
402,legacy,legacy_table
403,legacy,legacy_table
404,legacy,legacy_table
405,legacy,legacy_table
407,legacy,legacy_table
410,legacy,legacy_table
411,legacy,legacy_table
412,legacy,legacy_table
414,legacy,legacy_table
415,legacy,legacy_table
416,legacy,legacy_table
417,legacy,legacy_table
418,legacy,legacy_table
420,legacy,legacy_table
421,legacy,legacy_table
422,legacy,legacy_table
423,legacy,legacy_table
424,legacy,legacy_table
425,legacy,legacy_table
426,legacy,legacy_table
427,legacy,legacy_table
428,legacy,legacy_table
429,legacy,legacy_table
430,legacy,legacy_table
431,legacy,legacy_table
432,legacy,legacy_table
433,legacy,legacy_table
434,legacy,legacy_table
435,legacy,legacy_table
436,legacy,legacy_table
437,legacy,legacy_table
438,legacy,legacy_table
440,legacy,legacy_table
441,legacy,legacy_table
442,legacy,legacy_table
443,legacy,legacy_table
444,legacy,legacy_table
445,legacy,legacy_table
446,legacy,legacy_table
447,legacy,legacy_table
448,legacy,legacy_table
449,legacy,legacy_table
450,legacy,legacy_table
452,legacy,legacy_table
453,legacy,legacy_table
454,legacy,legacy_table
455,legacy,legacy_table
456,legacy,legacy_table
457,legacy,legacy_table
458,legacy,legacy_table
459,legacy,legacy_table
460,legacy,legacy_table
461,legacy,legacy_table
462,legacy,legacy_table
463,legacy,legacy_table
464,legacy,legacy_table
465,legacy,legacy_table
466,legacy,legacy_table
467,legacy,legacy_table
468,legacy,legacy_table
469,legacy,legacy_table
470,legacy,legacy_table
471,legacy,legacy_table
472,legacy,legacy_table
473,legacy,legacy_table
474,legacy,legacy_table
475,legacy,legacy_table
476,legacy,legacy_table
477,legacy,legacy_table
478,legacy,legacy_table
479,legacy,legacy_table
480,legacy,legacy_table
481,legacy,legacy_table
483,legacy,legacy_table
484,legacy,legacy_table
486,legacy,legacy_table
487,legacy,legacy_table
488,legacy,legacy_table
489,legacy,legacy_table
1007,legacy,legacy_table
1008,legacy,legacy_table
1015,legacy,legacy_table
1017,legacy,legacy_table
1018,legacy,legacy_table
1020,legacy,legacy_table
1021,legacy,legacy_table
1022,legacy,legacy_table
1023,legacy,legacy_table
1024,legacy,legacy_table
1025,legacy,legacy_table
1026,legacy,legacy_table
1027,legacy,legacy_table
1028,legacy,legacy_table
1029,legacy,legacy_table
1030,legacy,legacy_table
1031,legacy,legacy_table
1032,legacy,legacy_table
1033,legacy,legacy_table
1034,legacy,legacy_table
1035,legacy,legacy_table
1038,legacy,legacy_table
1040,legacy,legacy_table
1042,legacy,legacy_table
1044,legacy,legacy_table
1045,legacy,legacy_table
1046,legacy,legacy_table
1047,legacy,legacy_table
1048,legacy,legacy_table
2907,legacy,legacy_table
2908,legacy,legacy_table
2910,legacy,legacy_table
2911,legacy,legacy_table
2912,legacy,legacy_table
2913,legacy,legacy_table
2914,legacy,legacy_table
2915,legacy,legacy_table
2917,legacy,legacy_table
2918,legacy,legacy_table
2919,legacy,legacy_table
2920,legacy,legacy_table
2921,legacy,legacy_table
2922,legacy,legacy_table
2923,legacy,legacy_table
2924,legacy,legacy_table
2925,legacy,legacy_table
2926,legacy,legacy_table
2927,legacy,legacy_table
2928,legacy,legacy_table
2929,legacy,legacy_table
2930,legacy,legacy_table
2931,legacy,legacy_table
2932,legacy,legacy_table
2934,legacy,legacy_table
2935,legacy,legacy_table
2936,legacy,legacy_table
2937,legacy,legacy_table
2938,legacy,legacy_table
2939,legacy,legacy_table
2940,legacy,legacy_table
2941,legacy,legacy_table
2942,legacy,legacy_table
2943,legacy,legacy_table
2944,legacy,legacy_table
2947,legacy,legacy_table
2948,legacy,legacy_table
2949,legacy,legacy_table
2950,legacy,legacy_table
2951,legacy,legacy_table
2952,legacy,legacy_table
2953,legacy,legacy_table
2955,legacy,legacy_table
2956,legacy,legacy_table
2957,legacy,legacy_table
2958,legacy,legacy_table
2959,legacy,legacy_table
2960,legacy,legacy_table
2962,legacy,legacy_table
2963,legacy,legacy_table
2964,legacy,legacy_table
2965,legacy,legacy_table
2966,legacy,legacy_table
2967,legacy,legacy_table
2968,legacy,legacy_table
2969,legacy,legacy_table
2970,legacy,legacy_table
2971,legacy,legacy_table
2972,legacy,legacy_table
2973,legacy,legacy_table
2975,legacy,legacy_table
2976,legacy,legacy_table
2977,legacy,legacy_table
2978,legacy,legacy_table
2979,legacy,legacy_table
2980,legacy,legacy_table
2982,legacy,legacy_table
2984,legacy,legacy_table
2985,legacy,legacy_table
2986,legacy,legacy_table
2987,legacy,legacy_table
2988,legacy,legacy_table
2989,legacy,legacy_table
2990,legacy,legacy_table
2992,legacy,legacy_table
2993,legacy,legacy_table
2994,legacy,legacy_table
2995,legacy,legacy_table
2996,legacy,legacy_table
2997,legacy,legacy_table
3001,legacy,legacy_table
3002,legacy,legacy_table
3003,legacy,legacy_table
3005,legacy,legacy_table
3007,legacy,legacy_table
3015,legacy,legacy_table
3016,legacy,legacy_table
3017,legacy,legacy_table
3018,legacy,legacy_table
3023,legacy,legacy_table
3025,legacy,legacy_table
3036,legacy,legacy_table
3038,legacy,legacy_table
3048,legacy,legacy_table
3050,legacy,legacy_table
3066,legacy,legacy_table
3071,legacy,legacy_table
3085,legacy,legacy_table
3087,legacy,legacy_table
3089,legacy,legacy_table
3090,legacy,legacy_table
3093,legacy,legacy_table
3094,legacy,legacy_table
3095,legacy,legacy_table
3096,legacy,legacy_table
3097,legacy,legacy_table
3098,legacy,legacy_table
3099,legacy,legacy_table
3100,legacy,legacy_table
3102,legacy,legacy_table
3103,legacy,legacy_table
3104,legacy,legacy_table
3105,legacy,legacy_table
3106,legacy,legacy_table
3108,legacy,legacy_table
3109,legacy,legacy_table
3111,legacy,legacy_table
3112,legacy,legacy_table
3113,legacy,legacy_table
3114,legacy,legacy_table
3115,legacy,legacy_table
3117,legacy,legacy_table
3118,legacy,legacy_table
3119,legacy,legacy_table
3120,legacy,legacy_table
3122,legacy,legacy_table
3123,legacy,legacy_table
3124,legacy,legacy_table
3125,legacy,legacy_table
3127,legacy,legacy_table
3128,legacy,legacy_table
3129,legacy,legacy_table
3130,legacy,legacy_table
3135,legacy,legacy_table
3136,legacy,legacy_table
3139,legacy,legacy_table
3140,legacy,legacy_table
3141,legacy,legacy_table
3142,legacy,legacy_table
3143,legacy,legacy_table
3145,legacy,legacy_table
3146,legacy,legacy_table
3147,legacy,legacy_table
3148,legacy,legacy_table
3149,legacy,legacy_table
3150,legacy,legacy_table
3151,legacy,legacy_table
3152,legacy,legacy_table
3155,legacy,legacy_table
3156,legacy,legacy_table
3157,legacy,legacy_table
3158,legacy,legacy_table
3160,legacy,legacy_table
3161,legacy,legacy_table
3163,legacy,legacy_table
3164,legacy,legacy_table
3165,legacy,legacy_table
3166,legacy,legacy_table
3169,legacy,legacy_table
3170,legacy,legacy_table
3172,legacy,legacy_table
3173,legacy,legacy_table
3174,legacy,legacy_table
3175,legacy,legacy_table
3176,legacy,legacy_table
3177,legacy,legacy_table
3178,legacy,legacy_table
3179,legacy,legacy_table
3181,legacy,legacy_table
3186,legacy,legacy_table
3187,legacy,legacy_table
3188,legacy,legacy_table
3189,legacy,legacy_table
3190,legacy,legacy_table
3191,legacy,legacy_table
3192,legacy,legacy_table
3193,legacy,legacy_table
3194,legacy,legacy_table
3195,legacy,legacy_table
3196,legacy,legacy_table
3198,legacy,legacy_table
3199,legacy,legacy_table
3200,legacy,legacy_table
3201,legacy,legacy_table
3202,legacy,legacy_table
3204,legacy,legacy_table
3205,legacy,legacy_table
3208,legacy,legacy_table
3209,legacy,legacy_table
3210,legacy,legacy_table
3211,legacy,legacy_table
3212,legacy,legacy_table
3213,legacy,legacy_table
3214,legacy,legacy_table
3215,legacy,legacy_table
3222,legacy,legacy_table
3223,legacy,legacy_table
3224,legacy,legacy_table
3225,legacy,legacy_table
3226,legacy,legacy_table
3228,legacy,legacy_table
3229,legacy,legacy_table
3230,legacy,legacy_table
3233,legacy,legacy_table
3234,legacy,legacy_table
3235,legacy,legacy_table
3252,legacy,legacy_table
3253,legacy,legacy_table
3264,legacy,legacy_table
3265,legacy,legacy_table
3270,legacy,legacy_table
3273,legacy,legacy_table
3274,legacy,legacy_table
3275,legacy,legacy_table
3276,legacy,legacy_table
3277,legacy,legacy_table
3278,legacy,legacy_table
3280,legacy,legacy_table
3281,legacy,legacy_table
3282,legacy,legacy_table
3283,legacy,legacy_table
3284,legacy,legacy_table
3285,legacy,legacy_table
3286,legacy,legacy_table
3287,legacy,legacy_table
3290,legacy,legacy_table
3300,legacy,legacy_table
3301,legacy,legacy_table
3302,legacy,legacy_table
3304,legacy,legacy_table
3313,legacy,legacy_table
3319,legacy,legacy_table
3321,legacy,legacy_table
3322,legacy,legacy_table
3325,legacy,legacy_table
3326,legacy,legacy_table
3327,legacy,legacy_table
4043,legacy,legacy_table
4045,legacy,legacy_table
4047,legacy,legacy_table
4048,legacy,legacy_table
4050,legacy,legacy_table
4051,legacy,legacy_table
4053,legacy,legacy_table
4058,legacy,legacy_table
4059,legacy,legacy_table
4060,legacy,legacy_table
4061,legacy,legacy_table
5071,word,word_blockbase
5072,word,word_blockbase
5073,word,word_blockbase
5074,word,word_blockbase
5075,word,word_blockbase
5076,word,word_blockbase
5077,word,word_blockbase
5078,word,word_blockbase
5079,word,word_blockbase
5080,word,word_blockbase
5081,word,word_blockbase
5082,word,word_blockbase
5083,word,word_blockbase
5084,word,word_blockbase
5085,word,word_blockbase
5086,word,word_blockbase
5087,word,word_blockbase
5088,word,word_blockbase
5089,word,word_blockbase
5090,word,word_blockbase
5091,word,word_blockbase
5093,word,word_blockbase
5094,word,word_blockbase
5095,word,word_blockbase
5096,word,word_blockbase
5097,word,word_blockbase
5098,word,word_blockbase
5099,word,word_blockbase
5100,word,word_blockbase
5101,word,word_blockbase
5102,word,word_blockbase
5103,word,word_blockbase
5104,word,word_blockbase
5105,word,word_blockbase
5106,word,word_blockbase
5107,word,word_blockbase
5108,word,word_blockbase
5109,word,word_blockbase
5110,word,word_blockbase
5111,word,word_blockbase
5112,word,word_blockbase
5113,word,word_blockbase
5114,word,word_blockbase
5136,word,word_blockbase
5137,word,word_blockbase
5138,word,word_blockbase
5139,word,word_blockbase
5140,word,word_documenthead
5141,word,word_documenthead
5142,word,word_blockbase
5143,word,word_blockbase
5144,word,word_blockbase
5145,word,word_blockbase
5147,word,word_blockbase
5148,word,word_blockbase
5149,word,word_blockbase
5150,word,word_blockbase
5151,word,word_documenthead
5152,word,word_blockbase
5153,word,word_blockbase
5154,word,word_blockbase
5155,word,word_blockbase
5156,word,word_blockbase
5157,word,word_blockbase
5158,word,word_blockbase
5159,word,word_blockbase
5160,word,word_blockbase
5161,word,word_blockbase
5162,word,word_blockbase
5163,word,word_blockbase
5164,word,word_blockbase
5166,word,word_blockbase
5167,word,word_blockbase
5169,word,word_blockbase
5170,word,word_blockbase
5171,word,word_blockbase
5172,word,word_blockbase
5173,word,word_blockbase
5174,word,word_blockbase
5175,word,word_blockbase
5176,word,word_blockbase
5177,word,word_blockbase
5178,word,word_blockbase
5179,word,word_blockbase
5180,word,word_blockbase
5181,word,word_blockbase
5182,word,word_blockbase
5183,word,word_blockbase
5184,word,word_blockbase
5185,word,word_blockbase
5186,word,word_blockbase
5187,word,word_blockbase
5189,word,word_blockbase
5190,word,word_blockbase
5191,word,word_blockbase
5192,word,word_blockbase
5193,word,word_blockbase
5194,word,word_blockbase
5195,word,word_blockbase
5196,word,word_blockbase
5197,word,word_blockbase
5198,word,word_blockbase
5199,word,word_blockbase
5200,word,word_blockbase
5201,word,word_blockbase
5202,word,word_blockbase
5203,word,word_blockbase
5204,word,word_blockbase
5205,word,word_blockbase
5206,word,word_blockbase
5207,word,word_blockbase
5208,word,word_blockbase
5209,word,word_blockbase
5210,word,word_blockbase
5211,word,word_blockbase
5212,word,word_blockbase
5214,word,word_blockbase
5215,word,word_blockbase
5216,word,word_blockbase
5217,word,word_blockbase
5218,word,word_blockbase
5219,word,word_blockbase
5220,word,word_blockbase
5221,word,word_blockbase
5222,word,word_blockbase
5223,word,word_blockbase
5224,word,word_blockbase
5225,word,word_blockbase
5226,word,word_blockbase
5227,word,word_blockbase
5228,word,word_blockbase
5229,word,word_blockbase
5230,word,word_blockbase
5231,word,word_blockbase
5232,word,word_blockbase
5233,word,word_blockbase
5234,word,word_blockbase
5235,word,word_blockbase
5236,word,word_blockbase
5237,word,word_blockbase
5238,word,word_blockbase
5239,word,word_blockbase
5240,word,word_blockbase
5241,word,word_blockbase
5242,word,word_blockbase
5243,word,word_blockbase
5244,word,word_blockbase
5245,word,word_blockbase
5246,word,word_blockbase
5247,word,word_blockbase
5248,word,word_blockbase
5249,word,word_blockbase
5250,word,word_blockbase
5254,word,word_blockbase
5255,word,word_blockbase
5257,word,word_blockbase
5258,word,word_blockbase
5259,word,word_blockbase
5260,word,word_blockbase
5261,word,word_blockbase
5262,word,word_blockbase
5263,word,word_blockbase
5264,word,word_blockbase
5265,word,word_blockbase
5266,word,word_blockbase
5267,word,word_blockbase
5268,word,word_blockbase
5269,word,word_blockbase
5271,word,word_blockbase
5272,word,word_blockbase
5273,word,word_blockbase
5275,word,word_blockbase
5277,word,word_blockbase
5278,word,word_blockbase
5279,word,word_blockbase
5280,word,word_blockbase
5281,word,word_blockbase
5284,word,word_blockbase
5285,word,word_blockbase
5286,word,word_blockbase
5287,word,word_blockbase
5288,word,word_blockbase
5289,word,word_blockbase
5290,word,word_blockbase
5291,word,word_blockbase
5292,word,word_blockbase
5293,word,word_blockbase
5295,word,word_blockbase
5297,word,word_blockbase
5298,word,word_blockbase
5300,word,word_blockbase
5302,word,word_blockbase
5303,word,word_blockbase
5304,word,word_blockbase
5305,word,word_blockbase
5306,word,word_blockbase
5307,word,word_blockbase
5308,word,word_blockbase
5309,word,word_blockbase
5310,word,word_blockbase
5311,word,word_blockbase
5312,word,word_blockbase
5313,word,word_blockbase
5315,legacy,legacy_table
5318,legacy,legacy_table
5321,word,word_blockbase
5325,word,word_blockbase
5587,word,word_blockbase
5588,legacy,legacy_table
5591,word,word_blockbase
5592,word,word_blockbase
5603,legacy,legacy_table
5621,legacy,legacy_table
5622,word,word_blockbase
5623,word,word_blockbase
5624,word,word_blockbase
5626,legacy,legacy_table
5627,word,word_blockbase
5628,word,word_blockbase
5632,legacy,legacy_table
5633,word,word_blockbase
5634,word,word_blockbase
5637,legacy,legacy_table
5889,word,word_blockbase
5891,legacy,legacy_table
5895,legacy,legacy_table
5899,legacy,legacy_table
5901,legacy,legacy_table
5903,legacy,legacy_table
5904,word,word_blockbase
5912,word,word_blockbase
5915,word,word_blockbase
5925,word,word_blockbase
5930,legacy,legacy_table
5933,legacy,legacy_table
5941,word,word_blockbase
5945,word,word_blockbase
5946,legacy,legacy_table
5947,legacy,legacy_table
5949,legacy,legacy_table
5950,word,word_blockbase
5951,word,word_blockbase
5952,word,word_blockbase
5956,word,word_blockbase
5961,legacy,legacy_table
5966,word,word_blockbase
5968,legacy,legacy_table
5971,legacy,legacy_table
5972,word,word_blockbase
5974,word,word_blockbase
5977,word,word_blockbase
5980,legacy,legacy_table
5981,word,word_blockbase
5982,word,word_blockbase
5986,word,word_blockbase
5987,word,word_blockbase
5988,word,word_blockbase
5989,legacy,legacy_table
5993,word,word_blockbase
5994,word,word_blockbase
5995,word,word_blockbase
5996,word,word_blockbase
5998,word,word_blockbase
6000,legacy,legacy_table
6001,word,word_blockbase
6002,word,word_blockbase
6014,legacy,legacy_table
6015,word,word_blockbase
6016,legacy,legacy_table
6017,legacy,legacy_table
6021,word,word_blockbase
6024,word,word_blockbase
6027,word,word_blockbase
6029,word,word_blockbase
6030,word,word_blockbase
6032,word,word_blockbase
6037,legacy,legacy_table
6038,word,word_blockbase
6039,word,word_blockbase
6042,word,word_blockbase
6044,word,word_blockbase
6046,word,word_blockbase
6054,word,word_blockbase
6058,word,word_blockbase
6064,word,word_blockbase
6067,legacy,legacy_table
6070,word,word_blockbase
6071,legacy,legacy_table
6074,legacy,legacy_table
6079,legacy,legacy_table
6082,word,word_blockbase
6084,word,word_blockbase
6087,word,word_blockbase
6090,legacy,legacy_table
6091,word,word_blockbase
6092,legacy,legacy_table
6093,legacy,legacy_table
6094,word,word_blockbase
6097,legacy,legacy_table
6098,word,word_blockbase
6099,word,word_blockbase
6101,legacy,legacy_table
6103,legacy,legacy_table
6104,word,word_blockbase
6105,legacy,legacy_table
6106,word,word_blockbase
6107,word,word_blockbase
6108,legacy,legacy_table
6110,legacy,legacy_table
6111,word,word_blockbase
6113,legacy,legacy_table
6115,word,word_blockbase
6118,legacy,legacy_table
6120,word,word_blockbase
6123,word,word_blockbase
6125,word,word_blockbase
6126,legacy,legacy_table
6128,legacy,legacy_table
6129,word,word_blockbase
6130,word,word_blockbase
6131,word,word_blockbase
6132,word,word_blockbase
6137,legacy,legacy_table
6139,legacy,legacy_table
6141,legacy,legacy_table
6142,word,word_blockbase
6143,word,word_blockbase
6145,word,word_blockbase
6146,word,word_blockbase
6147,word,word_blockbase
6148,word,word_blockbase
6149,word,word_blockbase
6151,legacy,legacy_table
6153,legacy,legacy_table
6154,legacy,legacy_table
6156,legacy,legacy_table
6157,legacy,legacy_table
6158,word,word_blockbase
6159,word,word_blockbase
6160,word,word_blockbase
6163,legacy,legacy_table
6164,word,word_blockbase
6165,word,word_blockbase
6166,word,word_blockbase
6167,word,word_blockbase
6168,word,word_blockbase
6169,word,word_blockbase
6170,legacy,legacy_table
6171,word,word_blockbase
6172,word,word_blockbase
6176,word,word_blockbase
6180,legacy,legacy_table
6181,word,word_blockbase
6182,word,word_blockbase
6183,word,word_blockbase
6186,legacy,legacy_table
6187,legacy,legacy_table
6188,legacy,legacy_table
6191,word,word_blockbase
6192,word,word_blockbase
6195,legacy,legacy_table
6196,word,word_blockbase
6197,legacy,legacy_table
6200,word,word_blockbase
6203,legacy,legacy_table
6204,legacy,legacy_table
6207,word,word_blockbase
6208,legacy,legacy_table
6210,word,word_blockbase
6212,legacy,legacy_table
6731,word,word_blockbase
6734,legacy,legacy_table
6735,word,word_blockbase
6749,legacy,legacy_table
6751,word,word_blockbase
6752,legacy,legacy_table
6753,legacy,legacy_table
6755,legacy,legacy_table
6756,legacy,legacy_table
6758,legacy,legacy_table
6762,legacy,legacy_table
6763,legacy,legacy_table
6767,legacy,legacy_table
6769,legacy,legacy_table
6777,legacy,legacy_table
6781,legacy,legacy_table
6788,legacy,legacy_table
6789,word,word_blockbase
6790,legacy,legacy_table
6791,legacy,legacy_table
6792,legacy,legacy_table
6838,legacy,legacy_table
6839,word,word_blockbase
6840,legacy,legacy_table
6841,legacy,legacy_table
6851,legacy,legacy_table
6852,legacy,legacy_table
6854,legacy,legacy_table
6858,legacy,legacy_table
6859,legacy,legacy_table
6860,legacy,legacy_table
6862,legacy,legacy_table
6863,legacy,legacy_table
6866,legacy,legacy_table
6869,legacy,legacy_table
6870,legacy,legacy_table
6872,legacy,legacy_table
6876,legacy,legacy_table
6877,legacy,legacy_table
6878,legacy,legacy_table
6879,legacy,legacy_table
6880,legacy,legacy_table
6881,legacy,legacy_table
6882,legacy,legacy_table
6884,legacy,legacy_table
6888,legacy,legacy_table
6889,legacy,legacy_table
6890,legacy,legacy_table
6898,word,word_documenthead
6899,word,word_documenthead
6900,word,word_documenthead
6902,word,word_documenthead
6903,word,word_documenthead
6905,word,word_documenthead
6906,word,word_documenthead
6907,word,word_documenthead
6908,word,word_documenthead
6909,word,word_documenthead
6910,word,word_documenthead
6911,word,word_documenthead
6912,word,word_documenthead
6913,word,word_documenthead
6914,word,word_documenthead
6915,word,word_documenthead
6916,word,word_documenthead
6917,word,word_documenthead
6918,word,word_documenthead
6919,word,word_documenthead
6920,word,word_documenthead
6921,word,word_documenthead
6922,word,word_documenthead
6923,word,word_documenthead
6924,word,word_documenthead
6925,word,word_documenthead
6926,word,word_documenthead
6927,word,word_documenthead
6928,word,word_documenthead
6929,word,word_documenthead
6930,word,word_documenthead
6931,word,word_documenthead
6932,word,word_documenthead
6933,word,word_documenthead
6934,word,word_documenthead
6935,word,word_documenthead
6936,word,word_documenthead
6937,word,word_documenthead
6938,word,word_documenthead
6940,word,word_documenthead
6941,word,word_documenthead
6942,word,word_documenthead
6948,word,word_documenthead
6949,word,word_documenthead
6950,word,word_documenthead
6951,word,word_documenthead
6952,word,word_documenthead
6953,word,word_documenthead
6954,word,word_documenthead
6955,word,word_documenthead
6956,word,word_documenthead
6957,word,word_documenthead
6958,word,word_documenthead
6959,word,word_documenthead
6960,word,word_documenthead
6961,word,word_documenthead
6962,word,word_documenthead
6964,word,word_documenthead
6965,word,word_documenthead
6966,word,word_documenthead
6967,word,word_documenthead
6968,word,word_documenthead
6969,word,word_documenthead
6970,word,word_documenthead
6972,word,word_documenthead
6973,word,word_documenthead
6974,word,word_documenthead
6975,word,word_documenthead
6976,word,word_documenthead
6977,word,word_documenthead
6982,word,word_documenthead
6983,word,word_documenthead
6984,word,word_documenthead
6985,word,word_documenthead
6987,word,word_documenthead
6988,word,word_documenthead
6990,word,word_documenthead
6991,word,word_documenthead
6993,word,word_documenthead
6994,word,word_documenthead
6995,word,word_documenthead
6996,word,word_documenthead
6997,word,word_documenthead
6998,word,word_documenthead
6999,word,word_documenthead
7000,word,word_documenthead
7001,word,word_documenthead
7002,word,word_documenthead
7003,word,word_documenthead
7004,word,word_documenthead
7005,word,word_documenthead
7006,word,word_documenthead
7007,word,word_documenthead
7008,word,word_documenthead
7009,word,word_documenthead
7010,word,word_documenthead
7012,word,word_documenthead
7013,word,word_documenthead
7014,word,word_documenthead
7015,word,word_documenthead
7016,word,word_documenthead
7017,word,word_documenthead
7018,word,word_documenthead
7019,word,word_documenthead
7020,word,word_documenthead
7021,word,word_documenthead
7022,word,word_documenthead
7023,word,word_documenthead
7024,word,word_documenthead
7025,word,word_documenthead
7026,word,word_documenthead
7027,word,word_documenthead
7028,word,word_documenthead
7029,word,word_documenthead
7031,word,word_documenthead
7032,word,word_documenthead
7033,word,word_documenthead
7034,word,word_documenthead
7035,word,word_documenthead
7036,word,word_documenthead
7037,word,word_documenthead
7038,word,word_documenthead
7039,word,word_documenthead
7040,word,word_documenthead
7041,word,word_documenthead
7042,word,word_documenthead
7043,word,word_documenthead
7044,word,word_documenthead
7045,word,word_documenthead
7046,word,word_documenthead
7047,word,word_documenthead
7048,word,word_documenthead
7049,word,word_documenthead
7050,word,word_documenthead
7051,word,word_documenthead
7053,word,word_documenthead
7054,word,word_documenthead
7055,word,word_documenthead
7056,word,word_documenthead
7058,word,word_documenthead
7062,word,word_documenthead
7063,word,word_documenthead
7064,word,word_documenthead
7065,word,word_documenthead
7066,word,word_documenthead
7067,word,word_documenthead
7068,word,word_documenthead
7071,word,word_documenthead
7072,word,word_documenthead
7074,word,word_documenthead
7077,word,word_documenthead
7078,word,word_documenthead
7079,word,word_documenthead
7080,word,word_documenthead
7081,word,word_documenthead
7082,word,word_documenthead
7083,word,word_documenthead
7084,word,word_documenthead
7086,word,word_documenthead
7087,word,word_documenthead
7089,word,word_documenthead
7090,word,word_documenthead
7092,word,word_documenthead
7093,word,word_documenthead
7094,word,word_documenthead
7095,word,word_documenthead
7096,word,word_documenthead
7097,word,word_documenthead
7098,word,word_documenthead
7099,word,word_documenthead
7101,word,word_documenthead
7102,word,word_documenthead
7103,word,word_documenthead
7104,word,word_documenthead
7105,word,word_documenthead
7106,word,word_documenthead
7107,word,word_documenthead
7108,word,word_documenthead
7109,word,word_documenthead
7110,word,word_documenthead
7111,word,word_documenthead
7112,word,word_documenthead
7113,word,word_documenthead
7114,word,word_documenthead
7115,word,word_documenthead
7116,word,word_documenthead
7117,word,word_documenthead
7118,word,word_documenthead
7119,word,word_documenthead
7120,word,word_documenthead
7121,word,word_documenthead
7122,word,word_documenthead
7123,word,word_documenthead
7124,word,word_documenthead
7125,word,word_documenthead
7126,word,word_documenthead
7127,word,word_documenthead
7128,word,word_documenthead
7129,word,word_documenthead
7130,word,word_documenthead
7131,word,word_documenthead
7133,word,word_documenthead
7135,word,word_documenthead
7136,word,word_documenthead
7140,word,word_documenthead
7141,word,word_documenthead
7142,word,word_documenthead
7143,word,word_documenthead
7144,word,word_documenthead
7145,word,word_documenthead
7146,word,word_documenthead
7147,word,word_documenthead
7148,word,word_documenthead
7149,word,word_documenthead
7150,word,word_documenthead
7151,word,word_documenthead
7152,word,word_documenthead
7153,word,word_documenthead
7154,word,word_documenthead
7157,word,word_documenthead
7158,word,word_documenthead
7159,word,word_documenthead
7160,word,word_documenthead
7162,word,word_documenthead
7163,word,word_documenthead
7164,word,word_documenthead
7165,word,word_documenthead
7166,word,word_documenthead
7167,word,word_documenthead
7168,word,word_documenthead
7170,word,word_documenthead
7171,word,word_documenthead
7175,word,word_documenthead
7177,word,word_documenthead
7178,word,word_documenthead
7179,word,word_documenthead
7180,word,word_documenthead
7182,word,word_documenthead
7183,word,word_documenthead
7184,word,word_documenthead
7185,word,word_documenthead
7186,word,word_documenthead
7187,word,word_documenthead
7188,word,word_documenthead
7189,word,word_documenthead
7191,word,word_documenthead
7192,word,word_documenthead
7193,word,word_documenthead
7194,word,word_documenthead
7195,word,word_documenthead
7196,word,word_documenthead
7198,word,word_documenthead
7202,word,word_documenthead
7203,word,word_documenthead
7204,word,word_documenthead
7205,word,word_documenthead
7206,word,word_documenthead
7207,word,word_documenthead
7208,word,word_documenthead
7209,word,word_documenthead
7210,word,word_documenthead
7211,word,word_documenthead
7213,word,word_documenthead
7214,word,word_documenthead
7215,word,word_documenthead
7216,word,word_documenthead
7218,word,word_documenthead
7219,word,word_documenthead
7220,word,word_documenthead
7221,word,word_documenthead
7222,word,word_documenthead
7223,word,word_documenthead
7224,word,word_documenthead
7226,word,word_documenthead
7227,word,word_documenthead
7229,word,word_documenthead
7231,word,word_documenthead
7233,word,word_documenthead
7234,word,word_documenthead
7235,word,word_documenthead
7236,word,word_documenthead
7237,word,word_documenthead
7238,word,word_documenthead
7239,word,word_documenthead
7240,word,word_documenthead
7241,word,word_documenthead
7242,word,word_documenthead
7243,word,word_documenthead
7245,word,word_documenthead
7246,word,word_documenthead
7248,word,word_documenthead
7249,word,word_documenthead
7250,word,word_documenthead
7252,word,word_documenthead
7253,word,word_documenthead
7254,word,word_documenthead
7255,word,word_documenthead
7256,word,word_documenthead
7259,word,word_documenthead
7260,word,word_documenthead
7261,word,word_documenthead
7262,word,word_documenthead
7263,word,word_documenthead
7264,word,word_documenthead
7266,word,word_documenthead
7267,word,word_documenthead
7268,word,word_documenthead
7269,word,word_documenthead
7270,word,word_documenthead
7271,word,word_documenthead
7272,word,word_documenthead
7273,word,word_documenthead
7313,word,word_documenthead
7314,word,word_documenthead
7315,word,word_documenthead
7316,word,word_documenthead
7318,word,word_documenthead
7320,word,word_documenthead
7321,word,word_documenthead
7322,word,word_documenthead
7323,word,word_documenthead
7325,word,word_documenthead
7326,word,word_documenthead
7328,word,word_documenthead
7330,word,word_documenthead
7331,word,word_documenthead
7333,word,word_documenthead
7335,word,word_documenthead
7336,word,word_documenthead
7338,word,word_documenthead
7339,word,word_documenthead
7340,word,word_documenthead
7341,word,word_documenthead
7342,word,word_documenthead
7343,word,word_documenthead
7344,word,word_documenthead
7345,word,word_documenthead
7346,word,word_documenthead
7347,word,word_documenthead
7348,word,word_documenthead
7349,word,word_documenthead
7350,word,word_documenthead
7351,word,word_documenthead
7352,word,word_documenthead
7353,word,word_documenthead
7354,word,word_documenthead
7355,word,word_documenthead
7356,word,word_documenthead
7357,word,word_documenthead
7358,word,word_documenthead
7359,word,word_documenthead
7360,word,word_documenthead
7361,word,word_documenthead
7362,word,word_documenthead
7363,word,word_documenthead
7364,word,word_documenthead
7365,word,word_documenthead
7366,word,word_documenthead
7367,word,word_documenthead
7368,word,word_documenthead
7369,word,word_documenthead
7370,word,word_documenthead
7371,word,word_documenthead
7372,word,word_documenthead
7373,word,word_documenthead
7374,word,word_documenthead
7375,word,word_documenthead
7376,word,word_documenthead
7377,word,word_documenthead
7378,word,word_documenthead
7379,word,word_documenthead
7380,word,word_documenthead
7381,word,word_documenthead
7382,word,word_documenthead
7383,word,word_documenthead
7384,word,word_documenthead
7385,word,word_documenthead
7386,word,word_documenthead
7387,word,word_documenthead
7388,word,word_documenthead
7389,word,word_documenthead
7390,word,word_documenthead
7391,word,word_documenthead
7392,word,word_documenthead
7393,word,word_documenthead
7394,word,word_documenthead
7395,word,word_documenthead
7396,word,word_documenthead
7397,word,word_documenthead
7398,word,word_documenthead
7399,word,word_documenthead
7400,word,word_documenthead
7401,word,word_documenthead
7402,word,word_documenthead
7403,word,word_documenthead
7404,word,word_documenthead
7405,word,word_documenthead
7406,word,word_documenthead
7407,word,word_documenthead
7408,word,word_documenthead
7409,word,word_documenthead
7410,word,word_documenthead
7411,word,word_documenthead
7412,word,word_documenthead
7413,word,word_documenthead
7414,word,word_documenthead
7415,word,word_documenthead
7416,word,word_documenthead
7417,word,word_documenthead
7418,word,word_documenthead
7419,word,word_documenthead
7420,word,word_documenthead
7421,word,word_documenthead
7422,word,word_documenthead
7423,word,word_documenthead
7424,word,word_documenthead
7425,word,word_documenthead
7426,word,word_documenthead
7427,word,word_documenthead
7428,word,word_documenthead
7429,word,word_documenthead
7430,word,word_documenthead
7431,word,word_documenthead
7432,word,word_documenthead
7433,word,word_documenthead
7434,word,word_documenthead
7435,word,word_documenthead
7436,word,word_documenthead
7437,word,word_documenthead
7438,word,word_documenthead
7441,word,word_documenthead
7442,word,word_documenthead
7444,word,word_documenthead
7445,word,word_documenthead
7446,word,word_documenthead
7447,word,word_documenthead
7448,word,word_documenthead
7449,word,word_documenthead
7450,word,word_documenthead
7451,word,word_documenthead
7452,word,word_documenthead
7453,word,word_documenthead
7454,word,word_documenthead
7456,word,word_documenthead
7458,word,word_documenthead
7459,word,word_documenthead
7460,word,word_documenthead
7462,word,word_documenthead
7463,word,word_documenthead
7464,word,word_documenthead
7465,word,word_documenthead
7466,word,word_documenthead
7467,word,word_documenthead
7469,word,word_documenthead
7470,word,word_documenthead
7471,word,word_documenthead
7472,word,word_documenthead
7473,word,word_documenthead
7474,word,word_documenthead
7475,word,word_documenthead
7476,word,word_documenthead
7477,word,word_documenthead
7478,word,word_documenthead
7479,word,word_documenthead
7480,word,word_documenthead
7481,word,word_documenthead
7482,word,word_documenthead
7483,word,word_documenthead
7484,word,word_documenthead
7485,word,word_documenthead
7486,word,word_documenthead
7487,word,word_documenthead
7488,word,word_documenthead
7489,word,word_documenthead
7490,word,word_documenthead
7491,word,word_documenthead
7492,word,word_documenthead
7493,word,word_documenthead
7494,word,word_documenthead
7495,word,word_documenthead
7496,word,word_documenthead
7497,word,word_documenthead
7498,word,word_documenthead
7499,word,word_documenthead
7500,word,word_documenthead
7501,word,word_documenthead
7502,word,word_documenthead
7503,word,word_documenthead
7504,word,word_documenthead
7505,word,word_documenthead
7506,word,word_documenthead
7507,word,word_documenthead
7508,word,word_documenthead
7509,word,word_documenthead
7510,word,word_documenthead
7511,word,word_documenthead
7512,word,word_documenthead
7513,word,word_documenthead
7514,word,word_documenthead
7515,word,word_documenthead
7517,word,word_documenthead
7518,word,word_documenthead
7519,word,word_documenthead
7520,word,word_documenthead
7522,word,word_documenthead
7524,word,word_documenthead
7525,word,word_documenthead
7526,word,word_documenthead
7527,word,word_documenthead
7528,word,word_documenthead
7529,word,word_documenthead
7530,word,word_documenthead
7531,word,word_documenthead
7532,word,word_documenthead
7533,word,word_documenthead
7534,word,word_documenthead
7535,word,word_documenthead
7538,word,word_documenthead
7558,word,word_documenthead
7559,word,word_documenthead
7560,word,word_documenthead
7561,word,word_documenthead
7562,word,word_documenthead
7564,word,word_documenthead
7565,word,word_documenthead
7566,word,word_documenthead
7567,word,word_documenthead
7568,word,word_documenthead
7569,word,word_documenthead
7570,word,word_documenthead
7571,word,word_documenthead
7572,word,word_documenthead
7573,word,word_documenthead
7574,word,word_documenthead
7578,word,word_documenthead
7579,word,word_documenthead
7580,word,word_documenthead
7581,word,word_documenthead
7582,word,word_documenthead
7583,word,word_documenthead
7584,word,word_documenthead
7585,word,word_documenthead
7586,word,word_documenthead
7587,word,word_documenthead
7588,word,word_documenthead
7589,word,word_documenthead
7590,word,word_documenthead
7593,word,word_documenthead
7594,word,word_documenthead
7595,word,word_documenthead
7596,word,word_documenthead
7599,word,word_documenthead
7600,word,word_documenthead
7601,word,word_documenthead
7602,word,word_documenthead
7603,word,word_documenthead
7604,word,word_documenthead
7605,word,word_documenthead
7607,word,word_documenthead
7608,word,word_documenthead
7609,word,word_documenthead
7610,word,word_documenthead
7611,word,word_documenthead
7612,word,word_documenthead
7614,word,word_documenthead
7616,word,word_documenthead
7617,word,word_documenthead
7618,word,word_documenthead
7619,word,word_documenthead
7620,word,word_documenthead
7621,word,word_documenthead
7623,word,word_documenthead
7624,word,word_documenthead
7625,word,word_documenthead
7626,word,word_documenthead
7627,word,word_documenthead
7628,word,word_documenthead
7629,word,word_documenthead
7630,word,word_documenthead
7631,word,word_documenthead
7632,word,word_documenthead
7633,word,word_documenthead
7634,word,word_documenthead
7635,word,word_documenthead
7636,word,word_documenthead
7637,word,word_documenthead
7638,word,word_documenthead
7639,word,word_documenthead
7640,word,word_documenthead
7641,word,word_documenthead
7642,word,word_documenthead
7643,word,word_documenthead
7644,word,word_documenthead
7645,word,word_documenthead
7648,word,word_documenthead
7649,word,word_documenthead
7650,word,word_documenthead
7651,word,word_documenthead
7652,word,word_documenthead
7653,word,word_documenthead
7654,word,word_documenthead
7655,word,word_documenthead
7656,word,word_documenthead
7658,word,word_documenthead
7659,word,word_documenthead
7660,word,word_documenthead
7661,word,word_documenthead
7662,word,word_documenthead
7663,word,word_documenthead
7664,word,word_documenthead
7665,word,word_documenthead
7666,word,word_documenthead
7667,word,word_documenthead
7668,word,word_documenthead
7670,word,word_documenthead
7671,word,word_documenthead
7672,word,word_documenthead
7674,word,word_documenthead
7675,word,word_documenthead
7676,word,word_documenthead
7677,word,word_documenthead
7678,word,word_documenthead
7679,word,word_documenthead
7680,word,word_documenthead
7681,word,word_documenthead
7682,word,word_documenthead
7683,word,word_documenthead
7684,word,word_documenthead
7685,word,word_documenthead
7690,word,word_documenthead
7691,word,word_documenthead
7692,word,word_documenthead
7693,word,word_documenthead
7694,word,word_documenthead
7695,word,word_documenthead
7696,word,word_documenthead
7697,word,word_documenthead
7698,word,word_documenthead
7699,word,word_documenthead
7700,word,word_documenthead
7702,word,word_documenthead
7703,word,word_documenthead
7704,word,word_documenthead
7706,word,word_documenthead
7707,word,word_documenthead
7712,word,word_documenthead
7713,word,word_documenthead
7717,word,word_documenthead
7718,word,word_documenthead
7719,word,word_documenthead
7720,word,word_documenthead
7722,word,word_documenthead
7723,word,word_documenthead
7724,word,word_documenthead
7725,word,word_documenthead
7726,word,word_documenthead
7727,word,word_documenthead
7728,word,word_documenthead
7729,word,word_documenthead
7730,word,word_documenthead
7731,word,word_documenthead
7732,word,word_documenthead
7733,word,word_documenthead
7737,word,word_documenthead
7738,word,word_documenthead
7739,word,word_documenthead
7740,word,word_documenthead
7741,word,word_documenthead
7742,word,word_documenthead
7744,word,word_documenthead
7745,word,word_documenthead
7746,word,word_documenthead
7747,word,word_documenthead
7749,word,word_documenthead
7750,word,word_documenthead
7751,word,word_documenthead
7752,word,word_documenthead
7753,word,word_documenthead
7754,word,word_documenthead
7755,word,word_documenthead
7760,word,word_documenthead
7763,word,word_documenthead
7765,word,word_documenthead
7766,word,word_documenthead
7767,word,word_documenthead
7768,word,word_documenthead
7776,word,word_documenthead
7777,word,word_documenthead
7779,word,word_documenthead
7780,word,word_documenthead
7781,word,word_documenthead
7782,word,word_documenthead
7783,word,word_documenthead
7784,word,word_documenthead
7785,word,word_documenthead
7786,word,word_documenthead
7787,word,word_documenthead
7790,word,word_documenthead
7791,word,word_documenthead
7792,word,word_documenthead
7795,word,word_documenthead
7796,word,word_documenthead
7797,word,word_documenthead
7798,word,word_documenthead
7799,word,word_documenthead
7801,word,word_documenthead
7802,word,word_documenthead
7803,word,word_documenthead
7804,word,word_documenthead
7812,word,word_documenthead
7817,word,word_documenthead
7819,word,word_documenthead
7820,word,word_documenthead
7832,word,word_documenthead
7833,word,word_documenthead
7834,word,word_documenthead
7835,word,word_documenthead
7836,word,word_documenthead
7837,word,word_documenthead
7838,word,word_documenthead
7841,word,word_documenthead
7842,word,word_documenthead
7843,word,word_documenthead
7844,word,word_documenthead
7845,word,word_documenthead
7847,word,word_documenthead
7848,word,word_documenthead
7849,word,word_documenthead
7850,word,word_documenthead
7851,word,word_documenthead
7852,word,word_documenthead
7853,word,word_documenthead
7855,word,word_documenthead
7856,word,word_documenthead
7857,word,word_documenthead
7858,word,word_documenthead
7859,word,word_documenthead
7862,word,word_documenthead
7863,word,word_documenthead
7864,word,word_documenthead
7865,word,word_documenthead
7866,word,word_documenthead
7867,word,word_documenthead
7868,word,word_documenthead
7869,word,word_documenthead
7870,word,word_documenthead
7871,word,word_documenthead
7872,word,word_documenthead
7873,word,word_documenthead
7874,word,word_documenthead
7875,word,word_documenthead
7877,word,word_documenthead
7878,word,word_documenthead
7879,word,word_documenthead
7880,word,word_documenthead
7881,word,word_documenthead
7882,word,word_documenthead
7883,word,word_documenthead
7884,word,word_documenthead
7885,word,word_documenthead
7886,word,word_documenthead
7887,word,word_documenthead
7889,word,word_documenthead
7891,word,word_documenthead
7892,word,word_documenthead
7893,word,word_documenthead
7894,word,word_documenthead
7895,word,word_documenthead
7897,word,word_documenthead
7899,word,word_documenthead
7900,word,word_documenthead
7901,word,word_documenthead
7902,word,word_documenthead
7903,word,word_documenthead
7904,word,word_documenthead
7906,word,word_documenthead
7907,word,word_documenthead
7908,word,word_documenthead
7909,word,word_documenthead
7910,word,word_documenthead
7911,word,word_documenthead
7913,word,word_documenthead
7914,word,word_documenthead
7915,word,word_documenthead
7916,word,word_documenthead
7917,word,word_documenthead
7918,word,word_documenthead
7919,word,word_documenthead
7920,word,word_documenthead
7921,word,word_documenthead
7922,word,word_documenthead
7923,word,word_documenthead
7924,word,word_documenthead
7925,word,word_documenthead
7926,word,word_documenthead
7928,word,word_documenthead
7929,word,word_documenthead
7930,word,word_documenthead
7931,word,word_documenthead
7932,word,word_documenthead
7933,word,word_documenthead
7934,word,word_documenthead
7935,word,word_documenthead
7936,word,word_documenthead
7937,word,word_documenthead
7939,word,word_documenthead
7941,word,word_documenthead
7942,word,word_documenthead
7943,word,word_documenthead
7944,word,word_documenthead
7945,word,word_documenthead
7946,word,word_documenthead
7947,word,word_documenthead
7948,word,word_documenthead
7949,word,word_documenthead
7950,word,word_documenthead
7951,word,word_documenthead
7952,word,word_documenthead
7954,word,word_documenthead
7956,word,word_documenthead
7957,word,word_documenthead
7958,word,word_documenthead
7959,word,word_documenthead
7960,word,word_documenthead
7961,word,word_documenthead
7962,word,word_documenthead
7965,word,word_documenthead
7966,word,word_documenthead
7967,word,word_documenthead
7968,word,word_documenthead
7969,word,word_documenthead
7970,word,word_documenthead
7972,word,word_documenthead
7973,word,word_documenthead
7974,word,word_documenthead
7975,word,word_documenthead
7976,word,word_documenthead
7977,word,word_documenthead
7978,word,word_documenthead
7979,word,word_documenthead
7980,word,word_documenthead
7981,word,word_documenthead
7982,word,word_documenthead
7983,word,word_documenthead
7984,word,word_documenthead
7985,word,word_documenthead
7986,word,word_documenthead
7987,word,word_documenthead
7988,word,word_documenthead
7989,word,word_documenthead
7990,word,word_documenthead
7991,word,word_documenthead
7992,word,word_documenthead
7993,word,word_documenthead
7994,word,word_documenthead
7996,word,word_documenthead
7997,word,word_documenthead
7998,word,word_documenthead
7999,word,word_documenthead
8000,word,word_documenthead
8001,word,word_documenthead
8002,word,word_documenthead
8003,word,word_documenthead
8004,word,word_documenthead
8005,word,word_documenthead
8006,word,word_documenthead
8009,word,word_documenthead
8010,word,word_documenthead
8011,word,word_documenthead
8012,word,word_documenthead
8013,word,word_documenthead
8014,word,word_documenthead
8015,word,word_documenthead
8017,word,word_documenthead
8018,word,word_documenthead
8019,word,word_documenthead
8020,word,word_documenthead
8021,word,word_documenthead
8023,word,word_documenthead
8024,word,word_documenthead
8025,word,word_documenthead
8026,word,word_documenthead
8027,word,word_documenthead
8028,word,word_documenthead
8029,word,word_documenthead
8031,word,word_documenthead
8032,word,word_documenthead
8033,word,word_documenthead
8034,word,word_documenthead
8035,word,word_documenthead
8036,word,word_documenthead
8037,word,word_documenthead
8038,word,word_documenthead
8039,word,word_documenthead
8041,word,word_documenthead
8042,word,word_documenthead
8043,word,word_documenthead
8045,word,word_documenthead
8046,word,word_documenthead
8047,word,word_documenthead
8048,word,word_documenthead
8049,word,word_documenthead
8050,word,word_documenthead
8051,word,word_documenthead
8052,word,word_documenthead
8054,word,word_documenthead
8055,word,word_documenthead
8058,word,word_documenthead
8059,word,word_documenthead
8060,word,word_documenthead
8061,word,word_documenthead
8062,word,word_documenthead
8063,word,word_documenthead
8064,word,word_documenthead
8065,word,word_documenthead
8066,word,word_documenthead
8067,word,word_documenthead
8068,word,word_documenthead
8069,word,word_documenthead
8070,word,word_documenthead
8071,word,word_documenthead
8072,word,word_documenthead
8073,word,word_documenthead
8074,word,word_documenthead
8075,word,word_documenthead
8076,word,word_documenthead
8078,word,word_documenthead
8079,word,word_documenthead
8080,word,word_documenthead
8081,word,word_documenthead
8083,word,word_documenthead
8084,word,word_documenthead
8085,word,word_documenthead
8087,word,word_documenthead
8088,word,word_documenthead
8089,word,word_documenthead
8091,word,word_documenthead
8093,word,word_documenthead
8094,word,word_documenthead
8099,word,word_documenthead
8100,word,word_documenthead
8102,legacy,legacy_r_villkor
8103,classic,classic_brevhuvud
8104,legacy,legacy_r_villkor
8105,legacy,legacy_r_villkor
8106,classic,classic_brevhuvud
8107,legacy,legacy_r_villkor
8108,legacy,legacy_r_villkor
8109,legacy,legacy_r_villkor
8112,word,word_documenthead
8113,legacy,legacy_r_villkor
8114,legacy,legacy_r_villkor
8115,legacy,legacy_r_villkor
8116,word,word_documenthead
8117,word,word_documenthead
8119,classic,classic_brevhuvud
8120,word,word_documenthead
8121,sectioned,sectioned_early
8122,word,word_documenthead
8123,legacy,legacy_r_villkor
8125,word,word_documenthead
8129,legacy,legacy_r_villkor
8130,word,word_documenthead
8131,classic,classic_brevhuvud
8132,classic,classic_brevhuvud
8133,classic,classic_brevhuvud
8134,legacy,legacy_r_villkor
8135,classic,classic_brevhuvud
8136,legacy,legacy_r_villkor
8137,legacy,legacy_r_villkor
8138,legacy,legacy_r_villkor
8139,legacy,legacy_r_villkor
8140,legacy,legacy_r_villkor
8141,legacy,legacy_r_villkor
8142,classic,classic_brevhuvud
8143,legacy,legacy_r_villkor
8144,legacy,legacy_r_villkor
8146,word,word_documenthead
8147,legacy,legacy_r_villkor
8148,legacy,legacy_r_villkor
8149,legacy,legacy_r_villkor
8150,word,word_documenthead
8151,legacy,legacy_r_villkor
8152,word,word_documenthead
8154,legacy,legacy_r_villkor
8155,legacy,legacy_r_villkor
8157,legacy,legacy_r_villkor
8160,legacy,legacy_r_villkor
8162,legacy,legacy_r_villkor
8163,legacy,legacy_r_villkor
8164,classic,classic_brevhuvud
8165,word,word_documenthead
8166,word,word_documenthead
8168,word,word_documenthead
8170,legacy,legacy_r_villkor
8171,legacy,legacy_r_villkor
8173,legacy,legacy_r_villkor
8174,legacy,legacy_r_villkor
8175,word,word_documenthead
8176,word,word_documenthead
8177,word,word_documenthead
8179,word,word_documenthead
8180,word,word_documenthead
8182,sectioned,sectioned_early
8183,legacy,legacy_r_villkor
8184,word,word_documenthead
8185,legacy,legacy_r_villkor
8186,legacy,legacy_r_villkor
8187,legacy,legacy_r_villkor
8188,classic,classic_brevhuvud
8189,classic,classic_brevhuvud
8190,legacy,legacy_r_villkor
8191,legacy,legacy_r_villkor
8192,classic,classic_brevhuvud
8193,legacy,legacy_r_villkor
8194,legacy,legacy_r_villkor
8195,legacy,legacy_r_villkor
8196,legacy,legacy_r_villkor
8197,legacy,legacy_r_villkor
8198,legacy,legacy_r_villkor
8199,legacy,legacy_r_villkor
8200,legacy,legacy_r_villkor
8201,legacy,legacy_r_villkor
8202,legacy,legacy_r_villkor
8203,classic,classic_brevhuvud
8204,legacy,legacy_r_villkor
8205,word,word_documenthead
8206,legacy,legacy_r_villkor
8207,legacy,legacy_r_villkor
8208,word,word_documenthead
8210,legacy,legacy_r_villkor
8211,word,word_documenthead
8212,legacy,legacy_r_villkor
8213,classic,classic_brevhuvud
8218,legacy,legacy_r_villkor
8219,word,word_documenthead
8220,legacy,legacy_r_villkor
8221,legacy,legacy_r_villkor
8222,sectioned,sectioned_early
8223,legacy,legacy_r_villkor
8224,legacy,legacy_r_villkor
8225,legacy,legacy_r_villkor
8226,legacy,legacy_r_villkor
8227,legacy,legacy_r_villkor
8228,legacy,legacy_r_villkor
8229,legacy,legacy_r_villkor
8230,classic,classic_brevhuvud
8231,legacy,legacy_r_villkor
8232,classic,classic_brevhuvud
8233,legacy,legacy_r_villkor
8234,legacy,legacy_r_villkor
8235,classic,classic_brevhuvud
8236,classic,classic_brevhuvud
8237,legacy,legacy_r_villkor
8238,word,word_documenthead
8239,word,word_documenthead
8242,word,word_documenthead
8244,word,word_documenthead
8245,legacy,legacy_r_villkor
8246,classic,classic_brevhuvud
8247,legacy,legacy_r_villkor
8248,legacy,legacy_r_villkor
8249,legacy,legacy_r_villkor
8250,legacy,legacy_r_villkor
8251,classic,classic_brevhuvud
8252,classic,classic_brevhuvud
8253,legacy,legacy_r_villkor
8254,legacy,legacy_r_villkor
8255,legacy,legacy_r_villkor
8256,sectioned,sectioned_early
8257,sectioned,sectioned_early
8260,legacy,legacy_r_villkor
8261,sectioned,sectioned_early
8262,sectioned,sectioned_early
8263,legacy,legacy_r_villkor
8264,classic,classic_brevhuvud
8265,legacy,legacy_r_villkor
8266,legacy,legacy_r_villkor
8267,legacy,legacy_r_villkor
8268,classic,classic_brevhuvud
8269,legacy,legacy_r_villkor
8270,classic,classic_brevhuvud
8271,legacy,legacy_r_villkor
8272,legacy,legacy_r_villkor
8273,word,word_documenthead
8274,word,word_documenthead
8275,legacy,legacy_r_villkor
8276,classic,classic_brevhuvud
8277,legacy,legacy_r_villkor
8278,word,word_documenthead
8279,word,word_documenthead
8280,legacy,legacy_r_villkor
8281,legacy,legacy_r_villkor
8282,word,word_documenthead
8283,legacy,legacy_r_villkor
8284,legacy,legacy_r_villkor
8285,legacy,legacy_r_villkor
8286,legacy,legacy_r_villkor
8287,legacy,legacy_r_villkor
8288,classic,classic_brevhuvud
8289,classic,classic_brevhuvud
8290,sectioned,sectioned_early
8291,classic,classic_brevhuvud
8292,legacy,legacy_r_villkor
8293,legacy,legacy_r_villkor
8294,word,word_documenthead
8295,word,word_documenthead
8296,legacy,legacy_r_villkor
8298,legacy,legacy_r_villkor
8299,word,word_documenthead
8300,legacy,legacy_r_villkor
8301,legacy,legacy_r_villkor
8302,word,word_documenthead
8303,legacy,legacy_r_villkor
8305,word,word_documenthead
8306,word,word_documenthead
8307,legacy,legacy_r_villkor
8308,sectioned,sectioned_early
8309,legacy,legacy_r_villkor
8310,legacy,legacy_r_villkor
8311,sectioned,sectioned_early
8312,legacy,legacy_r_villkor
8313,legacy,legacy_r_villkor
8314,sectioned,sectioned_early
8315,legacy,legacy_r_villkor
8316,word,word_documenthead
8317,legacy,legacy_r_villkor
8318,word,word_documenthead
8319,legacy,legacy_r_villkor
8320,legacy,legacy_r_villkor
8321,legacy,legacy_r_villkor
8322,legacy,legacy_r_villkor
8323,classic,classic_brevhuvud
8324,word,word_documenthead
8325,legacy,legacy_r_villkor
8326,classic,classic_brevhuvud
8327,legacy,legacy_r_villkor
8328,legacy,legacy_r_villkor
8329,legacy,legacy_r_villkor
8330,word,word_documenthead
8331,legacy,legacy_r_villkor
8332,word,word_documenthead
8333,legacy,legacy_r_villkor
8334,classic,classic_brevhuvud
8336,legacy,legacy_r_villkor
8337,word,word_documenthead
8338,word,word_documenthead
8340,legacy,legacy_r_villkor
8341,word,word_documenthead
8342,word,word_documenthead
8343,word,word_documenthead
8344,word,word_documenthead
8345,word,word_documenthead
8346,word,word_documenthead
8347,legacy,legacy_r_villkor
8348,word,word_documenthead
8349,word,word_documenthead
8350,word,word_documenthead
8351,legacy,legacy_r_villkor
8352,word,word_documenthead
8353,legacy,legacy_r_villkor
8354,legacy,legacy_r_villkor
8356,legacy,legacy_r_villkor
8358,legacy,legacy_r_villkor
8359,legacy,legacy_r_villkor
8360,legacy,legacy_r_villkor
8361,classic,classic_brevhuvud
8364,word,word_documenthead
8365,word,word_documenthead
8366,word,word_documenthead
8367,legacy,legacy_r_villkor
8368,word,word_documenthead
8369,word,word_documenthead
8371,word,word_documenthead
8372,word,word_documenthead
8374,legacy,legacy_r_villkor
8375,word,word_documenthead
8377,classic,classic_brevhuvud
8378,legacy,legacy_r_villkor
8379,legacy,legacy_r_villkor
8380,legacy,legacy_r_villkor
8381,classic,classic_brevhuvud
8382,legacy,legacy_r_villkor
8383,legacy,legacy_r_villkor
8384,word,word_documenthead
8387,word,word_documenthead
8388,word,word_documenthead
8389,classic,classic_brevhuvud
8390,word,word_documenthead
8391,word,word_documenthead
8392,word,word_documenthead
8393,classic,classic_brevhuvud
8394,legacy,legacy_r_villkor
8395,word,word_documenthead
8396,legacy,legacy_r_villkor
8397,word,word_documenthead
8398,legacy,legacy_r_villkor
8399,word,word_documenthead
8400,legacy,legacy_r_villkor
8404,word,word_documenthead
8405,word,word_documenthead
8409,word,word_documenthead
8410,classic,classic_brevhuvud
8411,legacy,legacy_r_villkor
8412,word,word_documenthead
8413,word,word_documenthead
8414,legacy,legacy_r_villkor
8415,legacy,legacy_r_villkor
8416,legacy,legacy_r_villkor
8417,legacy,legacy_r_villkor
8418,legacy,legacy_r_villkor
8419,word,word_documenthead
8420,legacy,legacy_r_villkor
8422,word,word_documenthead
8423,word,word_documenthead
8424,word,word_documenthead
8425,legacy,legacy_r_villkor
8426,word,word_documenthead
8427,legacy,legacy_r_villkor
8428,word,word_documenthead
8429,word,word_documenthead
8430,legacy,legacy_r_villkor
8431,word,word_documenthead
8432,word,word_documenthead
8434,legacy,legacy_r_villkor
8435,legacy,legacy_r_villkor
8436,word,word_documenthead
8437,classic,classic_brevhuvud
8438,word,word_documenthead
8439,classic,classic_brevhuvud
8440,word,word_documenthead
8441,word,word_documenthead
8443,word,word_documenthead
8444,word,word_documenthead
8445,word,word_documenthead
8446,word,word_documenthead
8447,word,word_documenthead
8448,word,word_documenthead
8450,word,word_documenthead
8451,word,word_documenthead
8452,word,word_documenthead
8453,word,word_documenthead
8454,legacy,legacy_r_villkor
8455,legacy,legacy_r_villkor
8456,classic,classic_brevhuvud
8457,classic,classic_brevhuvud
8458,classic,classic_brevhuvud
8459,legacy,legacy_r_villkor
8460,legacy,legacy_r_villkor
8461,legacy,legacy_r_villkor
8462,legacy,legacy_r_villkor
8463,word,word_documenthead
8464,legacy,legacy_r_villkor
8465,word,word_documenthead
8466,word,word_documenthead
8467,word,word_documenthead
8468,sectioned,sectioned_early
8469,word,word_documenthead
8470,word,word_documenthead
8471,word,word_documenthead
8472,word,word_documenthead
8473,classic,classic_brevhuvud
8474,word,word_documenthead
8475,word,word_documenthead
8477,word,word_documenthead
8478,word,word_documenthead
8479,word,word_documenthead
8481,word,word_documenthead
8482,word,word_documenthead
8483,word,word_documenthead
8484,word,word_documenthead
8485,word,word_documenthead
8487,word,word_documenthead
8488,word,word_documenthead
8489,word,word_documenthead
8490,word,word_documenthead
8491,word,word_documenthead
8492,word,word_documenthead
8493,word,word_documenthead
8494,word,word_documenthead
8495,word,word_documenthead
8496,word,word_documenthead
8498,word,word_documenthead
8499,word,word_documenthead
8500,legacy,legacy_r_villkor
8501,legacy,legacy_r_villkor
8502,legacy,legacy_r_villkor
8504,classic,classic_brevhuvud
8506,word,word_documenthead
8507,legacy,legacy_r_villkor
8508,word,word_documenthead
8509,legacy,legacy_r_villkor
8510,classic,classic_brevhuvud
8511,word,word_documenthead
8512,word,word_documenthead
8513,word,word_documenthead
8514,word,word_documenthead
8515,classic,classic_brevhuvud
8516,legacy,legacy_r_villkor
8517,word,word_documenthead
8519,classic,classic_brevhuvud
8520,word,word_documenthead
8521,word,word_documenthead
8522,legacy,legacy_r_villkor
8523,word,word_documenthead
8524,word,word_documenthead
8525,word,word_documenthead
8526,word,word_documenthead
8527,word,word_documenthead
8528,classic,classic_brevhuvud
8529,sectioned,sectioned_early
8530,classic,classic_brevhuvud
8532,classic,classic_brevhuvud
8533,classic,classic_brevhuvud
8534,classic,classic_brevhuvud
8535,legacy,legacy_r_villkor
8536,legacy,legacy_r_villkor
8537,word,word_documenthead
8538,word,word_documenthead
8539,word,word_documenthead
8540,word,word_documenthead
8541,legacy,legacy_r_villkor
8542,word,word_documenthead
8543,word,word_documenthead
8544,legacy,legacy_r_villkor
8545,word,word_documenthead
8547,word,word_documenthead
8548,word,word_documenthead
8549,word,word_documenthead
8550,legacy,legacy_r_villkor
8551,word,word_documenthead
8553,word,word_documenthead
8554,classic,classic_brevhuvud
8555,classic,classic_brevhuvud
8557,legacy,legacy_r_villkor
8558,word,word_documenthead
8559,legacy,legacy_r_villkor
8560,word,word_documenthead
8561,legacy,legacy_r_villkor
8563,word,word_documenthead
8564,legacy,legacy_r_villkor
8565,word,word_documenthead
8566,legacy,legacy_r_villkor
8567,word,word_documenthead
8568,word,word_documenthead
8569,word,word_documenthead
8570,word,word_documenthead
8571,word,word_documenthead
8572,word,word_documenthead
8573,word,word_documenthead
8574,word,word_documenthead
8575,word,word_documenthead
8576,legacy,legacy_r_villkor
8577,legacy,legacy_r_villkor
8578,word,word_documenthead
8579,word,word_documenthead
8580,word,word_documenthead
8581,word,word_documenthead
8582,word,word_documenthead
8583,word,word_documenthead
8584,word,word_documenthead
8585,word,word_documenthead
8586,word,word_documenthead
8587,word,word_documenthead
8588,word,word_documenthead
8590,word,word_documenthead
8591,word,word_documenthead
8592,word,word_documenthead
8593,word,word_documenthead
8594,legacy,legacy_r_villkor
8595,word,word_documenthead
8596,word,word_documenthead
8597,word,word_documenthead
8598,word,word_documenthead
8599,word,word_documenthead
8600,word,word_documenthead
8601,word,word_documenthead
8602,word,word_documenthead
8603,word,word_documenthead
8604,word,word_documenthead
8605,word,word_documenthead
8606,word,word_documenthead
8607,word,word_documenthead
8608,word,word_documenthead
8609,word,word_documenthead
8610,word,word_documenthead
8612,word,word_documenthead
8613,word,word_documenthead
8614,word,word_documenthead
8615,legacy,legacy_r_villkor
8616,word,word_documenthead
8617,legacy,legacy_r_villkor
8618,legacy,legacy_r_villkor
8619,word,word_documenthead
8620,word,word_documenthead
8621,word,word_documenthead
8622,word,word_documenthead
8623,word,word_documenthead
8624,word,word_documenthead
8625,legacy,legacy_r_villkor
8626,legacy,legacy_r_villkor
8627,word,word_documenthead
8628,word,word_documenthead
8632,word,word_documenthead
8633,word,word_documenthead
8635,legacy,legacy_r_villkor
8636,word,word_documenthead
8637,sectioned,sectioned_early
8638,classic,classic_brevhuvud
8639,classic,classic_brevhuvud
8640,word,word_documenthead
8641,word,word_documenthead
8644,word,word_documenthead
8645,word,word_documenthead
8646,word,word_documenthead
8647,word,word_documenthead
8648,word,word_documenthead
8649,word,word_documenthead
8650,word,word_documenthead
8651,word,word_documenthead
8652,word,word_documenthead
8653,word,word_documenthead
8654,word,word_documenthead
8655,word,word_documenthead
8658,legacy,legacy_r_villkor
8659,legacy,legacy_r_villkor
8660,legacy,legacy_r_villkor
8662,classic,classic_brevhuvud
8663,legacy,legacy_r_villkor
8664,legacy,legacy_r_villkor
8665,legacy,legacy_r_villkor
8666,legacy,legacy_r_villkor
8667,classic,classic_brevhuvud
8668,word,word_documenthead
8669,legacy,legacy_r_villkor
8670,legacy,legacy_r_villkor
8671,word,word_documenthead
8672,legacy,legacy_r_villkor
8673,word,word_documenthead
8674,word,word_documenthead
8675,legacy,legacy_r_villkor
8676,legacy,legacy_r_villkor
8677,word,word_documenthead
8678,classic,classic_brevhuvud
8679,legacy,legacy_r_villkor
8680,word,word_documenthead
8681,legacy,legacy_r_villkor
8682,word,word_documenthead
8704,word,word_documenthead
8706,classic,classic_brevhuvud
8708,sectioned,sectioned_early
8711,legacy,legacy_r_villkor
8714,legacy,legacy_r_villkor
8715,word,word_documenthead
8716,word,word_documenthead
8717,word,word_documenthead
8719,sectioned,sectioned_early
8720,word,word_documenthead
8721,word,word_documenthead
8722,legacy,legacy_r_villkor
8723,word,word_documenthead
8725,word,word_documenthead
8726,word,word_documenthead
8727,word,word_documenthead
8728,classic,classic_brevhuvud
8729,word,word_documenthead
8730,word,word_documenthead
8731,legacy,legacy_r_villkor
8732,word,word_documenthead
8734,legacy,legacy_r_villkor
8737,word,word_documenthead
8738,word,word_documenthead
8739,word,word_documenthead
8740,legacy,legacy_r_villkor
8744,word,word_documenthead
8745,legacy,legacy_r_villkor
8747,legacy,legacy_r_villkor
8748,word,word_documenthead
8749,word,word_documenthead
8750,word,word_documenthead
8751,word,word_documenthead
8752,word,word_documenthead
8753,classic,classic_brevhuvud
8754,word,word_documenthead
8757,word,word_documenthead
8758,word,word_documenthead
8759,word,word_documenthead
8760,word,word_documenthead
8761,word,word_documenthead
8762,word,word_documenthead
8763,word,word_documenthead
8764,word,word_documenthead
8765,legacy,legacy_r_villkor
8766,word,word_documenthead
8767,word,word_documenthead
8768,word,word_documenthead
8769,legacy,legacy_r_villkor
8770,legacy,legacy_r_villkor
8772,word,word_documenthead
8773,word,word_documenthead
8774,legacy,legacy_r_villkor
8776,legacy,legacy_r_villkor
8777,word,word_documenthead
8778,word,word_documenthead
8779,word,word_documenthead
8780,word,word_documenthead
8781,word,word_documenthead
8782,word,word_documenthead
8783,word,word_documenthead
8784,word,word_documenthead
8785,word,word_documenthead
8786,word,word_documenthead
8790,word,word_documenthead
8791,word,word_documenthead
8792,word,word_documenthead
8793,word,word_documenthead
8794,word,word_documenthead
8795,word,word_documenthead
8796,word,word_documenthead
8798,word,word_documenthead
8799,word,word_documenthead
8800,word,word_documenthead
8802,word,word_documenthead
8806,word,word_documenthead
8817,legacy,legacy_r_villkor
8818,word,word_documenthead
8819,word,word_documenthead
8843,word,word_documenthead
8844,sectioned,sectioned_early
8847,word,word_documenthead
8848,word,word_documenthead
8849,word,word_documenthead
8850,word,word_documenthead
8857,sectioned,sectioned_early
8859,word,word_documenthead
8860,word,word_documenthead
8861,sectioned,sectioned_early
8862,sectioned,sectioned_early
8863,sectioned,sectioned_early
8864,word,word_documenthead
8865,sectioned,sectioned_early
8867,word,word_documenthead
8868,word,word_documenthead
8869,sectioned,sectioned_early
8871,sectioned,sectioned_early
8872,sectioned,sectioned_early
8873,sectioned,sectioned_early
8874,sectioned,sectioned_early
8876,sectioned,sectioned_early
8877,sectioned,sectioned_early
8878,sectioned,sectioned_early
8883,word,word_documenthead
8884,sectioned,sectioned_early
8886,sectioned,sectioned_early
8888,sectioned,sectioned_early
8889,word,word_documenthead
8890,sectioned,sectioned_early
8891,sectioned,sectioned_early
8892,word,word_documenthead
8893,word,word_documenthead
8894,sectioned,sectioned_early
8895,sectioned,sectioned_early
8896,sectioned,sectioned_early
8897,sectioned,sectioned_early
8898,sectioned,sectioned_early
8899,word,word_documenthead
8900,sectioned,sectioned_early
8901,sectioned,sectioned_early
8904,sectioned,sectioned_early
8905,sectioned,sectioned_early
8906,sectioned,sectioned_early
8907,sectioned,sectioned_early
8908,sectioned,sectioned_early
8910,sectioned,sectioned_early
8911,sectioned,sectioned_early
8912,sectioned,sectioned_early
8913,sectioned,sectioned_early
8914,sectioned,sectioned_early
8915,sectioned,sectioned_early
8916,sectioned,sectioned_early
8917,sectioned,sectioned_early
8918,sectioned,sectioned_early
8919,sectioned,sectioned_early
8922,sectioned,sectioned_early
8923,sectioned,sectioned_early
8924,sectioned,sectioned_early
8926,sectioned,sectioned_early
8928,sectioned,sectioned_early
8930,sectioned,sectioned_early
8931,sectioned,sectioned_early
8932,sectioned,sectioned_early
8933,sectioned,sectioned_early
8934,sectioned,sectioned_early
8936,sectioned,sectioned_early
8937,sectioned,sectioned_early
8938,sectioned,sectioned_early
8940,sectioned,sectioned_early
8941,sectioned,sectioned_early
8942,sectioned,sectioned_early
8943,sectioned,sectioned_early
8944,sectioned,sectioned_early
8945,sectioned,sectioned_early
8946,sectioned,sectioned_early
8947,sectioned,sectioned_early
8948,sectioned,sectioned_early
8949,sectioned,sectioned_early
8950,sectioned,sectioned_early
8951,sectioned,sectioned_early
8952,sectioned,sectioned_early
8953,sectioned,sectioned_early
8954,sectioned,sectioned_early
8955,sectioned,sectioned_early
8956,sectioned,sectioned_early
8957,sectioned,sectioned_early
8959,sectioned,sectioned_early
8961,sectioned,sectioned_early
8962,sectioned,sectioned_early
8963,sectioned,sectioned_early
8964,sectioned,sectioned_early
8965,sectioned,sectioned_early
8966,sectioned,sectioned_early
8967,sectioned,sectioned_early
8968,sectioned,sectioned_early
8969,sectioned,sectioned_early
8970,sectioned,sectioned_early
8971,sectioned,sectioned_early
8972,sectioned,sectioned_early
8973,sectioned,sectioned_early
8974,sectioned,sectioned_early
8975,sectioned,sectioned_early
8976,sectioned,sectioned_early
8977,sectioned,sectioned_early
8978,sectioned,sectioned_early
8979,sectioned,sectioned_early
8980,sectioned,sectioned_early
8981,sectioned,sectioned_early
8982,sectioned,sectioned_early
8983,sectioned,sectioned_early
8984,sectioned,sectioned_early
8985,sectioned,sectioned_early
8986,sectioned,sectioned_early
8987,sectioned,sectioned_early
8988,sectioned,sectioned_early
8990,sectioned,sectioned_early
8991,sectioned,sectioned_early
8992,sectioned,sectioned_early
8993,sectioned,sectioned_early
8994,sectioned,sectioned_early
8995,sectioned,sectioned_early
8997,sectioned,sectioned_early
8998,sectioned,sectioned_early
8999,sectioned,sectioned_early
9000,sectioned,sectioned_early
9001,sectioned,sectioned_early
9002,sectioned,sectioned_early
9003,sectioned,sectioned_early
9004,sectioned,sectioned_early
9005,sectioned,sectioned_early
9006,sectioned,sectioned_early
9007,sectioned,sectioned_early
9008,sectioned,sectioned_early
9009,sectioned,sectioned_early
9010,sectioned,sectioned_early
9014,sectioned,sectioned_early
9016,sectioned,sectioned_early
9017,sectioned,sectioned_early
9018,sectioned,sectioned_early
9019,sectioned,sectioned_early
9020,sectioned,sectioned_early
9021,sectioned,sectioned_early
9022,sectioned,sectioned_early
9023,sectioned,sectioned_early
9024,sectioned,sectioned_early
9025,sectioned,sectioned_early
9026,sectioned,sectioned_early
9027,sectioned,sectioned_early
9028,sectioned,sectioned_early
9029,sectioned,sectioned_early
9030,sectioned,sectioned_early
9031,sectioned,sectioned_early
9033,sectioned,sectioned_early
9034,sectioned,sectioned_early
9035,sectioned,sectioned_early
9036,sectioned,sectioned_early
9037,sectioned,sectioned_early
9038,sectioned,sectioned_early
9039,sectioned,sectioned_early
9040,sectioned,sectioned_early
9041,sectioned,sectioned_early
9042,sectioned,sectioned_early
9043,sectioned,sectioned_early
9044,sectioned,sectioned_early
9045,sectioned,sectioned_early
9046,sectioned,sectioned_early
9047,sectioned,sectioned_early
9048,sectioned,sectioned_early
9049,sectioned,sectioned_early
9052,sectioned,sectioned_early
9053,sectioned,sectioned_early
9055,sectioned,sectioned_early
9058,sectioned,sectioned_early
9060,sectioned,sectioned_early
9061,sectioned,sectioned_early
9063,sectioned,sectioned_early
9066,sectioned,sectioned_early
9067,sectioned,sectioned_early
9068,sectioned,sectioned_early
9070,sectioned,sectioned_early
9071,sectioned,sectioned_early
9072,sectioned,sectioned_early
9074,sectioned,sectioned_early
9075,sectioned,sectioned_early
9076,sectioned,sectioned_early
9079,sectioned,sectioned_early
9081,sectioned,sectioned_early
9083,sectioned,sectioned_early
9084,sectioned,sectioned_early
9086,sectioned,sectioned_early
9105,sectioned,sectioned_early
9107,sectioned,sectioned_early
9109,sectioned,sectioned_early
9110,sectioned,sectioned_early
9111,sectioned,sectioned_early
9112,sectioned,sectioned_early
9113,sectioned,sectioned_early
9116,sectioned,sectioned_early
9118,sectioned,sectioned_early
9120,sectioned,sectioned_early
9123,sectioned,sectioned_early
9124,sectioned,sectioned_early
9125,sectioned,sectioned_early
9126,sectioned,sectioned_early
9127,sectioned,sectioned_early
9128,sectioned,sectioned_early
9129,sectioned,sectioned_early
9131,sectioned,sectioned_early
9132,sectioned,sectioned_early
9133,sectioned,sectioned_early
9134,sectioned,sectioned_early
9135,sectioned,sectioned_early
9136,sectioned,sectioned_early
9137,sectioned,sectioned_early
9138,sectioned,sectioned_early
9140,sectioned,sectioned_early
9141,sectioned,sectioned_early
9142,sectioned,sectioned_early
9143,sectioned,sectioned_early
9144,sectioned,sectioned_early
9145,sectioned,sectioned_early
9146,sectioned,sectioned_early
9147,sectioned,sectioned_early
9149,sectioned,sectioned_early
9150,sectioned,sectioned_early
9151,sectioned,sectioned_early
9155,sectioned,sectioned_early
9156,sectioned,sectioned_early
9157,sectioned,sectioned_early
9159,sectioned,sectioned_early
9160,sectioned,sectioned_early
9161,sectioned,sectioned_early
9162,sectioned,sectioned_early
9165,sectioned,sectioned_early
9166,sectioned,sectioned_early
9167,sectioned,sectioned_early
9169,sectioned,sectioned_early
9172,sectioned,sectioned_early
9173,sectioned,sectioned_early
9176,sectioned,sectioned_early
9177,sectioned,sectioned_early
9178,sectioned,sectioned_early
9179,sectioned,sectioned_early
9180,sectioned,sectioned_early
9181,sectioned,sectioned_early
9182,sectioned,sectioned_early
9183,sectioned,sectioned_early
9184,sectioned,sectioned_early
9185,sectioned,sectioned_early
9186,sectioned,sectioned_early
9187,sectioned,sectioned_early
9192,sectioned,sectioned_early
9193,sectioned,sectioned_early
9194,sectioned,sectioned_early
9195,sectioned,sectioned_early
9196,sectioned,sectioned_early
9197,sectioned,sectioned_early
9199,sectioned,sectioned_early
9200,sectioned,sectioned_early
9201,sectioned,sectioned_early
9202,sectioned,sectioned_early
9203,sectioned,sectioned_early
9204,sectioned,sectioned_early
9205,sectioned,sectioned_early
9206,sectioned,sectioned_early
9207,sectioned,sectioned_early
9208,sectioned,sectioned_early
9209,sectioned,sectioned_early
9210,sectioned,sectioned_early
9211,sectioned,sectioned_early
9212,sectioned,sectioned_early
9213,sectioned,sectioned_early
9214,sectioned,sectioned_early
9215,sectioned,sectioned_early
9217,sectioned,sectioned_early
9218,sectioned,sectioned_early
9219,sectioned,sectioned_early
9220,sectioned,sectioned_early
9221,sectioned,sectioned_early
9222,sectioned,sectioned_early
9223,sectioned,sectioned_early
9224,sectioned,sectioned_early
9225,sectioned,sectioned_early
9227,sectioned,sectioned_early
9228,sectioned,sectioned_early
9229,sectioned,sectioned_early
9230,sectioned,sectioned_early
9231,sectioned,sectioned_early
9232,sectioned,sectioned_early
9233,sectioned,sectioned_early
9234,sectioned,sectioned_early
9235,sectioned,sectioned_early
9236,sectioned,sectioned_early
9237,sectioned,sectioned_early
9239,sectioned,sectioned_early
9241,sectioned,sectioned_early
9243,sectioned,sectioned_early
9244,sectioned,sectioned_early
9246,sectioned,sectioned_early
9247,sectioned,sectioned_early
9248,sectioned,sectioned_early
9250,sectioned,sectioned_early
9251,sectioned,sectioned_early
9252,sectioned,sectioned_early
9253,sectioned,sectioned_early
9254,sectioned,sectioned_early
9255,sectioned,sectioned_early
9256,sectioned,sectioned_early
9257,sectioned,sectioned_early
9259,sectioned,sectioned_early
9260,sectioned,sectioned_early
9261,sectioned,sectioned_early
9262,sectioned,sectioned_early
9263,sectioned,sectioned_early
9264,sectioned,sectioned_early
9265,sectioned,sectioned_early
9266,sectioned,sectioned_early
9267,sectioned,sectioned_early
9268,sectioned,sectioned_early
9269,sectioned,sectioned_early
9270,sectioned,sectioned_early
9271,sectioned,sectioned_early
9273,sectioned,sectioned_early
9275,sectioned,sectioned_early
9276,sectioned,sectioned_early
9277,sectioned,sectioned_early
9278,sectioned,sectioned_early
9279,sectioned,sectioned_early
9281,sectioned,sectioned_early
9283,sectioned,sectioned_early
9284,sectioned,sectioned_early
9285,sectioned,sectioned_early
9286,sectioned,sectioned_early
9287,sectioned,sectioned_early
9288,sectioned,sectioned_early
9289,sectioned,sectioned_early
9291,sectioned,sectioned_early
9293,sectioned,sectioned_early
9294,sectioned,sectioned_early
9295,sectioned,sectioned_early
9296,sectioned,sectioned_early
9297,sectioned,sectioned_early
9298,sectioned,sectioned_early
9299,sectioned,sectioned_early
9300,sectioned,sectioned_early
9301,sectioned,sectioned_early
9302,sectioned,sectioned_early
9303,sectioned,sectioned_early
9304,sectioned,sectioned_early
9305,sectioned,sectioned_early
9306,sectioned,sectioned_early
9307,sectioned,sectioned_early
9308,sectioned,sectioned_early
9309,sectioned,sectioned_early
9310,sectioned,sectioned_early
9311,sectioned,sectioned_early
9312,sectioned,sectioned_early
9313,sectioned,sectioned_early
9314,sectioned,sectioned_early
9315,sectioned,sectioned_early
9316,sectioned,sectioned_early
9317,sectioned,sectioned_early
9318,sectioned,sectioned_early
9319,sectioned,sectioned_early
9320,sectioned,sectioned_early
9321,sectioned,sectioned_early
9322,sectioned,sectioned_early
9323,sectioned,sectioned_early
9324,sectioned,sectioned_early
9325,sectioned,sectioned_early
9326,sectioned,sectioned_early
9327,sectioned,sectioned_early
9328,sectioned,sectioned_early
9330,sectioned,sectioned_early
9331,sectioned,sectioned_early
9332,sectioned,sectioned_early
9333,sectioned,sectioned_early
9335,sectioned,sectioned_early
9336,sectioned,sectioned_early
9337,sectioned,sectioned_early
9338,sectioned,sectioned_early
9339,sectioned,sectioned_early
9340,sectioned,sectioned_early
9342,sectioned,sectioned_early
9343,sectioned,sectioned_early
9344,sectioned,sectioned_early
9345,sectioned,sectioned_early
9346,sectioned,sectioned_early
9347,sectioned,sectioned_early
9348,sectioned,sectioned_early
9349,sectioned,sectioned_early
9350,sectioned,sectioned_early
9351,sectioned,sectioned_early
9352,sectioned,sectioned_early
9353,sectioned,sectioned_early
9354,sectioned,sectioned_early
9355,sectioned,sectioned_early
9356,sectioned,sectioned_early
9357,sectioned,sectioned_early
9358,sectioned,sectioned_early
9359,sectioned,sectioned_early
9360,sectioned,sectioned_early
9362,sectioned,sectioned_early
9363,sectioned,sectioned_early
9364,sectioned,sectioned_early
9365,sectioned,sectioned_early
9366,sectioned,sectioned_early
9367,sectioned,sectioned_early
9368,sectioned,sectioned_early
9369,sectioned,sectioned_early
9370,sectioned,sectioned_early
9371,sectioned,sectioned_early
9372,sectioned,sectioned_early
9373,sectioned,sectioned_early
9374,sectioned,sectioned_early
9375,sectioned,sectioned_early
9376,sectioned,sectioned_early
9377,sectioned,sectioned_early
9378,sectioned,sectioned_early
9379,sectioned,sectioned_early
9381,sectioned,sectioned_early
9382,sectioned,sectioned_early
9384,sectioned,sectioned_early
9385,sectioned,sectioned_early
9386,sectioned,sectioned_early
9387,sectioned,sectioned_early
9388,sectioned,sectioned_early
9389,sectioned,sectioned_early
9390,sectioned,sectioned_early
9391,sectioned,sectioned_early
9392,sectioned,sectioned_early
9393,sectioned,sectioned_early
9394,sectioned,sectioned_early
9395,sectioned,sectioned_early
9396,sectioned,sectioned_early
9397,sectioned,sectioned_early
9398,sectioned,sectioned_early
9399,sectioned,sectioned_early
9400,sectioned,sectioned_early
9401,sectioned,sectioned_early
9402,sectioned,sectioned_early
9403,sectioned,sectioned_early
9404,sectioned,sectioned_early
9405,sectioned,sectioned_early
9406,sectioned,sectioned_early
9407,sectioned,sectioned_early
9408,sectioned,sectioned_early
9409,sectioned,sectioned_early
9411,sectioned,sectioned_early
9412,sectioned,sectioned_early
9413,sectioned,sectioned_early
9414,sectioned,sectioned_early
9416,sectioned,sectioned_early
9417,sectioned,sectioned_early
9418,sectioned,sectioned_early
9419,sectioned,sectioned_early
9420,sectioned,sectioned_early
9421,sectioned,sectioned_early
9422,sectioned,sectioned_early
9423,sectioned,sectioned_early
9424,sectioned,sectioned_early
9425,sectioned,sectioned_early
9426,sectioned,sectioned_early
9428,sectioned,sectioned_early
9429,sectioned,sectioned_early
9430,sectioned,sectioned_early
9431,sectioned,sectioned_early
9432,sectioned,sectioned_early
9434,sectioned,sectioned_early
9435,sectioned,sectioned_early
9437,sectioned,sectioned_early
9438,sectioned,sectioned_early
9439,sectioned,sectioned_early
9440,sectioned,sectioned_early
9441,sectioned,sectioned_early
9442,sectioned,sectioned_early
9443,sectioned,sectioned_early
9444,sectioned,sectioned_early
9445,sectioned,sectioned_early
9447,sectioned,sectioned_early
9448,sectioned,sectioned_early
9449,sectioned,sectioned_early
9450,sectioned,sectioned_early
9452,sectioned,sectioned_early
9453,sectioned,sectioned_early
9456,sectioned,sectioned_early
9457,sectioned,sectioned_early
9458,sectioned,sectioned_early
9460,sectioned,sectioned_early
9461,sectioned,sectioned_early
9462,sectioned,sectioned_early
9464,sectioned,sectioned_early
9465,sectioned,sectioned_early
9466,sectioned,sectioned_early
9467,sectioned,sectioned_early
9468,sectioned,sectioned_early
9469,sectioned,sectioned_early
9470,sectioned,sectioned_early
9471,sectioned,sectioned_early
9480,sectioned,sectioned_early
9481,sectioned,sectioned_early
9482,sectioned,sectioned_early
9484,sectioned,sectioned_early
9485,sectioned,sectioned_early
9486,sectioned,sectioned_early
9488,sectioned,sectioned_early
9489,sectioned,sectioned_early
9490,sectioned,sectioned_early
9491,sectioned,sectioned_early
9492,sectioned,sectioned_early
9493,sectioned,sectioned_early
9494,sectioned,sectioned_early
9495,sectioned,sectioned_early
9496,sectioned,sectioned_early
9497,sectioned,sectioned_early
9498,sectioned,sectioned_early
9499,sectioned,sectioned_early
9500,sectioned,sectioned_early
9501,sectioned,sectioned_early
9502,sectioned,sectioned_early
9503,sectioned,sectioned_early
9504,sectioned,sectioned_early
9505,sectioned,sectioned_early
9506,sectioned,sectioned_early
9507,sectioned,sectioned_early
9508,sectioned,sectioned_early
9509,sectioned,sectioned_early
9510,sectioned,sectioned_early
9511,sectioned,sectioned_early
9512,sectioned,sectioned_early
9513,sectioned,sectioned_early
9516,sectioned,sectioned_early
9517,sectioned,sectioned_early
9518,sectioned,sectioned_early
9519,sectioned,sectioned_early
9521,sectioned,sectioned_early
9522,sectioned,sectioned_early
9523,sectioned,sectioned_early
9524,sectioned,sectioned_early
9525,sectioned,sectioned_early
9526,sectioned,sectioned_early
9527,sectioned,sectioned_early
9528,sectioned,sectioned_early
9529,sectioned,sectioned_early
9530,sectioned,sectioned_early
9531,sectioned,sectioned_early
9532,sectioned,sectioned_early
9533,sectioned,sectioned_early
9534,sectioned,sectioned_early
9536,sectioned,sectioned_early
9537,sectioned,sectioned_early
9538,sectioned,sectioned_early
9539,sectioned,sectioned_early
9541,sectioned,sectioned_early
9542,sectioned,sectioned_early
9543,sectioned,sectioned_early
9544,sectioned,sectioned_early
9545,sectioned,sectioned_early
9546,sectioned,sectioned_early
9547,sectioned,sectioned_early
9548,sectioned,sectioned_early
9549,sectioned,sectioned_early
9550,sectioned,sectioned_early
9551,sectioned,sectioned_early
9552,sectioned,sectioned_early
9553,sectioned,sectioned_early
9554,sectioned,sectioned_early
9555,sectioned,sectioned_early
9556,sectioned,sectioned_early
9557,sectioned,sectioned_early
9558,sectioned,sectioned_early
9559,sectioned,sectioned_early
9560,sectioned,sectioned_early
9561,sectioned,sectioned_early
9562,sectioned,sectioned_early
9563,sectioned,sectioned_early
9564,sectioned,sectioned_early
9565,sectioned,sectioned_early
9566,sectioned,sectioned_early
9574,sectioned,sectioned_early
9576,sectioned,sectioned_early
9600,sectioned,sectioned_early
9603,sectioned,sectioned_early
9604,sectioned,sectioned_early
9605,sectioned,sectioned_early
9606,sectioned,sectioned_early
9607,sectioned,sectioned_early
9608,sectioned,sectioned_early
9609,sectioned,sectioned_early
9610,sectioned,sectioned_early
9611,sectioned,sectioned_early
9612,sectioned,sectioned_early
9613,sectioned,sectioned_early
9614,sectioned,sectioned_early
9615,sectioned,sectioned_early
9616,sectioned,sectioned_early
9617,sectioned,sectioned_early
9619,sectioned,sectioned_early
9620,sectioned,sectioned_early
9622,sectioned,sectioned_early
9623,sectioned,sectioned_early
9624,sectioned,sectioned_early
9625,sectioned,sectioned_early
9626,sectioned,sectioned_early
9627,sectioned,sectioned_early
9628,sectioned,sectioned_early
9629,sectioned,sectioned_early
9630,sectioned,sectioned_early
9631,sectioned,sectioned_early
9632,sectioned,sectioned_early
9633,sectioned,sectioned_early
9634,sectioned,sectioned_early
9635,sectioned,sectioned_early
9636,sectioned,sectioned_early
9658,sectioned,sectioned_early
9659,sectioned,sectioned_early
9660,sectioned,sectioned_early
9661,sectioned,sectioned_early
9662,sectioned,sectioned_early
9663,sectioned,sectioned_early
9664,sectioned,sectioned_early
9665,sectioned,sectioned_early
9666,sectioned,sectioned_early
9667,sectioned,sectioned_early
9668,sectioned,sectioned_early
9669,sectioned,sectioned_early
9670,sectioned,sectioned_early
9683,sectioned,sectioned_early
9684,sectioned,sectioned_early
9685,sectioned,sectioned_early
9686,sectioned,sectioned_early
9687,sectioned,sectioned_early
9688,sectioned,sectioned_early
9691,sectioned,sectioned_early
9692,sectioned,sectioned_early
9693,sectioned,sectioned_early
9694,sectioned,sectioned_early
9696,sectioned,sectioned_early
9698,sectioned,sectioned_early
9700,sectioned,sectioned_early
9701,sectioned,sectioned_early
9702,sectioned,sectioned_early
9703,sectioned,sectioned_early
9704,sectioned,sectioned_early
9705,sectioned,sectioned_early
9707,sectioned,sectioned_early
9709,sectioned,sectioned_early
9710,sectioned,sectioned_early
9712,sectioned,sectioned_early
9715,sectioned,sectioned_early
9717,sectioned,sectioned_early
9718,sectioned,sectioned_early
9721,sectioned,sectioned_early
9722,sectioned,sectioned_early
9725,sectioned,sectioned_early
9726,sectioned,sectioned_early
9728,sectioned,sectioned_early
9732,sectioned,sectioned_early
9733,sectioned,sectioned_early
9734,sectioned,sectioned_early
9735,sectioned,sectioned_early
9736,sectioned,sectioned_early
9739,sectioned,sectioned_early
9740,sectioned,sectioned_early
9743,sectioned,sectioned_early
9747,sectioned,sectioned_early
9748,sectioned,sectioned_early
9749,sectioned,sectioned_early
9751,sectioned,sectioned_early
9753,sectioned,sectioned_early
9755,sectioned,sectioned_early
9756,sectioned,sectioned_early
9757,sectioned,sectioned_early
9759,sectioned,sectioned_early
9760,sectioned,sectioned_early
9761,sectioned,sectioned_early
9763,sectioned,sectioned_early
9764,sectioned,sectioned_early
9765,sectioned,sectioned_early
9766,sectioned,sectioned_early
9767,sectioned,sectioned_early
9768,sectioned,sectioned_early
9770,sectioned,sectioned_early
9771,sectioned,sectioned_early
9772,sectioned,sectioned_early
9773,sectioned,sectioned_early
9774,sectioned,sectioned_early
9775,sectioned,sectioned_early
9776,sectioned,sectioned_early
9777,sectioned,sectioned_early
9778,sectioned,sectioned_early
9779,sectioned,sectioned_early
9780,sectioned,sectioned_early
9783,sectioned,sectioned_early
9784,sectioned,sectioned_early
9785,sectioned,sectioned_early
9787,sectioned,sectioned_early
9788,sectioned,sectioned_early
9789,sectioned,sectioned_early
9790,sectioned,sectioned_early
9791,sectioned,sectioned_early
9792,sectioned,sectioned_early
9793,sectioned,sectioned_early
9794,sectioned,sectioned_early
9796,sectioned,sectioned_early
9797,sectioned,sectioned_early
9798,sectioned,sectioned_early
9799,sectioned,sectioned_early
9800,sectioned,sectioned_early
9802,sectioned,sectioned_early
9804,sectioned,sectioned_early
9805,sectioned,sectioned_early
9806,sectioned,sectioned_early
9807,sectioned,sectioned_early
9808,sectioned,sectioned_early
9809,sectioned,sectioned_early
9810,sectioned,sectioned_early
9811,sectioned,sectioned_early
9812,sectioned,sectioned_early
9813,sectioned,sectioned_early
9814,sectioned,sectioned_early
9815,sectioned,sectioned_early
9816,sectioned,sectioned_early
9817,sectioned,sectioned_early
9818,sectioned,sectioned_early
9819,sectioned,sectioned_early
9820,sectioned,sectioned_early
9821,sectioned,sectioned_early
9822,sectioned,sectioned_early
9823,sectioned,sectioned_early
9824,sectioned,sectioned_early
9825,sectioned,sectioned_early
9826,sectioned,sectioned_early
9827,sectioned,sectioned_early
9828,sectioned,sectioned_early
9830,sectioned,sectioned_early
9832,sectioned,sectioned_early
9833,sectioned,sectioned_early
9836,sectioned,sectioned_early
9837,sectioned,sectioned_early
9838,sectioned,sectioned_early
9840,sectioned,sectioned_early
9841,sectioned,sectioned_early
9842,sectioned,sectioned_early
9843,sectioned,sectioned_early
9844,sectioned,sectioned_early
9845,sectioned,sectioned_early
9846,sectioned,sectioned_early
9848,sectioned,sectioned_early
9850,sectioned,sectioned_early
9851,sectioned,sectioned_early
9855,sectioned,sectioned_early
9856,sectioned,sectioned_early
9857,sectioned,sectioned_early
9858,sectioned,sectioned_early
9860,sectioned,sectioned_early
9861,sectioned,sectioned_early
9862,sectioned,sectioned_early
9863,sectioned,sectioned_early
9864,sectioned,sectioned_early
9865,sectioned,sectioned_early
9866,sectioned,sectioned_early
9869,sectioned,sectioned_early
9870,sectioned,sectioned_early
9871,sectioned,sectioned_early
9872,sectioned,sectioned_early
9874,sectioned,sectioned_early
9875,sectioned,sectioned_early
9876,sectioned,sectioned_early
9877,sectioned,sectioned_early
9878,sectioned,sectioned_early
9879,sectioned,sectioned_early
9880,sectioned,sectioned_early
9881,sectioned,sectioned_early
9882,sectioned,sectioned_early
9883,sectioned,sectioned_early
9884,sectioned,sectioned_early
9885,sectioned,sectioned_early
9886,sectioned,sectioned_early
9887,sectioned,sectioned_early
9888,sectioned,sectioned_early
9889,sectioned,sectioned_early
9890,sectioned,sectioned_early
9891,sectioned,sectioned_early
9892,sectioned,sectioned_early
9893,sectioned,sectioned_early
9894,sectioned,sectioned_early
9895,sectioned,sectioned_early
9896,sectioned,sectioned_early
9897,sectioned,sectioned_early
9898,sectioned,sectioned_early
9899,sectioned,sectioned_early
9900,sectioned,sectioned_early
9901,sectioned,sectioned_early
9902,sectioned,sectioned_early
9903,sectioned,sectioned_early
9904,sectioned,sectioned_early
9905,sectioned,sectioned_early
9906,sectioned,sectioned_early
9908,sectioned,sectioned_early
9910,sectioned,sectioned_early
9911,sectioned,sectioned_early
9913,sectioned,sectioned_early
9914,sectioned,sectioned_early
9915,sectioned,sectioned_early
9916,sectioned,sectioned_early
9917,sectioned,sectioned_early
9919,sectioned,sectioned_early
9920,sectioned,sectioned_early
9923,sectioned,sectioned_early
9924,sectioned,sectioned_early
9928,sectioned,sectioned_early
9929,sectioned,sectioned_early
9931,sectioned,sectioned_early
9934,sectioned,sectioned_early
9935,sectioned,sectioned_early
9936,sectioned,sectioned_early
9937,sectioned,sectioned_early
9939,sectioned,sectioned_early
9940,sectioned,sectioned_early
9946,sectioned,sectioned_early
9947,sectioned,sectioned_early
9948,sectioned,sectioned_early
9949,sectioned,sectioned_early
9953,sectioned,sectioned_early
9954,sectioned,sectioned_early
9955,sectioned,sectioned_early
9957,sectioned,sectioned_early
9958,sectioned,sectioned_early
9959,sectioned,sectioned_early
9961,sectioned,sectioned_early
9962,sectioned,sectioned_early
9965,sectioned,sectioned_early
9966,sectioned,sectioned_early
9967,sectioned,sectioned_early
9968,sectioned,sectioned_early
9969,sectioned,sectioned_early
9971,sectioned,sectioned_early
9973,sectioned,sectioned_early
9974,sectioned,sectioned_early
9975,sectioned,sectioned_early
9976,sectioned,sectioned_early
9977,sectioned,sectioned_early
9978,sectioned,sectioned_early
9979,sectioned,sectioned_early
9980,sectioned,sectioned_early
9981,sectioned,sectioned_early
9982,sectioned,sectioned_early
9983,sectioned,sectioned_early
9984,sectioned,sectioned_early
9985,sectioned,sectioned_early
9987,sectioned,sectioned_early
9988,sectioned,sectioned_early
9993,sectioned,sectioned_early
9997,sectioned,sectioned_early
9998,sectioned,sectioned_early
9999,sectioned,sectioned_early
10000,sectioned,sectioned_early
10001,sectioned,sectioned_early
10002,sectioned,sectioned_early
10003,sectioned,sectioned_early
10004,sectioned,sectioned_early
10005,sectioned,sectioned_early
10006,sectioned,sectioned_early
10007,sectioned,sectioned_early
10008,sectioned,sectioned_early
10009,sectioned,sectioned_early
10010,sectioned,sectioned_early
10012,sectioned,sectioned_early
10013,sectioned,sectioned_early
10014,sectioned,sectioned_early
10015,sectioned,sectioned_early
10016,sectioned,sectioned_early
10018,sectioned,sectioned_early
10019,sectioned,sectioned_early
10022,sectioned,sectioned_early
10023,sectioned,sectioned_early
10024,sectioned,sectioned_early
10025,sectioned,sectioned_early
10027,sectioned,sectioned_early
10028,sectioned,sectioned_early
10029,sectioned,sectioned_early
10030,sectioned,sectioned_early
10031,sectioned,sectioned_early
10032,sectioned,sectioned_early
10033,sectioned,sectioned_early
10034,sectioned,sectioned_early
10035,sectioned,sectioned_early
10037,sectioned,sectioned_early
10038,sectioned,sectioned_early
10039,sectioned,sectioned_early
10041,sectioned,sectioned_early
10042,sectioned,sectioned_early
10044,sectioned,sectioned_early
10045,sectioned,sectioned_early
10046,sectioned,sectioned_early
10047,sectioned,sectioned_early
10048,sectioned,sectioned_early
10049,sectioned,sectioned_early
10050,sectioned,sectioned_early
10052,sectioned,sectioned_early
10053,sectioned,sectioned_early
10054,sectioned,sectioned_early
10056,sectioned,sectioned_early
10057,sectioned,sectioned_early
10058,sectioned,sectioned_early
10059,sectioned,sectioned_early
10060,sectioned,sectioned_early
10061,sectioned,sectioned_early
10062,sectioned,sectioned_early
10063,sectioned,sectioned_early
10064,sectioned,sectioned_early
10065,sectioned,sectioned_early
10066,sectioned,sectioned_early
10067,sectioned,sectioned_early
10068,sectioned,sectioned_early
10069,sectioned,sectioned_early
10070,sectioned,sectioned_early
10071,sectioned,sectioned_early
10072,sectioned,sectioned_early
10073,sectioned,sectioned_early
10074,sectioned,sectioned_early
10075,sectioned,sectioned_early
10076,sectioned,sectioned_early
10077,sectioned,sectioned_early
10078,sectioned,sectioned_early
10079,sectioned,sectioned_early
10080,sectioned,sectioned_early
10081,sectioned,sectioned_early
10082,sectioned,sectioned_early
10083,sectioned,sectioned_early
10084,sectioned,sectioned_early
10085,sectioned,sectioned_early
10086,sectioned,sectioned_early
10087,sectioned,sectioned_early
10088,sectioned,sectioned_early
10089,sectioned,sectioned_early
10090,sectioned,sectioned_early
10091,sectioned,sectioned_early
10092,sectioned,sectioned_early
10093,sectioned,sectioned_early
10094,sectioned,sectioned_early
10095,sectioned,sectioned_early
10096,sectioned,sectioned_early
10098,sectioned,sectioned_early
10099,sectioned,sectioned_early
10100,sectioned,sectioned_early
10101,sectioned,sectioned_early
10104,sectioned,sectioned_early
10105,sectioned,sectioned_early
10106,sectioned,sectioned_early
10109,sectioned,sectioned_early
10110,sectioned,sectioned_early
10132,sectioned,sectioned_early
10133,sectioned,sectioned_early
10134,sectioned,sectioned_early
10136,sectioned,sectioned_early
10137,sectioned,sectioned_early
10139,sectioned,sectioned_early
10140,sectioned,sectioned_early
10141,sectioned,sectioned_early
10142,sectioned,sectioned_early
10143,sectioned,sectioned_early
10145,sectioned,sectioned_early
10146,sectioned,sectioned_early
10147,sectioned,sectioned_early
10148,sectioned,sectioned_early
10150,sectioned,sectioned_early
10151,sectioned,sectioned_early
10152,sectioned,sectioned_early
10153,sectioned,sectioned_early
10154,sectioned,sectioned_early
10155,sectioned,sectioned_early
10156,sectioned,sectioned_early
10157,sectioned,sectioned_early
10158,sectioned,sectioned_early
10159,sectioned,sectioned_early
10160,sectioned,sectioned_early
10161,sectioned,sectioned_early
10162,sectioned,sectioned_early
10164,sectioned,sectioned_early
10165,sectioned,sectioned_early
10166,sectioned,sectioned_early
10167,sectioned,sectioned_early
10168,sectioned,sectioned_early
10169,sectioned,sectioned_early
10170,sectioned,sectioned_early
10171,sectioned,sectioned_early
10172,sectioned,sectioned_early
10173,sectioned,sectioned_early
10174,sectioned,sectioned_early
10175,sectioned,sectioned_early
10176,sectioned,sectioned_early
10177,sectioned,sectioned_early
10178,sectioned,sectioned_early
10179,sectioned,sectioned_early
10181,sectioned,sectioned_early
10182,sectioned,sectioned_early
10183,sectioned,sectioned_early
10184,sectioned,sectioned_early
10185,sectioned,sectioned_early
10187,sectioned,sectioned_early
10188,sectioned,sectioned_early
10189,sectioned,sectioned_early
10190,sectioned,sectioned_early
10191,sectioned,sectioned_early
10193,sectioned,sectioned_early
10194,sectioned,sectioned_early
10195,sectioned,sectioned_early
10196,sectioned,sectioned_early
10197,sectioned,sectioned_early
10198,sectioned,sectioned_early
10199,sectioned,sectioned_early
10200,sectioned,sectioned_early
10201,sectioned,sectioned_early
10206,sectioned,sectioned_early
10207,sectioned,sectioned_early
10208,sectioned,sectioned_early
10209,sectioned,sectioned_early
10210,sectioned,sectioned_early
10211,sectioned,sectioned_early
10212,sectioned,sectioned_early
10213,sectioned,sectioned_early
10215,sectioned,sectioned_early
10218,sectioned,sectioned_early
10219,sectioned,sectioned_early
10220,sectioned,sectioned_early
10221,sectioned,sectioned_early
10222,sectioned,sectioned_early
10223,sectioned,sectioned_early
10225,sectioned,sectioned_early
10228,sectioned,sectioned_early
10230,sectioned,sectioned_early
10231,sectioned,sectioned_early
10232,sectioned,sectioned_early
10234,sectioned,sectioned_early
10235,sectioned,sectioned_early
10238,sectioned,sectioned_early
10240,sectioned,sectioned_early
10241,sectioned,sectioned_early
10243,sectioned,sectioned_early
10244,sectioned,sectioned_early
10245,sectioned,sectioned_early
10246,sectioned,sectioned_early
10247,sectioned,sectioned_early
10248,sectioned,sectioned_early
10249,sectioned,sectioned_early
10251,sectioned,sectioned_early
10252,sectioned,sectioned_early
10254,sectioned,sectioned_early
10255,sectioned,sectioned_early
10256,sectioned,sectioned_early
10257,sectioned,sectioned_early
10258,sectioned,sectioned_early
10261,sectioned,sectioned_early
10262,sectioned,sectioned_early
10263,sectioned,sectioned_early
10264,sectioned,sectioned_early
10265,sectioned,sectioned_early
10266,sectioned,sectioned_early
10267,sectioned,sectioned_early
10269,sectioned,sectioned_early
10270,sectioned,sectioned_early
10271,sectioned,sectioned_early
10272,sectioned,sectioned_early
10273,sectioned,sectioned_early
10274,sectioned,sectioned_early
10277,sectioned,sectioned_early
10278,sectioned,sectioned_early
10279,sectioned,sectioned_early
10280,sectioned,sectioned_early
10281,sectioned,sectioned_early
10283,sectioned,sectioned_early
10286,sectioned,sectioned_early
10288,sectioned,sectioned_early
10290,sectioned,sectioned_early
10291,sectioned,sectioned_early
10292,sectioned,sectioned_early
10293,sectioned,sectioned_early
10294,sectioned,sectioned_early
10295,sectioned,sectioned_early
10296,sectioned,sectioned_early
10297,sectioned,sectioned_early
10313,sectioned,sectioned_early
10314,sectioned,sectioned_early
10315,sectioned,sectioned_early
10317,sectioned,sectioned_early
10318,sectioned,sectioned_early
10319,sectioned,sectioned_early
10320,sectioned,sectioned_early
10321,sectioned,sectioned_early
10324,sectioned,sectioned_early
10325,sectioned,sectioned_early
10326,sectioned,sectioned_early
10327,sectioned,sectioned_early
10333,sectioned,sectioned_early
10334,sectioned,sectioned_early
10337,sectioned,sectioned_early
10339,sectioned,sectioned_early
10343,sectioned,sectioned_early
10344,sectioned,sectioned_early
10350,sectioned,sectioned_early
10351,sectioned,sectioned_early
10353,sectioned,sectioned_early
10354,sectioned,sectioned_early
10355,sectioned,sectioned_early
10356,sectioned,sectioned_early
10357,sectioned,sectioned_early
10358,sectioned,sectioned_early
10360,sectioned,sectioned_early
10361,sectioned,sectioned_early
10362,sectioned,sectioned_early
10363,sectioned,sectioned_early
10364,sectioned,sectioned_early
10365,sectioned,sectioned_early
10367,sectioned,sectioned_early
10369,sectioned,sectioned_early
10370,sectioned,sectioned_early
10373,sectioned,sectioned_early
10374,sectioned,sectioned_early
10375,sectioned,sectioned_early
10376,sectioned,sectioned_early
10382,sectioned,sectioned_early
10383,sectioned,sectioned_early
10384,sectioned,sectioned_early
10385,sectioned,sectioned_early
10387,sectioned,sectioned_early
10388,sectioned,sectioned_early
10389,sectioned,sectioned_early
10391,sectioned,sectioned_early
10392,sectioned,sectioned_early
10393,sectioned,sectioned_early
10394,sectioned,sectioned_early
10401,sectioned,sectioned_early
10402,sectioned,sectioned_early
10406,sectioned,sectioned_early
10407,sectioned,sectioned_early
10408,sectioned,sectioned_early
10409,sectioned,sectioned_early
10410,sectioned,sectioned_early
10411,sectioned,sectioned_early
10412,sectioned,sectioned_early
10413,sectioned,sectioned_early
10415,sectioned,sectioned_early
10416,sectioned,sectioned_early
10417,sectioned,sectioned_early
10418,sectioned,sectioned_early
10419,sectioned,sectioned_early
10420,sectioned,sectioned_early
10421,sectioned,sectioned_early
10422,sectioned,sectioned_early
10423,sectioned,sectioned_early
10424,sectioned,sectioned_early
10425,sectioned,sectioned_early
10426,sectioned,sectioned_early
10427,sectioned,sectioned_early
10428,sectioned,sectioned_early
10429,sectioned,sectioned_early
10430,sectioned,sectioned_early
10431,sectioned,sectioned_early
10433,sectioned,sectioned_early
10434,sectioned,sectioned_early
10435,sectioned,sectioned_early
10436,sectioned,sectioned_early
10437,sectioned,sectioned_early
10438,sectioned,sectioned_early
10439,sectioned,sectioned_early
10440,sectioned,sectioned_early
10441,sectioned,sectioned_early
10442,sectioned,sectioned_early
10443,sectioned,sectioned_early
10444,sectioned,sectioned_early
10445,sectioned,sectioned_early
10447,sectioned,sectioned_early
10450,sectioned,sectioned_early
10452,sectioned,sectioned_early
10454,sectioned,sectioned_early
10455,sectioned,sectioned_early
10456,sectioned,sectioned_early
10457,sectioned,sectioned_early
10458,sectioned,sectioned_early
10459,sectioned,sectioned_early
10460,sectioned,sectioned_early
10461,sectioned,sectioned_early
10462,sectioned,sectioned_early
10463,sectioned,sectioned_early
10464,sectioned,sectioned_early
10466,sectioned,sectioned_early
10467,sectioned,sectioned_early
10468,sectioned,sectioned_early
10469,sectioned,sectioned_early
10470,sectioned,sectioned_early
10471,sectioned,sectioned_early
10472,sectioned,sectioned_early
10473,sectioned,sectioned_early
10474,sectioned,sectioned_early
10475,sectioned,sectioned_early
10477,sectioned,sectioned_early
10478,sectioned,sectioned_early
10479,sectioned,sectioned_early
10480,sectioned,sectioned_early
10481,sectioned,sectioned_early
10482,sectioned,sectioned_early
10484,sectioned,sectioned_early
10485,sectioned,sectioned_early
10486,sectioned,sectioned_early
10487,sectioned,sectioned_early
10488,sectioned,sectioned_early
10489,sectioned,sectioned_early
10490,sectioned,sectioned_early
10491,sectioned,sectioned_early
10494,sectioned,sectioned_early
10496,sectioned,sectioned_early
10497,sectioned,sectioned_early
10498,sectioned,sectioned_early
10499,sectioned,sectioned_early
10500,sectioned,sectioned_early
10501,sectioned,sectioned_early
10503,sectioned,sectioned_early
10504,sectioned,sectioned_early
10506,sectioned,sectioned_early
10507,sectioned,sectioned_early
10508,sectioned,sectioned_early
10509,sectioned,sectioned_early
10510,sectioned,sectioned_early
10511,sectioned,sectioned_early
10512,sectioned,sectioned_early
10513,sectioned,sectioned_early
10514,sectioned,sectioned_early
10515,sectioned,sectioned_early
10517,sectioned,sectioned_early
10518,sectioned,sectioned_early
10520,sectioned,sectioned_early
10521,sectioned,sectioned_early
10524,sectioned,sectioned_early
10526,sectioned,sectioned_early
10527,sectioned,sectioned_early
10528,sectioned,sectioned_early
10529,sectioned,sectioned_early
10531,sectioned,sectioned_early
10534,sectioned,sectioned_early
10535,sectioned,sectioned_early
10536,sectioned,sectioned_early
10540,sectioned,sectioned_early
10541,sectioned,sectioned_early
10544,sectioned,sectioned_early
10545,sectioned,sectioned_early
10546,sectioned,sectioned_early
10547,sectioned,sectioned_early
10549,sectioned,sectioned_early
10550,sectioned,sectioned_early
10551,sectioned,sectioned_early
10552,sectioned,sectioned_early
10553,sectioned,sectioned_early
10554,sectioned,sectioned_early
10557,sectioned,sectioned_early
10560,sectioned,sectioned_early
10561,sectioned,sectioned_early
10562,sectioned,sectioned_early
10563,sectioned,sectioned_early
10564,sectioned,sectioned_early
10566,sectioned,sectioned_early
10567,sectioned,sectioned_early
10569,sectioned,sectioned_early
10571,sectioned,sectioned_early
10572,sectioned,sectioned_early
10573,sectioned,sectioned_early
10574,sectioned,sectioned_early
10577,sectioned,sectioned_early
10578,sectioned,sectioned_early
10579,sectioned,sectioned_early
10580,sectioned,sectioned_early
10581,sectioned,sectioned_early
10582,sectioned,sectioned_early
10584,sectioned,sectioned_early
10585,sectioned,sectioned_early
10586,sectioned,sectioned_early
10588,sectioned,sectioned_early
10590,sectioned,sectioned_early
10591,sectioned,sectioned_early
10592,sectioned,sectioned_early
10593,sectioned,sectioned_early
10594,sectioned,sectioned_early
10596,sectioned,sectioned_early
10597,sectioned,sectioned_early
10598,sectioned,sectioned_early
10600,sectioned,sectioned_early
10601,sectioned,sectioned_early
10602,sectioned,sectioned_early
10603,sectioned,sectioned_early
10607,sectioned,sectioned_early
10608,sectioned,sectioned_early
10609,sectioned,sectioned_early
10610,sectioned,sectioned_early
10611,sectioned,sectioned_early
10612,sectioned,sectioned_early
10613,sectioned,sectioned_early
10614,sectioned,sectioned_early
10616,sectioned,sectioned_early
10618,sectioned,sectioned_early
10619,sectioned,sectioned_early
10621,sectioned,sectioned_early
10622,sectioned,sectioned_early
10623,sectioned,sectioned_early
10624,sectioned,sectioned_early
10625,sectioned,sectioned_early
10626,sectioned,sectioned_early
10627,sectioned,sectioned_early
10628,sectioned,sectioned_early
10629,sectioned,sectioned_early
10630,sectioned,sectioned_early
10631,sectioned,sectioned_early
10633,sectioned,sectioned_early
10635,sectioned,sectioned_early
10636,sectioned,sectioned_early
10637,sectioned,sectioned_early
10638,sectioned,sectioned_early
10642,sectioned,sectioned_early
10643,sectioned,sectioned_early
10645,sectioned,sectioned_early
10646,sectioned,sectioned_early
10650,sectioned,sectioned_early
10651,sectioned,sectioned_early
10652,sectioned,sectioned_early
10653,sectioned,sectioned_early
10655,sectioned,sectioned_early
10657,sectioned,sectioned_early
10658,sectioned,sectioned_early
10659,sectioned,sectioned_early
10660,sectioned,sectioned_early
10661,sectioned,sectioned_early
10662,sectioned,sectioned_early
10663,sectioned,sectioned_early
10664,sectioned,sectioned_early
10665,sectioned,sectioned_early
10667,sectioned,sectioned_early
10668,sectioned,sectioned_early
10669,sectioned,sectioned_early
10670,sectioned,sectioned_early
10671,sectioned,sectioned_early
10672,sectioned,sectioned_early
10673,sectioned,sectioned_early
10674,sectioned,sectioned_early
10675,sectioned,sectioned_early
10676,sectioned,sectioned_early
10677,sectioned,sectioned_early
10678,sectioned,sectioned_early
10679,sectioned,sectioned_early
10680,sectioned,sectioned_early
10681,sectioned,sectioned_early
10682,sectioned,sectioned_early
10683,sectioned,sectioned_early
10684,sectioned,sectioned_early
10685,sectioned,sectioned_early
10686,sectioned,sectioned_early
10687,sectioned,sectioned_early
10688,sectioned,sectioned_early
10691,sectioned,sectioned_early
10692,sectioned,sectioned_early
10694,sectioned,sectioned_early
10695,sectioned,sectioned_early
10696,sectioned,sectioned_early
10697,sectioned,sectioned_early
10698,sectioned,sectioned_early
10699,sectioned,sectioned_early
10700,sectioned,sectioned_early
10701,sectioned,sectioned_early
10702,sectioned,sectioned_early
10703,sectioned,sectioned_early
10704,sectioned,sectioned_early
10705,sectioned,sectioned_early
10706,sectioned,sectioned_early
10707,sectioned,sectioned_early
10709,sectioned,sectioned_early
10710,sectioned,sectioned_early
10711,sectioned,sectioned_early
10712,sectioned,sectioned_early
10713,sectioned,sectioned_early
10714,sectioned,sectioned_early
10715,sectioned,sectioned_early
10716,sectioned,sectioned_early
10717,sectioned,sectioned_early
10718,sectioned,sectioned_early
10719,sectioned,sectioned_early
10720,sectioned,sectioned_early
10721,sectioned,sectioned_early
10724,sectioned,sectioned_early
10726,sectioned,sectioned_early
10727,sectioned,sectioned_early
10728,sectioned,sectioned_early
10729,sectioned,sectioned_early
10730,sectioned,sectioned_early
10731,sectioned,sectioned_early
10732,sectioned,sectioned_early
10738,sectioned,sectioned_early
10739,sectioned,sectioned_early
10740,sectioned,sectioned_early
10741,sectioned,sectioned_early
10742,sectioned,sectioned_early
10743,sectioned,sectioned_early
10744,sectioned,sectioned_early
10745,sectioned,sectioned_early
10746,sectioned,sectioned_early
10747,sectioned,sectioned_early
10748,sectioned,sectioned_early
10749,sectioned,sectioned_early
10750,sectioned,sectioned_early
10751,sectioned,sectioned_early
10752,sectioned,sectioned_early
10753,sectioned,sectioned_early
10755,sectioned,sectioned_early
10756,sectioned,sectioned_early
10757,sectioned,sectioned_early
10758,sectioned,sectioned_early
10760,sectioned,sectioned_early
10762,sectioned,sectioned_early
10763,sectioned,sectioned_early
10765,sectioned,sectioned_early
10767,sectioned,sectioned_early
10769,sectioned,sectioned_early
10770,sectioned,sectioned_early
10771,sectioned,sectioned_early
10772,sectioned,sectioned_early
10773,sectioned,sectioned_early
10774,sectioned,sectioned_early
10775,sectioned,sectioned_early
10776,sectioned,sectioned_early
10777,sectioned,sectioned_early
10786,sectioned,sectioned_early
10788,sectioned,sectioned_early
10789,sectioned,sectioned_early
10790,sectioned,sectioned_early
10791,sectioned,sectioned_early
10802,sectioned,sectioned_early
10803,sectioned,sectioned_early
10804,sectioned,sectioned_early
10805,sectioned,sectioned_early
10806,sectioned,sectioned_early
10807,sectioned,sectioned_early
10808,sectioned,sectioned_early
10809,sectioned,sectioned_early
10810,sectioned,sectioned_early
10811,sectioned,sectioned_early
10812,sectioned,sectioned_early
10814,sectioned,sectioned_early
10815,sectioned,sectioned_early
10816,sectioned,sectioned_early
10817,sectioned,sectioned_early
10818,sectioned,sectioned_early
10819,sectioned,sectioned_early
10820,sectioned,sectioned_early
10821,sectioned,sectioned_early
10822,sectioned,sectioned_early
10823,sectioned,sectioned_early
10826,sectioned,sectioned_early
10827,sectioned,sectioned_early
10828,sectioned,sectioned_early
10829,sectioned,sectioned_early
10832,sectioned,sectioned_early
10835,sectioned,sectioned_early
10836,sectioned,sectioned_early
10837,sectioned,sectioned_early
10838,sectioned,sectioned_early
10840,sectioned,sectioned_early
10841,sectioned,sectioned_early
10842,sectioned,sectioned_early
10843,sectioned,sectioned_early
10844,sectioned,sectioned_early
10845,sectioned,sectioned_early
10848,sectioned,sectioned_early
10849,sectioned,sectioned_early
10850,sectioned,sectioned_early
10852,sectioned,sectioned_early
10853,sectioned,sectioned_early
10854,sectioned,sectioned_early
10855,sectioned,sectioned_early
10856,sectioned,sectioned_early
10857,sectioned,sectioned_early
10858,sectioned,sectioned_early
10859,sectioned,sectioned_early
10860,sectioned,sectioned_early
10861,sectioned,sectioned_early
10862,sectioned,sectioned_early
10863,sectioned,sectioned_early
10864,sectioned,sectioned_early
10865,sectioned,sectioned_early
10866,sectioned,sectioned_early
10867,sectioned,sectioned_early
10868,sectioned,sectioned_early
10869,sectioned,sectioned_early
10870,sectioned,sectioned_early
10871,sectioned,sectioned_early
10872,sectioned,sectioned_early
10873,sectioned,sectioned_early
10874,sectioned,sectioned_early
10875,sectioned,sectioned_early
10876,sectioned,sectioned_early
10877,sectioned,sectioned_early
10878,sectioned,sectioned_early
10879,sectioned,sectioned_early
10880,sectioned,sectioned_early
10881,sectioned,sectioned_early
10882,sectioned,sectioned_early
10883,sectioned,sectioned_early
10884,sectioned,sectioned_early
10887,sectioned,sectioned_early
10888,sectioned,sectioned_early
10889,sectioned,sectioned_early
10892,sectioned,sectioned_early
10893,sectioned,sectioned_early
10894,sectioned,sectioned_early
10895,sectioned,sectioned_early
10896,sectioned,sectioned_early
10897,sectioned,sectioned_early
10898,sectioned,sectioned_early
10899,sectioned,sectioned_early
10900,sectioned,sectioned_early
10901,sectioned,sectioned_early
10903,sectioned,sectioned_early
10905,sectioned,sectioned_early
10906,sectioned,sectioned_early
10908,sectioned,sectioned_early
10909,sectioned,sectioned_early
10910,sectioned,sectioned_early
10911,sectioned,sectioned_early
10912,sectioned,sectioned_early
10913,sectioned,sectioned_early
10914,sectioned,sectioned_early
10915,sectioned,sectioned_early
10916,sectioned,sectioned_early
10917,sectioned,sectioned_early
10919,sectioned,sectioned_early
10920,sectioned,sectioned_early
10921,sectioned,sectioned_early
10922,sectioned,sectioned_early
10923,sectioned,sectioned_early
10924,sectioned,sectioned_early
10925,sectioned,sectioned_early
10926,sectioned,sectioned_early
10927,sectioned,sectioned_early
10928,sectioned,sectioned_early
10929,sectioned,sectioned_early
10930,sectioned,sectioned_early
10931,sectioned,sectioned_early
10932,sectioned,sectioned_early
10933,sectioned,sectioned_early
10934,sectioned,sectioned_early
10935,sectioned,sectioned_early
10936,sectioned,sectioned_early
10937,sectioned,sectioned_early
10938,sectioned,sectioned_early
10939,sectioned,sectioned_early
10940,sectioned,sectioned_early
10941,sectioned,sectioned_early
10942,sectioned,sectioned_early
10945,sectioned,sectioned_early
10946,sectioned,sectioned_early
10947,sectioned,sectioned_early
10948,sectioned,sectioned_early
10949,sectioned,sectioned_early
10950,sectioned,sectioned_early
10951,sectioned,sectioned_early
10952,sectioned,sectioned_early
10953,sectioned,sectioned_early
10954,sectioned,sectioned_early
10955,sectioned,sectioned_early
10956,sectioned,sectioned_early
10957,sectioned,sectioned_early
10958,sectioned,sectioned_early
10959,sectioned,sectioned_early
10960,sectioned,sectioned_early
10961,sectioned,sectioned_early
10963,sectioned,sectioned_early
10965,sectioned,sectioned_early
10966,sectioned,sectioned_early
10967,sectioned,sectioned_early
10968,sectioned,sectioned_early
10969,sectioned,sectioned_early
10970,sectioned,sectioned_early
10971,sectioned,sectioned_early
10972,sectioned,sectioned_early
10973,sectioned,sectioned_early
10974,sectioned,sectioned_early
10975,sectioned,sectioned_early
10976,sectioned,sectioned_early
10977,sectioned,sectioned_early
10979,sectioned,sectioned_early
10980,sectioned,sectioned_early
10984,sectioned,sectioned_early
10986,sectioned,sectioned_early
10987,sectioned,sectioned_early
10988,sectioned,sectioned_early
10989,sectioned,sectioned_early
10990,sectioned,sectioned_early
10991,sectioned,sectioned_early
10993,sectioned,sectioned_early
10996,sectioned,sectioned_early
10998,sectioned,sectioned_early
11000,sectioned,sectioned_early
11001,sectioned,sectioned_early
11002,sectioned,sectioned_early
11003,sectioned,sectioned_early
11004,sectioned,sectioned_early
11005,sectioned,sectioned_early
11006,sectioned,sectioned_early
11007,sectioned,sectioned_early
11008,sectioned,sectioned_early
11010,sectioned,sectioned_early
11011,sectioned,sectioned_early
11012,sectioned,sectioned_early
11013,sectioned,sectioned_early
11014,sectioned,sectioned_early
11015,sectioned,sectioned_early
11016,sectioned,sectioned_early
11017,sectioned,sectioned_early
11018,sectioned,sectioned_early
11019,sectioned,sectioned_early
11020,sectioned,sectioned_early
11021,sectioned,sectioned_early
11022,sectioned,sectioned_early
11023,sectioned,sectioned_early
11024,sectioned,sectioned_early
11025,sectioned,sectioned_early
11026,sectioned,sectioned_early
11027,sectioned,sectioned_early
11028,sectioned,sectioned_early
11029,sectioned,sectioned_early
11030,sectioned,sectioned_early
11031,sectioned,sectioned_early
11032,sectioned,sectioned_early
11033,sectioned,sectioned_early
11034,sectioned,sectioned_early
11035,sectioned,sectioned_early
11036,sectioned,sectioned_early
11037,sectioned,sectioned_early
11038,sectioned,sectioned_early
11039,sectioned,sectioned_early
11040,sectioned,sectioned_early
11043,sectioned,sectioned_early
11044,sectioned,sectioned_early
11045,sectioned,sectioned_early
11046,sectioned,sectioned_early
11047,sectioned,sectioned_early
11048,sectioned,sectioned_early
11049,sectioned,sectioned_early
11050,sectioned,sectioned_early
11051,sectioned,sectioned_early
11052,sectioned,sectioned_early
11053,sectioned,sectioned_early
11055,sectioned,sectioned_early
11056,sectioned,sectioned_early
11057,sectioned,sectioned_early
11058,sectioned,sectioned_early
11059,sectioned,sectioned_early
11060,sectioned,sectioned_early
11061,sectioned,sectioned_early
11062,sectioned,sectioned_early
11063,sectioned,sectioned_early
11064,sectioned,sectioned_early
11065,sectioned,sectioned_early
11066,sectioned,sectioned_early
11067,sectioned,sectioned_early
11070,sectioned,sectioned_early
11071,sectioned,sectioned_early
11072,sectioned,sectioned_early
11074,sectioned,sectioned_early
11077,sectioned,sectioned_early
11078,sectioned,sectioned_early
11079,sectioned,sectioned_early
11080,sectioned,sectioned_early
11081,sectioned,sectioned_early
11082,sectioned,sectioned_early
11083,sectioned,sectioned_early
11084,sectioned,sectioned_early
11085,sectioned,sectioned_early
11086,sectioned,sectioned_early
11087,sectioned,sectioned_early
11088,sectioned,sectioned_early
11089,sectioned,sectioned_early
11090,sectioned,sectioned_early
11092,sectioned,sectioned_early
11093,sectioned,sectioned_early
11094,sectioned,sectioned_early
11095,sectioned,sectioned_early
11096,sectioned,sectioned_early
11097,sectioned,sectioned_early
11098,sectioned,sectioned_early
11100,sectioned,sectioned_early
11101,sectioned,sectioned_early
11102,sectioned,sectioned_early
11103,sectioned,sectioned_early
11104,sectioned,sectioned_early
11105,sectioned,sectioned_early
11111,sectioned,sectioned_early
11112,sectioned,sectioned_early
11113,sectioned,sectioned_early
11114,sectioned,sectioned_early
11115,sectioned,sectioned_early
11116,sectioned,sectioned_early
11117,sectioned,sectioned_early
11118,sectioned,sectioned_early
11120,sectioned,sectioned_early
11121,sectioned,sectioned_early
11123,sectioned,sectioned_early
11124,sectioned,sectioned_early
11125,sectioned,sectioned_early
11127,sectioned,sectioned_early
11128,sectioned,sectioned_early
11129,sectioned,sectioned_early
11130,sectioned,sectioned_early
11131,sectioned,sectioned_early
11132,sectioned,sectioned_early
11133,sectioned,sectioned_early
11134,sectioned,sectioned_early
11135,sectioned,sectioned_early
11136,sectioned,sectioned_early
11137,sectioned,sectioned_early
11138,sectioned,sectioned_early
11140,sectioned,sectioned_early
11141,sectioned,sectioned_early
11142,sectioned,sectioned_early
11143,sectioned,sectioned_early
11144,sectioned,sectioned_early
11145,sectioned,sectioned_early
11146,sectioned,sectioned_early
11147,sectioned,sectioned_early
11148,sectioned,sectioned_early
11149,sectioned,sectioned_early
11150,sectioned,sectioned_early
11151,sectioned,sectioned_early
11152,sectioned,sectioned_early
11153,sectioned,sectioned_early
11154,sectioned,sectioned_early
11156,sectioned,sectioned_early
11157,sectioned,sectioned_early
11159,sectioned,sectioned_early
11160,sectioned,sectioned_early
11161,sectioned,sectioned_early
11162,sectioned,sectioned_early
11163,sectioned,sectioned_early
11164,sectioned,sectioned_early
11165,sectioned,sectioned_early
11166,sectioned,sectioned_early
11167,sectioned,sectioned_early
11168,sectioned,sectioned_early
11169,sectioned,sectioned_early
11172,sectioned,sectioned_early
11173,sectioned,sectioned_early
11175,sectioned,sectioned_early
11177,sectioned,sectioned_early
11178,sectioned,sectioned_early
11179,sectioned,sectioned_early
11180,sectioned,sectioned_early
11181,sectioned,sectioned_early
11182,sectioned,sectioned_early
11183,sectioned,sectioned_early
11184,sectioned,sectioned_early
11185,sectioned,sectioned_early
11186,sectioned,sectioned_early
11187,sectioned,sectioned_early
11188,sectioned,sectioned_early
11189,sectioned,sectioned_early
11190,sectioned,sectioned_early
11191,sectioned,sectioned_early
11192,sectioned,sectioned_early
11193,sectioned,sectioned_early
11194,sectioned,sectioned_early
11197,sectioned,sectioned_early
11198,sectioned,sectioned_early
11199,sectioned,sectioned_early
11201,sectioned,sectioned_early
11202,sectioned,sectioned_early
11203,sectioned,sectioned_early
11204,sectioned,sectioned_early
11205,sectioned,sectioned_early
11206,sectioned,sectioned_early
11207,sectioned,sectioned_early
11209,sectioned,sectioned_early
11210,sectioned,sectioned_early
11211,sectioned,sectioned_early
11212,sectioned,sectioned_early
11215,sectioned,sectioned_early
11216,sectioned,sectioned_early
11217,sectioned,sectioned_early
11218,sectioned,sectioned_early
11219,sectioned,sectioned_early
11222,sectioned,sectioned_early
11223,sectioned,sectioned_early
11224,sectioned,sectioned_early
11225,sectioned,sectioned_early
11226,sectioned,sectioned_early
11228,sectioned,sectioned_early
11230,sectioned,sectioned_early
11232,sectioned,sectioned_early
11234,sectioned,sectioned_early
11236,sectioned,sectioned_early
11238,sectioned,sectioned_early
11239,sectioned,sectioned_early
11240,sectioned,sectioned_early
11241,sectioned,sectioned_early
11242,sectioned,sectioned_early
11243,sectioned,sectioned_early
11244,sectioned,sectioned_early
11245,sectioned,sectioned_early
11246,sectioned,sectioned_early
11247,sectioned,sectioned_early
11248,sectioned,sectioned_early
11249,sectioned,sectioned_early
11251,sectioned,sectioned_early
11252,sectioned,sectioned_early
11254,sectioned,sectioned_early
11256,sectioned,sectioned_early
11258,sectioned,sectioned_early
11259,sectioned,sectioned_early
11266,sectioned,sectioned_early
11267,sectioned,sectioned_early
11268,sectioned,sectioned_early
11269,sectioned,sectioned_early
11270,sectioned,sectioned_early
11271,sectioned,sectioned_early
11284,sectioned,sectioned_early
11285,sectioned,sectioned_early
11286,sectioned,sectioned_early
11288,sectioned,sectioned_early
11290,sectioned,sectioned_early
11298,sectioned,sectioned_early
11302,sectioned,sectioned_early
11311,sectioned,sectioned_early
11312,sectioned,sectioned_early
11315,sectioned,sectioned_early
11316,sectioned,sectioned_early
11317,sectioned,sectioned_early
11318,sectioned,sectioned_early
11320,sectioned,sectioned_early
11321,sectioned,sectioned_early
11323,sectioned,sectioned_early
11324,sectioned,sectioned_early
11325,sectioned,sectioned_early
11326,sectioned,sectioned_early
11327,sectioned,sectioned_early
11328,sectioned,sectioned_early
11329,sectioned,sectioned_early
11330,sectioned,sectioned_early
11331,sectioned,sectioned_early
11332,sectioned,sectioned_early
11333,sectioned,sectioned_early
11335,sectioned,sectioned_early
11336,sectioned,sectioned_early
11337,sectioned,sectioned_early
11338,sectioned,sectioned_early
11340,sectioned,sectioned_early
11341,sectioned,sectioned_early
11342,sectioned,sectioned_early
11343,sectioned,sectioned_early
11345,sectioned,sectioned_early
11346,sectioned,sectioned_early
11347,sectioned,sectioned_early
11348,sectioned,sectioned_early
11350,sectioned,sectioned_early
11352,sectioned,sectioned_early
11353,sectioned,sectioned_early
11354,sectioned,sectioned_early
11355,sectioned,sectioned_early
11356,sectioned,sectioned_early
11357,sectioned,sectioned_early
11358,sectioned,sectioned_early
11359,sectioned,sectioned_early
11360,sectioned,sectioned_early
11361,sectioned,sectioned_early
11362,sectioned,sectioned_early
11363,sectioned,sectioned_early
11364,sectioned,sectioned_early
11365,sectioned,sectioned_early
11366,sectioned,sectioned_early
11368,sectioned,sectioned_early
11369,sectioned,sectioned_early
11371,sectioned,sectioned_early
11372,sectioned,sectioned_early
11373,sectioned,sectioned_early
11374,sectioned,sectioned_early
11375,sectioned,sectioned_early
11376,sectioned,sectioned_early
11377,sectioned,sectioned_early
11378,sectioned,sectioned_early
11379,sectioned,sectioned_early
11380,sectioned,sectioned_early
11381,sectioned,sectioned_early
11382,sectioned,sectioned_early
11383,sectioned,sectioned_early
11384,sectioned,sectioned_early
11385,sectioned,sectioned_early
11387,sectioned,sectioned_early
11391,sectioned,sectioned_early
11394,sectioned,sectioned_early
11415,sectioned,sectioned_early
11416,sectioned,sectioned_early
11417,sectioned,sectioned_early
11418,sectioned,sectioned_early
11420,sectioned,sectioned_early
11421,sectioned,sectioned_early
11422,sectioned,sectioned_early
11423,sectioned,sectioned_early
11424,sectioned,sectioned_early
11425,sectioned,sectioned_early
11426,sectioned,sectioned_early
11427,sectioned,sectioned_early
11428,sectioned,sectioned_early
11434,sectioned,sectioned_early
11435,sectioned,sectioned_early
11436,sectioned,sectioned_early
11437,sectioned,sectioned_early
11438,sectioned,sectioned_early
11442,sectioned,sectioned_early
11443,sectioned,sectioned_early
11445,sectioned,sectioned_early
11447,sectioned,sectioned_early
11448,sectioned,sectioned_early
11451,sectioned,sectioned_early
11452,sectioned,sectioned_early
11453,sectioned,sectioned_early
11454,sectioned,sectioned_early
11458,sectioned,sectioned_early
11459,sectioned,sectioned_early
11461,sectioned,sectioned_early
11463,sectioned,sectioned_early
11465,sectioned,sectioned_early
11466,sectioned,sectioned_early
11468,sectioned,sectioned_early
11469,sectioned,sectioned_early
11470,sectioned,sectioned_early
11471,sectioned,sectioned_early
11474,sectioned,sectioned_early
11475,sectioned,sectioned_early
11476,sectioned,sectioned_early
11477,sectioned,sectioned_early
11478,sectioned,sectioned_early
11479,sectioned,sectioned_early
11480,sectioned,sectioned_early
11482,sectioned,sectioned_early
11483,sectioned,sectioned_early
11484,sectioned,sectioned_early
11485,sectioned,sectioned_early
11487,sectioned,sectioned_early
11488,sectioned,sectioned_early
11489,sectioned,sectioned_early
11491,sectioned,sectioned_early
11492,sectioned,sectioned_early
11493,sectioned,sectioned_early
11494,sectioned,sectioned_early
11495,sectioned,sectioned_early
11496,sectioned,sectioned_early
11497,sectioned,sectioned_early
11498,sectioned,sectioned_early
11499,sectioned,sectioned_early
11500,sectioned,sectioned_early
11503,sectioned,sectioned_early
11504,sectioned,sectioned_early
11506,sectioned,sectioned_early
11508,sectioned,sectioned_early
11509,sectioned,sectioned_early
11510,sectioned,sectioned_early
11511,sectioned,sectioned_early
11514,sectioned,sectioned_early
11515,sectioned,sectioned_early
11522,sectioned,sectioned_early
11524,sectioned,sectioned_early
11525,sectioned,sectioned_early
11526,sectioned,sectioned_early
11529,sectioned,sectioned_early
11530,sectioned,sectioned_early
11531,sectioned,sectioned_early
11532,sectioned,sectioned_early
11533,sectioned,sectioned_early
11534,sectioned,sectioned_early
11535,sectioned,sectioned_early
11536,sectioned,sectioned_early
11537,sectioned,sectioned_early
11538,sectioned,sectioned_early
11539,sectioned,sectioned_early
11540,sectioned,sectioned_early
11542,sectioned,sectioned_early
11543,sectioned,sectioned_early
11544,sectioned,sectioned_early
11546,sectioned,sectioned_early
11547,sectioned,sectioned_early
11548,sectioned,sectioned_early
11549,sectioned,sectioned_early
11550,sectioned,sectioned_early
11551,sectioned,sectioned_early
11553,sectioned,sectioned_early
11554,sectioned,sectioned_early
11555,sectioned,sectioned_early
11556,sectioned,sectioned_early
11557,sectioned,sectioned_early
11558,sectioned,sectioned_early
11559,sectioned,sectioned_early
11560,sectioned,sectioned_early
11561,sectioned,sectioned_early
11562,sectioned,sectioned_early
11587,sectioned,sectioned_early
11588,sectioned,sectioned_early
11589,sectioned,sectioned_early
11590,sectioned,sectioned_early
11592,sectioned,sectioned_early
11595,sectioned,sectioned_early
11596,sectioned,sectioned_early
11598,sectioned,sectioned_early
11599,sectioned,sectioned_early
11600,sectioned,sectioned_early
11601,sectioned,sectioned_early
11602,sectioned,sectioned_early
11603,sectioned,sectioned_early
11604,sectioned,sectioned_early
11605,sectioned,sectioned_early
11606,sectioned,sectioned_early
11607,sectioned,sectioned_early
11608,sectioned,sectioned_early
11609,sectioned,sectioned_early
11610,sectioned,sectioned_early
11611,sectioned,sectioned_early
11612,sectioned,sectioned_early
11616,sectioned,sectioned_early
11617,sectioned,sectioned_early
11618,sectioned,sectioned_early
11619,sectioned,sectioned_early
11620,sectioned,sectioned_early
11621,sectioned,sectioned_early
11622,sectioned,sectioned_early
11624,sectioned,sectioned_early
11625,sectioned,sectioned_early
11626,sectioned,sectioned_early
11627,sectioned,sectioned_early
11628,sectioned,sectioned_early
11631,sectioned,sectioned_early
11633,sectioned,sectioned_early
11634,sectioned,sectioned_early
11635,sectioned,sectioned_early
11636,sectioned,sectioned_early
11637,sectioned,sectioned_early
11638,sectioned,sectioned_early
11639,sectioned,sectioned_early
11641,sectioned,sectioned_early
11644,sectioned,sectioned_early
11645,sectioned,sectioned_early
11646,sectioned,sectioned_early
11647,sectioned,sectioned_early
11648,sectioned,sectioned_early
11651,sectioned,sectioned_early
11653,sectioned,sectioned_early
11654,sectioned,sectioned_early
11655,sectioned,sectioned_early
11656,sectioned,sectioned_early
11657,sectioned,sectioned_early
11662,sectioned,sectioned_early
11664,sectioned,sectioned_early
11666,sectioned,sectioned_early
11667,sectioned,sectioned_early
11669,sectioned,sectioned_early
11671,sectioned,sectioned_early
11673,sectioned,sectioned_early
11674,sectioned,sectioned_early
11675,sectioned,sectioned_early
11676,sectioned,sectioned_early
11677,sectioned,sectioned_early
11678,sectioned,sectioned_early
11679,sectioned,sectioned_early
11680,sectioned,sectioned_early
11681,sectioned,sectioned_early
11682,sectioned,sectioned_early
11683,sectioned,sectioned_early
11684,sectioned,sectioned_early
11685,sectioned,sectioned_early
11686,sectioned,sectioned_early
11687,sectioned,sectioned_early
11688,sectioned,sectioned_early
11689,sectioned,sectioned_early
11690,sectioned,sectioned_early
11691,sectioned,sectioned_early
11692,sectioned,sectioned_early
11693,sectioned,sectioned_early
11694,sectioned,sectioned_early
11695,sectioned,sectioned_early
11696,sectioned,sectioned_early
11697,sectioned,sectioned_early
11698,sectioned,sectioned_early
11699,sectioned,sectioned_early
11700,sectioned,sectioned_early
11701,sectioned,sectioned_early
11702,sectioned,sectioned_early
11703,sectioned,sectioned_early
11704,sectioned,sectioned_early
11705,sectioned,sectioned_early
11706,sectioned,sectioned_early
11707,sectioned,sectioned_early
11708,sectioned,sectioned_early
11709,sectioned,sectioned_early
11710,sectioned,sectioned_early
11711,sectioned,sectioned_early
11712,sectioned,sectioned_early
11713,sectioned,sectioned_early
11714,sectioned,sectioned_early
11715,sectioned,sectioned_early
11716,sectioned,sectioned_early
11717,sectioned,sectioned_early
11718,sectioned,sectioned_early
11719,sectioned,sectioned_early
11720,sectioned,sectioned_early
11721,sectioned,sectioned_early
11722,sectioned,sectioned_early
11723,sectioned,sectioned_early
11724,sectioned,sectioned_early
11725,sectioned,sectioned_early
11726,sectioned,sectioned_early
11727,sectioned,sectioned_early
11728,sectioned,sectioned_early
11729,sectioned,sectioned_early
11730,sectioned,sectioned_early
11731,sectioned,sectioned_early
11732,sectioned,sectioned_early
11733,sectioned,sectioned_early
11734,sectioned,sectioned_early
11735,sectioned,sectioned_early
11736,sectioned,sectioned_early
11737,sectioned,sectioned_early
11738,sectioned,sectioned_early
11739,sectioned,sectioned_early
11740,sectioned,sectioned_early
11741,sectioned,sectioned_early
11742,sectioned,sectioned_early
11743,sectioned,sectioned_early
11745,sectioned,sectioned_early
11746,sectioned,sectioned_early
11747,sectioned,sectioned_early
11748,sectioned,sectioned_early
11749,sectioned,sectioned_early
11750,sectioned,sectioned_early
11751,sectioned,sectioned_early
11752,sectioned,sectioned_early
11753,sectioned,sectioned_early
11754,sectioned,sectioned_early
11755,sectioned,sectioned_early
11756,sectioned,sectioned_early
11757,sectioned,sectioned_early
11758,sectioned,sectioned_early
11759,sectioned,sectioned_early
11760,sectioned,sectioned_early
11761,sectioned,sectioned_early
11762,sectioned,sectioned_early
11763,sectioned,sectioned_early
11764,sectioned,sectioned_early
11765,sectioned,sectioned_early
11766,sectioned,sectioned_early
11767,sectioned,sectioned_early
11768,sectioned,sectioned_early
11769,sectioned,sectioned_early
11770,sectioned,sectioned_early
11771,sectioned,sectioned_early
11772,sectioned,sectioned_early
11773,sectioned,sectioned_early
11774,sectioned,sectioned_early
11775,sectioned,sectioned_early
11776,sectioned,sectioned_early
11777,sectioned,sectioned_early
11778,sectioned,sectioned_early
11779,sectioned,sectioned_early
11780,sectioned,sectioned_early
11781,sectioned,sectioned_early
11782,sectioned,sectioned_early
11783,sectioned,sectioned_early
11784,sectioned,sectioned_early
11785,sectioned,sectioned_early
11786,sectioned,sectioned_early
11787,sectioned,sectioned_early
11788,sectioned,sectioned_early
11789,sectioned,sectioned_early
11790,sectioned,sectioned_early
11791,sectioned,sectioned_early
11792,sectioned,sectioned_early
11793,sectioned,sectioned_early
11794,sectioned,sectioned_early
11795,sectioned,sectioned_early
11796,sectioned,sectioned_early
11797,sectioned,sectioned_early
11798,sectioned,sectioned_early
11799,sectioned,sectioned_early
11800,sectioned,sectioned_early
11801,sectioned,sectioned_early
11802,sectioned,sectioned_early
11805,sectioned,sectioned_early
11806,sectioned,sectioned_early
11807,sectioned,sectioned_early
11808,sectioned,sectioned_early
11809,sectioned,sectioned_early
11810,sectioned,sectioned_early
11811,sectioned,sectioned_early
11812,sectioned,sectioned_early
11813,sectioned,sectioned_early
11815,sectioned,sectioned_early
11816,sectioned,sectioned_early
11817,sectioned,sectioned_early
11818,sectioned,sectioned_early
11819,sectioned,sectioned_early
11820,sectioned,sectioned_early
11823,sectioned,sectioned_early
11824,sectioned,sectioned_early
11825,sectioned,sectioned_early
11826,sectioned,sectioned_early
11827,sectioned,sectioned_early
11828,sectioned,sectioned_early
11829,sectioned,sectioned_early
11830,sectioned,sectioned_early
11831,sectioned,sectioned_early
11832,sectioned,sectioned_early
11833,sectioned,sectioned_early
11834,sectioned,sectioned_early
11835,sectioned,sectioned_early
11837,sectioned,sectioned_early
11839,sectioned,sectioned_early
11843,sectioned,sectioned_early
11844,sectioned,sectioned_early
11845,sectioned,sectioned_early
11846,sectioned,sectioned_early
11849,sectioned,sectioned_early
11850,sectioned,sectioned_early
11853,sectioned,sectioned_early
11854,sectioned,sectioned_early
11855,sectioned,sectioned_early
11856,sectioned,sectioned_early
11857,sectioned,sectioned_early
11858,sectioned,sectioned_early
11859,sectioned,sectioned_early
11860,sectioned,sectioned_early
11861,sectioned,sectioned_early
11862,sectioned,sectioned_early
11863,sectioned,sectioned_early
11864,sectioned,sectioned_early
11865,sectioned,sectioned_early
11866,sectioned,sectioned_early
11867,sectioned,sectioned_early
11868,sectioned,sectioned_early
11869,sectioned,sectioned_early
11870,sectioned,sectioned_early
11871,sectioned,sectioned_early
11872,sectioned,sectioned_early
11873,sectioned,sectioned_early
11874,sectioned,sectioned_early
11875,sectioned,sectioned_early
11876,sectioned,sectioned_early
11877,sectioned,sectioned_early
11879,sectioned,sectioned_early
11880,sectioned,sectioned_early
11882,sectioned,sectioned_early
11889,sectioned,sectioned_early
11891,sectioned,sectioned_early
11892,sectioned,sectioned_early
11897,sectioned,sectioned_early
11898,sectioned,sectioned_early
11899,sectioned,sectioned_early
11900,sectioned,sectioned_early
11902,sectioned,sectioned_early
11903,sectioned,sectioned_early
11904,sectioned,sectioned_early
11905,sectioned,sectioned_early
11906,sectioned,sectioned_early
11907,sectioned,sectioned_early
11908,sectioned,sectioned_early
11909,sectioned,sectioned_early
11910,sectioned,sectioned_early
11911,sectioned,sectioned_early
11912,sectioned,sectioned_early
11913,sectioned,sectioned_early
11914,sectioned,sectioned_early
11915,sectioned,sectioned_early
11916,sectioned,sectioned_early
11917,sectioned,sectioned_early
11918,sectioned,sectioned_early
11919,sectioned,sectioned_early
11920,sectioned,sectioned_early
11922,sectioned,sectioned_early
11923,sectioned,sectioned_early
11924,sectioned,sectioned_early
11925,sectioned,sectioned_early
11926,sectioned,sectioned_early
11927,sectioned,sectioned_early
11928,sectioned,sectioned_early
11929,sectioned,sectioned_early
11930,sectioned,sectioned_early
11931,sectioned,sectioned_early
11934,sectioned,sectioned_early
11935,sectioned,sectioned_early
11936,sectioned,sectioned_early
11937,sectioned,sectioned_early
11938,sectioned,sectioned_early
11943,sectioned,sectioned_early
11944,sectioned,sectioned_early
11961,sectioned,sectioned_early
11962,sectioned,sectioned_early
11963,sectioned,sectioned_early
11965,sectioned,sectioned_early
11966,sectioned,sectioned_early
11968,sectioned,sectioned_early
11969,sectioned,sectioned_early
11970,sectioned,sectioned_early
11971,sectioned,sectioned_early
11972,sectioned,sectioned_early
11974,sectioned,sectioned_early
11975,sectioned,sectioned_early
11976,sectioned,sectioned_early
11977,sectioned,sectioned_early
11978,sectioned,sectioned_early
11979,sectioned,sectioned_early
11980,sectioned,sectioned_early
11981,sectioned,sectioned_early
11982,sectioned,sectioned_early
11984,sectioned,sectioned_early
11985,sectioned,sectioned_early
11986,sectioned,sectioned_early
11987,sectioned,sectioned_early
11988,sectioned,sectioned_early
11989,sectioned,sectioned_early
11991,sectioned,sectioned_early
11992,sectioned,sectioned_early
11995,sectioned,sectioned_early
11996,sectioned,sectioned_early
11997,sectioned,sectioned_early
11999,sectioned,sectioned_early
12000,sectioned,sectioned_early
12002,sectioned,sectioned_early
12003,sectioned,sectioned_early
12005,sectioned,sectioned_early
12006,sectioned,sectioned_early
12007,sectioned,sectioned_early
12008,sectioned,sectioned_early
12010,sectioned,sectioned_early
12011,sectioned,sectioned_early
12012,sectioned,sectioned_early
12013,sectioned,sectioned_early
12014,sectioned,sectioned_early
12015,sectioned,sectioned_early
12016,sectioned,sectioned_early
12017,sectioned,sectioned_early
12018,sectioned,sectioned_early
12019,sectioned,sectioned_early
12020,sectioned,sectioned_early
12021,sectioned,sectioned_early
12022,sectioned,sectioned_early
12023,sectioned,sectioned_early
12024,sectioned,sectioned_early
12025,sectioned,sectioned_early
12026,sectioned,sectioned_early
12027,sectioned,sectioned_early
12028,sectioned,sectioned_early
12029,sectioned,sectioned_early
12031,sectioned,sectioned_early
12032,sectioned,sectioned_early
12033,sectioned,sectioned_early
12034,sectioned,sectioned_early
12035,sectioned,sectioned_early
12036,sectioned,sectioned_early
12037,sectioned,sectioned_early
12038,sectioned,sectioned_early
12041,sectioned,sectioned_early
12044,sectioned,sectioned_early
12047,sectioned,sectioned_early
12048,sectioned,sectioned_early
12049,sectioned,sectioned_early
12051,sectioned,sectioned_early
12052,sectioned,sectioned_early
12053,sectioned,sectioned_early
12054,sectioned,sectioned_early
12055,sectioned,sectioned_early
12057,sectioned,sectioned_early
12058,sectioned,sectioned_early
12059,sectioned,sectioned_early
12060,sectioned,sectioned_early
12061,sectioned,sectioned_early
12062,sectioned,sectioned_early
12063,sectioned,sectioned_early
12064,sectioned,sectioned_early
12065,sectioned,sectioned_early
12067,sectioned,sectioned_early
12069,sectioned,sectioned_early
12070,sectioned,sectioned_early
12071,sectioned,sectioned_early
12072,sectioned,sectioned_early
12073,sectioned,sectioned_early
12074,sectioned,sectioned_early
12075,sectioned,sectioned_early
12076,sectioned,sectioned_early
12077,sectioned,sectioned_early
12078,sectioned,sectioned_early
12079,sectioned,sectioned_early
12081,sectioned,sectioned_early
12082,sectioned,sectioned_early
12083,sectioned,sectioned_early
12084,sectioned,sectioned_early
12086,sectioned,sectioned_early
12087,sectioned,sectioned_early
12088,sectioned,sectioned_early
12089,sectioned,sectioned_early
12091,sectioned,sectioned_early
12093,sectioned,sectioned_early
12096,sectioned,sectioned_early
12098,sectioned,sectioned_early
12099,sectioned,sectioned_early
12100,sectioned,sectioned_early
12101,sectioned,sectioned_early
12103,sectioned,sectioned_early
12104,sectioned,sectioned_early
12107,sectioned,sectioned_early
12108,sectioned,sectioned_early
12109,sectioned,sectioned_early
12110,sectioned,sectioned_early
12111,sectioned,sectioned_early
12112,sectioned,sectioned_early
12113,sectioned,sectioned_early
12114,sectioned,sectioned_early
12115,sectioned,sectioned_early
12116,sectioned,sectioned_early
12117,sectioned,sectioned_early
12118,sectioned,sectioned_early
12119,sectioned,sectioned_early
12120,sectioned,sectioned_early
12122,sectioned,sectioned_early
12123,sectioned,sectioned_early
12124,sectioned,sectioned_early
12125,sectioned,sectioned_early
12126,sectioned,sectioned_early
12127,sectioned,sectioned_early
12128,sectioned,sectioned_early
12129,sectioned,sectioned_early
12130,sectioned,sectioned_early
12131,sectioned,sectioned_early
12132,sectioned,sectioned_early
12133,sectioned,sectioned_early
12135,sectioned,sectioned_early
12136,sectioned,sectioned_early
12138,sectioned,sectioned_early
12140,sectioned,sectioned_early
12144,sectioned,sectioned_early
12145,sectioned,sectioned_early
12146,sectioned,sectioned_early
12147,sectioned,sectioned_early
12148,sectioned,sectioned_early
12149,sectioned,sectioned_early
12150,sectioned,sectioned_early
12151,sectioned,sectioned_early
12152,sectioned,sectioned_early
12153,sectioned,sectioned_early
12154,sectioned,sectioned_early
12155,sectioned,sectioned_early
12156,sectioned,sectioned_early
12157,sectioned,sectioned_early
12158,sectioned,sectioned_early
12159,sectioned,sectioned_early
12160,sectioned,sectioned_early
12161,sectioned,sectioned_early
12162,sectioned,sectioned_early
12163,sectioned,sectioned_early
12164,sectioned,sectioned_early
12165,sectioned,sectioned_early
12166,sectioned,sectioned_early
12167,sectioned,sectioned_early
12168,sectioned,sectioned_early
12169,sectioned,sectioned_early
12170,sectioned,sectioned_early
12171,sectioned,sectioned_early
12172,sectioned,sectioned_early
12173,sectioned,sectioned_early
12174,sectioned,sectioned_early
12175,sectioned,sectioned_early
12176,sectioned,sectioned_early
12177,sectioned,sectioned_early
12178,sectioned,sectioned_early
12180,sectioned,sectioned_early
12181,sectioned,sectioned_early
12182,sectioned,sectioned_early
12183,sectioned,sectioned_early
12184,sectioned,sectioned_early
12185,sectioned,sectioned_early
12186,sectioned,sectioned_early
12187,sectioned,sectioned_early
12188,sectioned,sectioned_early
12190,sectioned,sectioned_early
12191,sectioned,sectioned_early
12193,sectioned,sectioned_early
12194,sectioned,sectioned_early
12196,sectioned,sectioned_early
12198,sectioned,sectioned_early
12199,sectioned,sectioned_early
12200,sectioned,sectioned_early
12201,sectioned,sectioned_early
12202,sectioned,sectioned_early
12203,sectioned,sectioned_early
12205,sectioned,sectioned_early
12206,sectioned,sectioned_early
12207,sectioned,sectioned_early
12208,sectioned,sectioned_early
12209,sectioned,sectioned_early
12215,sectioned,sectioned_early
12216,sectioned,sectioned_early
12217,sectioned,sectioned_early
12218,sectioned,sectioned_early
12219,sectioned,sectioned_early
12220,sectioned,sectioned_early
12222,sectioned,sectioned_early
12223,sectioned,sectioned_early
12224,sectioned,sectioned_early
12225,sectioned,sectioned_early
12226,sectioned,sectioned_early
12227,sectioned,sectioned_early
12228,sectioned,sectioned_early
12229,sectioned,sectioned_early
12230,sectioned,sectioned_early
12231,sectioned,sectioned_early
12232,sectioned,sectioned_early
12233,sectioned,sectioned_early
12234,sectioned,sectioned_early
12235,sectioned,sectioned_early
12236,sectioned,sectioned_early
12237,sectioned,sectioned_early
12238,sectioned,sectioned_early
12239,sectioned,sectioned_early
12240,sectioned,sectioned_early
12241,sectioned,sectioned_early
12242,sectioned,sectioned_early
12243,sectioned,sectioned_early
12244,sectioned,sectioned_early
12245,sectioned,sectioned_early
12246,sectioned,sectioned_early
12247,sectioned,sectioned_early
12248,sectioned,sectioned_early
12249,sectioned,sectioned_early
12250,sectioned,sectioned_early
12251,sectioned,sectioned_early
12252,sectioned,sectioned_early
12253,sectioned,sectioned_early
12254,sectioned,sectioned_early
12255,sectioned,sectioned_early
12256,sectioned,sectioned_early
12257,sectioned,sectioned_early
12258,sectioned,sectioned_early
12259,sectioned,sectioned_early
12260,sectioned,sectioned_early
12261,sectioned,sectioned_early
12262,sectioned,sectioned_early
12263,sectioned,sectioned_early
12264,sectioned,sectioned_early
12265,sectioned,sectioned_early
12266,sectioned,sectioned_early
12267,sectioned,sectioned_early
12268,sectioned,sectioned_early
12269,sectioned,sectioned_early
12270,sectioned,sectioned_early
12273,sectioned,sectioned_early
12275,sectioned,sectioned_early
12276,sectioned,sectioned_early
12278,sectioned,sectioned_early
12279,sectioned,sectioned_early
12280,sectioned,sectioned_early
12281,sectioned,sectioned_early
12283,sectioned,sectioned_early
12284,sectioned,sectioned_early
12285,sectioned,sectioned_early
12287,sectioned,sectioned_early
12288,sectioned,sectioned_early
12289,sectioned,sectioned_early
12290,sectioned,sectioned_early
12291,sectioned,sectioned_early
12294,sectioned,sectioned_early
12295,sectioned,sectioned_early
12296,sectioned,sectioned_early
12297,sectioned,sectioned_early
12298,sectioned,sectioned_early
12299,sectioned,sectioned_early
12300,sectioned,sectioned_early
12301,sectioned,sectioned_early
12304,sectioned,sectioned_early
12305,sectioned,sectioned_early
12306,sectioned,sectioned_early
12307,sectioned,sectioned_early
12308,sectioned,sectioned_early
12309,sectioned,sectioned_early
12312,sectioned,sectioned_early
12315,sectioned,sectioned_early
12316,sectioned,sectioned_early
12317,sectioned,sectioned_early
12318,sectioned,sectioned_early
12319,sectioned,sectioned_early
12320,sectioned,sectioned_early
12321,sectioned,sectioned_early
12322,sectioned,sectioned_early
12323,sectioned,sectioned_early
12324,sectioned,sectioned_early
12326,sectioned,sectioned_early
12327,sectioned,sectioned_early
12328,sectioned,sectioned_early
12329,sectioned,sectioned_early
12330,sectioned,sectioned_early
12331,sectioned,sectioned_early
12333,sectioned,sectioned_early
12334,sectioned,sectioned_early
12335,sectioned,sectioned_early
12340,sectioned,sectioned_early
12341,sectioned,sectioned_early
12342,sectioned,sectioned_early
12343,sectioned,sectioned_early
12344,sectioned,sectioned_early
12345,sectioned,sectioned_early
12346,sectioned,sectioned_early
12348,sectioned,sectioned_early
12349,sectioned,sectioned_early
12354,sectioned,sectioned_early
12357,sectioned,sectioned_early
12370,sectioned,sectioned_early
12372,sectioned,sectioned_early
12373,sectioned,sectioned_early
12377,sectioned,sectioned_early
12378,sectioned,sectioned_early
12385,sectioned,sectioned_early
12386,sectioned,sectioned_early
12387,sectioned,sectioned_early
12388,sectioned,sectioned_early
12389,sectioned,sectioned_early
12390,sectioned,sectioned_early
12391,sectioned,sectioned_early
12394,sectioned,sectioned_early
12395,sectioned,sectioned_early
12396,sectioned,sectioned_early
12398,sectioned,sectioned_early
12400,sectioned,sectioned_early
12401,sectioned,sectioned_early
12402,sectioned,sectioned_early
12403,sectioned,sectioned_early
12404,sectioned,sectioned_early
12405,sectioned,sectioned_early
12406,sectioned,sectioned_early
12407,sectioned,sectioned_early
12408,sectioned,sectioned_early
12409,sectioned,sectioned_early
12410,sectioned,sectioned_early
12411,sectioned,sectioned_early
12412,sectioned,sectioned_early
12413,sectioned,sectioned_early
12414,sectioned,sectioned_early
12415,sectioned,sectioned_early
12416,sectioned,sectioned_early
12417,sectioned,sectioned_early
12419,sectioned,sectioned_early
12420,sectioned,sectioned_early
12421,sectioned,sectioned_early
12422,sectioned,sectioned_early
12423,sectioned,sectioned_early
12424,sectioned,sectioned_early
12425,sectioned,sectioned_early
12426,sectioned,sectioned_early
12427,sectioned,sectioned_early
12428,sectioned,sectioned_early
12429,sectioned,sectioned_early
12430,sectioned,sectioned_early
12431,sectioned,sectioned_early
12432,sectioned,sectioned_early
12434,sectioned,sectioned_early
12435,sectioned,sectioned_early
12436,sectioned,sectioned_early
12437,sectioned,sectioned_early
12438,sectioned,sectioned_early
12439,sectioned,sectioned_early
12441,sectioned,sectioned_early
12442,sectioned,sectioned_early
12443,sectioned,sectioned_early
12444,sectioned,sectioned_early
12445,sectioned,sectioned_early
12446,sectioned,sectioned_early
12447,sectioned,sectioned_early
12448,sectioned,sectioned_early
12449,sectioned,sectioned_early
12450,sectioned,sectioned_early
12452,sectioned,sectioned_early
12454,sectioned,sectioned_early
12457,sectioned,sectioned_early
12460,sectioned,sectioned_early
12462,sectioned,sectioned_early
12463,sectioned,sectioned_early
12464,sectioned,sectioned_early
12467,sectioned,sectioned_early
12468,sectioned,sectioned_early
12469,sectioned,sectioned_early
12471,sectioned,sectioned_early
12472,sectioned,sectioned_early
12473,sectioned,sectioned_early
12475,sectioned,sectioned_early
12476,sectioned,sectioned_early
12478,sectioned,sectioned_early
12479,sectioned,sectioned_early
12480,sectioned,sectioned_early
12482,sectioned,sectioned_early
12483,sectioned,sectioned_early
12485,sectioned,sectioned_early
12486,sectioned,sectioned_early
12488,sectioned,sectioned_early
12489,sectioned,sectioned_early
12490,sectioned,sectioned_early
12492,sectioned,sectioned_early
12493,sectioned,sectioned_early
12494,sectioned,sectioned_early
12495,sectioned,sectioned_early
12496,sectioned,sectioned_early
12498,sectioned,sectioned_early
12500,sectioned,sectioned_early
12501,sectioned,sectioned_early
12526,sectioned,sectioned_early
12527,sectioned,sectioned_early
12528,sectioned,sectioned_early
12529,sectioned,sectioned_early
12530,sectioned,sectioned_early
12531,sectioned,sectioned_early
12535,sectioned,sectioned_early
12537,sectioned,sectioned_early
12538,sectioned,sectioned_early
12540,sectioned,sectioned_early
12541,sectioned,sectioned_early
12542,sectioned,sectioned_early
12543,sectioned,sectioned_early
12545,sectioned,sectioned_early
12546,sectioned,sectioned_early
12547,sectioned,sectioned_early
12551,sectioned,sectioned_early
12552,sectioned,sectioned_early
12554,sectioned,sectioned_early
12555,sectioned,sectioned_early
12556,sectioned,sectioned_early
12557,sectioned,sectioned_early
12560,sectioned,sectioned_early
12561,sectioned,sectioned_early
12562,sectioned,sectioned_early
12563,sectioned,sectioned_early
12564,sectioned,sectioned_early
12565,sectioned,sectioned_early
12566,sectioned,sectioned_early
12567,sectioned,sectioned_early
12568,sectioned,sectioned_early
12570,sectioned,sectioned_early
12571,sectioned,sectioned_early
12572,sectioned,sectioned_early
12574,sectioned,sectioned_early
12575,sectioned,sectioned_early
12577,sectioned,sectioned_early
12578,sectioned,sectioned_early
12579,sectioned,sectioned_early
12580,sectioned,sectioned_early
12581,sectioned,sectioned_early
12582,sectioned,sectioned_early
12583,sectioned,sectioned_early
12584,sectioned,sectioned_early
12585,sectioned,sectioned_early
12588,sectioned,sectioned_early
12589,sectioned,sectioned_early
12590,sectioned,sectioned_early
12591,sectioned,sectioned_early
12592,sectioned,sectioned_early
12593,sectioned,sectioned_early
12594,sectioned,sectioned_early
12595,sectioned,sectioned_early
12596,sectioned,sectioned_early
12597,sectioned,sectioned_early
12598,sectioned,sectioned_early
12599,sectioned,sectioned_early
12600,sectioned,sectioned_early
12601,sectioned,sectioned_early
12602,sectioned,sectioned_early
12603,sectioned,sectioned_early
12604,sectioned,sectioned_early
12605,sectioned,sectioned_early
12606,sectioned,sectioned_early
12608,sectioned,sectioned_early
12612,sectioned,sectioned_early
12613,sectioned,sectioned_early
12615,sectioned,sectioned_early
12617,sectioned,sectioned_early
12618,sectioned,sectioned_early
12619,sectioned,sectioned_early
12620,sectioned,sectioned_early
12621,sectioned,sectioned_early
12623,sectioned,sectioned_early
12624,sectioned,sectioned_early
12625,sectioned,sectioned_early
12626,sectioned,sectioned_early
12627,sectioned,sectioned_early
12628,sectioned,sectioned_early
12629,sectioned,sectioned_early
12631,sectioned,sectioned_early
12633,sectioned,sectioned_early
12634,sectioned,sectioned_early
12635,sectioned,sectioned_early
12636,sectioned,sectioned_early
12637,sectioned,sectioned_early
12639,sectioned,sectioned_early
12640,sectioned,sectioned_early
12641,sectioned,sectioned_early
12642,sectioned,sectioned_early
12643,sectioned,sectioned_early
12645,sectioned,sectioned_early
12649,sectioned,sectioned_early
12650,sectioned,sectioned_early
12651,sectioned,sectioned_early
12652,sectioned,sectioned_early
12654,sectioned,sectioned_early
12655,sectioned,sectioned_early
12656,sectioned,sectioned_early
12657,sectioned,sectioned_early
12658,sectioned,sectioned_early
12659,sectioned,sectioned_early
12660,sectioned,sectioned_early
12662,sectioned,sectioned_early
12663,sectioned,sectioned_early
12664,sectioned,sectioned_early
12666,sectioned,sectioned_early
12667,sectioned,sectioned_early
12668,sectioned,sectioned_early
12669,sectioned,sectioned_early
12671,sectioned,sectioned_early
12676,sectioned,sectioned_early
12679,sectioned,sectioned_early
12680,sectioned,sectioned_early
12682,sectioned,sectioned_early
12683,sectioned,sectioned_early
12684,sectioned,sectioned_early
12685,sectioned,sectioned_early
12686,sectioned,sectioned_early
12688,sectioned,sectioned_early
12689,sectioned,sectioned_early
12690,sectioned,sectioned_early
12691,sectioned,sectioned_early
12692,sectioned,sectioned_early
12694,sectioned,sectioned_early
12695,sectioned,sectioned_early
12696,sectioned,sectioned_early
12697,sectioned,sectioned_early
12698,sectioned,sectioned_early
12699,sectioned,sectioned_early
12700,sectioned,sectioned_early
12701,sectioned,sectioned_early
12702,sectioned,sectioned_early
12703,sectioned,sectioned_early
12704,sectioned,sectioned_early
12705,sectioned,sectioned_early
12706,sectioned,sectioned_early
12707,sectioned,sectioned_early
12708,sectioned,sectioned_early
12709,sectioned,sectioned_early
12710,sectioned,sectioned_early
12711,sectioned,sectioned_early
12712,sectioned,sectioned_early
12713,sectioned,sectioned_early
12714,sectioned,sectioned_early
12715,sectioned,sectioned_early
12716,sectioned,sectioned_early
12717,sectioned,sectioned_early
12718,sectioned,sectioned_early
12719,sectioned,sectioned_early
12720,sectioned,sectioned_early
12721,sectioned,sectioned_early
12722,sectioned,sectioned_early
12723,sectioned,sectioned_early
12724,sectioned,sectioned_early
12725,sectioned,sectioned_early
12726,sectioned,sectioned_early
12728,sectioned,sectioned_early
12729,sectioned,sectioned_early
12730,sectioned,sectioned_early
12731,sectioned,sectioned_early
12732,sectioned,sectioned_early
12733,sectioned,sectioned_early
12734,sectioned,sectioned_early
12735,sectioned,sectioned_early
12736,sectioned,sectioned_early
12737,sectioned,sectioned_early
12738,sectioned,sectioned_early
12739,sectioned,sectioned_early
12740,sectioned,sectioned_early
12742,sectioned,sectioned_early
12743,sectioned,sectioned_early
12744,sectioned,sectioned_early
12745,sectioned,sectioned_early
12746,sectioned,sectioned_early
12747,sectioned,sectioned_early
12749,sectioned,sectioned_early
12750,sectioned,sectioned_early
12751,sectioned,sectioned_early
12752,sectioned,sectioned_early
12753,sectioned,sectioned_early
12754,sectioned,sectioned_early
12755,sectioned,sectioned_early
12756,sectioned,sectioned_early
12757,sectioned,sectioned_early
12758,sectioned,sectioned_early
12759,sectioned,sectioned_early
12760,sectioned,sectioned_early
12761,sectioned,sectioned_early
12762,sectioned,sectioned_early
12763,sectioned,sectioned_early
12764,sectioned,sectioned_early
12765,sectioned,sectioned_early
12766,sectioned,sectioned_early
12767,sectioned,sectioned_early
12768,sectioned,sectioned_early
12769,sectioned,sectioned_early
12770,sectioned,sectioned_early
12772,sectioned,sectioned_early
12773,sectioned,sectioned_early
12774,sectioned,sectioned_early
12775,sectioned,sectioned_early
12776,sectioned,sectioned_early
12777,sectioned,sectioned_early
12778,sectioned,sectioned_early
12789,sectioned,sectioned_early
12790,sectioned,sectioned_early
12791,sectioned,sectioned_early
12792,sectioned,sectioned_early
12793,sectioned,sectioned_early
12794,sectioned,sectioned_early
12797,sectioned,sectioned_early
12800,sectioned,sectioned_early
12801,sectioned,sectioned_early
12802,sectioned,sectioned_early
12803,sectioned,sectioned_early
12805,sectioned,sectioned_early
12807,sectioned,sectioned_early
12808,sectioned,sectioned_early
12811,sectioned,sectioned_early
12813,sectioned,sectioned_early
12814,sectioned,sectioned_early
12815,sectioned,sectioned_early
12816,sectioned,sectioned_early
12817,sectioned,sectioned_early
12820,sectioned,sectioned_early
12821,sectioned,sectioned_early
12822,sectioned,sectioned_early
12823,sectioned,sectioned_early
12824,sectioned,sectioned_early
12826,sectioned,sectioned_early
12827,sectioned,sectioned_early
12828,sectioned,sectioned_early
12829,sectioned,sectioned_early
12830,sectioned,sectioned_early
12831,sectioned,sectioned_early
12832,sectioned,sectioned_early
12833,sectioned,sectioned_early
12834,sectioned,sectioned_early
12835,sectioned,sectioned_early
12836,sectioned,sectioned_early
12837,sectioned,sectioned_early
12838,sectioned,sectioned_early
12839,sectioned,sectioned_early
12840,sectioned,sectioned_early
12841,sectioned,sectioned_early
12842,sectioned,sectioned_early
12843,sectioned,sectioned_early
12845,sectioned,sectioned_early
12847,sectioned,sectioned_early
12848,sectioned,sectioned_early
12849,sectioned,sectioned_early
12850,sectioned,sectioned_early
12851,sectioned,sectioned_early
12852,sectioned,sectioned_early
12853,sectioned,sectioned_early
12854,sectioned,sectioned_early
12855,sectioned,sectioned_early
12856,sectioned,sectioned_early
12857,sectioned,sectioned_early
12862,sectioned,sectioned_early
12864,sectioned,sectioned_early
12865,sectioned,sectioned_early
12867,sectioned,sectioned_early
12868,sectioned,sectioned_early
12869,sectioned,sectioned_early
12871,sectioned,sectioned_early
12872,sectioned,sectioned_early
12873,sectioned,sectioned_early
12874,sectioned,sectioned_early
12875,sectioned,sectioned_early
12876,sectioned,sectioned_early
12877,sectioned,sectioned_early
12878,sectioned,sectioned_early
12879,sectioned,sectioned_early
12881,sectioned,sectioned_early
12882,sectioned,sectioned_early
12884,sectioned,sectioned_early
12886,sectioned,sectioned_early
12888,sectioned,sectioned_early
12889,sectioned,sectioned_early
12890,sectioned,sectioned_early
12891,sectioned,sectioned_early
12892,sectioned,sectioned_early
12893,sectioned,sectioned_early
12895,sectioned,sectioned_early
12896,sectioned,sectioned_early
12897,sectioned,sectioned_early
12898,sectioned,sectioned_early
12900,sectioned,sectioned_early
12902,sectioned,sectioned_early
12906,sectioned,sectioned_early
12907,sectioned,sectioned_early
12908,sectioned,sectioned_early
12909,sectioned,sectioned_early
12910,sectioned,sectioned_early
12912,sectioned,sectioned_early
12913,sectioned,sectioned_early
12914,sectioned,sectioned_early
12916,sectioned,sectioned_early
12917,sectioned,sectioned_early
12918,sectioned,sectioned_early
12919,sectioned,sectioned_early
12920,sectioned,sectioned_early
12921,sectioned,sectioned_early
12922,sectioned,sectioned_early
12923,sectioned,sectioned_early
12924,sectioned,sectioned_early
12925,sectioned,sectioned_early
12926,sectioned,sectioned_early
12927,sectioned,sectioned_early
12928,sectioned,sectioned_early
12929,sectioned,sectioned_early
12931,sectioned,sectioned_early
12932,sectioned,sectioned_early
12933,sectioned,sectioned_early
12934,sectioned,sectioned_early
12935,sectioned,sectioned_early
12936,sectioned,sectioned_early
12937,sectioned,sectioned_early
12938,sectioned,sectioned_early
12939,sectioned,sectioned_early
12940,sectioned,sectioned_early
12941,sectioned,sectioned_early
12942,sectioned,sectioned_early
12943,sectioned,sectioned_early
12944,sectioned,sectioned_early
12945,sectioned,sectioned_early
12946,sectioned,sectioned_early
12947,sectioned,sectioned_early
12948,sectioned,sectioned_early
12949,sectioned,sectioned_early
12950,sectioned,sectioned_early
12952,sectioned,sectioned_early
12953,sectioned,sectioned_early
12954,sectioned,sectioned_early
12955,sectioned,sectioned_early
12956,sectioned,sectioned_early
12957,sectioned,sectioned_early
12958,sectioned,sectioned_early
12959,sectioned,sectioned_early
12960,sectioned,sectioned_early
12961,sectioned,sectioned_early
12962,sectioned,sectioned_early
12963,sectioned,sectioned_early
12964,sectioned,sectioned_early
12965,sectioned,sectioned_early
12966,sectioned,sectioned_early
12967,sectioned,sectioned_early
12968,sectioned,sectioned_early
12969,sectioned,sectioned_early
12970,sectioned,sectioned_early
12971,sectioned,sectioned_early
12973,sectioned,sectioned_early
12974,sectioned,sectioned_early
12975,sectioned,sectioned_early
12977,sectioned,sectioned_early
12978,sectioned,sectioned_early
12979,sectioned,sectioned_early
12980,sectioned,sectioned_early
12981,sectioned,sectioned_early
12982,sectioned,sectioned_early
12983,sectioned,sectioned_early
13004,sectioned,sectioned_early
13016,sectioned,sectioned_early
13017,sectioned,sectioned_early
13018,sectioned,sectioned_early
13020,sectioned,sectioned_early
13021,sectioned,sectioned_early
13022,sectioned,sectioned_early
13024,sectioned,sectioned_early
13025,sectioned,sectioned_early
13026,sectioned,sectioned_early
13027,sectioned,sectioned_early
13028,sectioned,sectioned_early
13029,sectioned,sectioned_early
13030,sectioned,sectioned_early
13031,sectioned,sectioned_early
13032,sectioned,sectioned_early
13033,sectioned,sectioned_early
13034,sectioned,sectioned_early
13036,sectioned,sectioned_early
13037,sectioned,sectioned_early
13039,sectioned,sectioned_early
13040,sectioned,sectioned_early
13041,sectioned,sectioned_early
13043,sectioned,sectioned_early
13044,sectioned,sectioned_early
13046,sectioned,sectioned_early
13048,sectioned,sectioned_early
13049,sectioned,sectioned_early
13050,sectioned,sectioned_early
13051,sectioned,sectioned_early
13052,sectioned,sectioned_early
13053,sectioned,sectioned_early
13054,sectioned,sectioned_early
13055,sectioned,sectioned_early
13057,sectioned,sectioned_early
13058,sectioned,sectioned_early
13059,sectioned,sectioned_early
13060,sectioned,sectioned_early
13061,sectioned,sectioned_early
13062,sectioned,sectioned_early
13063,sectioned,sectioned_early
13064,sectioned,sectioned_early
13065,sectioned,sectioned_early
13066,sectioned,sectioned_early
13068,sectioned,sectioned_early
13069,sectioned,sectioned_early
13070,sectioned,sectioned_early
13071,sectioned,sectioned_early
13072,sectioned,sectioned_early
13073,sectioned,sectioned_early
13074,sectioned,sectioned_early
13075,sectioned,sectioned_early
13078,sectioned,sectioned_early
13079,sectioned,sectioned_early
13080,sectioned,sectioned_early
13081,sectioned,sectioned_early
13082,sectioned,sectioned_early
13083,sectioned,sectioned_early
13084,sectioned,sectioned_early
13085,sectioned,sectioned_early
13086,sectioned,sectioned_early
13087,sectioned,sectioned_early
13088,sectioned,sectioned_early
13089,sectioned,sectioned_early
13091,sectioned,sectioned_early
13092,sectioned,sectioned_early
13093,sectioned,sectioned_early
13094,sectioned,sectioned_early
13095,sectioned,sectioned_early
13096,sectioned,sectioned_early
13097,sectioned,sectioned_early
13098,sectioned,sectioned_early
13099,sectioned,sectioned_early
13100,sectioned,sectioned_early
13101,sectioned,sectioned_early
13103,sectioned,sectioned_early
13104,sectioned,sectioned_early
13105,sectioned,sectioned_early
13106,sectioned,sectioned_early
13107,sectioned,sectioned_early
13108,sectioned,sectioned_early
13109,sectioned,sectioned_early
13110,sectioned,sectioned_early
13111,sectioned,sectioned_early
13112,sectioned,sectioned_early
13113,sectioned,sectioned_early
13114,sectioned,sectioned_early
13115,sectioned,sectioned_early
13116,sectioned,sectioned_early
13117,sectioned,sectioned_early
13118,sectioned,sectioned_early
13119,sectioned,sectioned_early
13120,sectioned,sectioned_early
13122,sectioned,sectioned_early
13123,sectioned,sectioned_early
13124,sectioned,sectioned_early
13126,sectioned,sectioned_early
13128,sectioned,sectioned_early
13129,sectioned,sectioned_early
13130,sectioned,sectioned_early
13131,sectioned,sectioned_early
13132,sectioned,sectioned_early
13134,sectioned,sectioned_early
13135,sectioned,sectioned_early
13136,sectioned,sectioned_early
13137,sectioned,sectioned_early
13139,sectioned,sectioned_early
13141,sectioned,sectioned_early
13143,sectioned,sectioned_early
13144,sectioned,sectioned_early
13145,sectioned,sectioned_early
13146,sectioned,sectioned_early
13147,sectioned,sectioned_early
13148,sectioned,sectioned_early
13149,sectioned,sectioned_early
13150,sectioned,sectioned_early
13151,sectioned,sectioned_early
13152,sectioned,sectioned_early
13153,sectioned,sectioned_early
13155,sectioned,sectioned_early
13156,sectioned,sectioned_early
13158,sectioned,sectioned_early
13159,sectioned,sectioned_early
13160,sectioned,sectioned_early
13161,sectioned,sectioned_early
13162,sectioned,sectioned_early
13163,sectioned,sectioned_early
13166,sectioned,sectioned_early
13168,sectioned,sectioned_early
13169,sectioned,sectioned_early
13170,sectioned,sectioned_early
13171,sectioned,sectioned_early
13173,sectioned,sectioned_early
13180,sectioned,sectioned_early
13181,sectioned,sectioned_early
13182,sectioned,sectioned_early
13183,sectioned,sectioned_early
13185,sectioned,sectioned_early
13186,sectioned,sectioned_early
13187,sectioned,sectioned_early
13188,sectioned,sectioned_early
13189,sectioned,sectioned_early
13190,sectioned,sectioned_early
13191,sectioned,sectioned_early
13193,sectioned,sectioned_early
13194,sectioned,sectioned_early
13195,sectioned,sectioned_early
13197,sectioned,sectioned_early
13198,sectioned,sectioned_early
13199,sectioned,sectioned_early
13202,sectioned,sectioned_early
13203,sectioned,sectioned_early
13204,sectioned,sectioned_early
13205,sectioned,sectioned_early
13206,sectioned,sectioned_early
13207,sectioned,sectioned_early
13208,sectioned,sectioned_early
13209,sectioned,sectioned_early
13210,sectioned,sectioned_early
13212,sectioned,sectioned_early
13213,sectioned,sectioned_early
13214,sectioned,sectioned_early
13215,sectioned,sectioned_early
13216,sectioned,sectioned_early
13217,sectioned,sectioned_early
13218,sectioned,sectioned_early
13220,sectioned,sectioned_early
13221,sectioned,sectioned_early
13222,sectioned,sectioned_early
13223,sectioned,sectioned_early
13225,sectioned,sectioned_early
13226,sectioned,sectioned_early
13227,sectioned,sectioned_early
13228,sectioned,sectioned_early
13229,sectioned,sectioned_early
13230,sectioned,sectioned_early
13231,sectioned,sectioned_early
13232,sectioned,sectioned_early
13233,sectioned,sectioned_early
13234,sectioned,sectioned_early
13236,sectioned,sectioned_early
13241,sectioned,sectioned_early
13242,sectioned,sectioned_early
13243,sectioned,sectioned_early
13244,sectioned,sectioned_early
13245,sectioned,sectioned_early
13246,sectioned,sectioned_early
13247,sectioned,sectioned_early
13248,sectioned,sectioned_early
13249,sectioned,sectioned_early
13251,sectioned,sectioned_early
13252,sectioned,sectioned_early
13253,sectioned,sectioned_early
13254,sectioned,sectioned_early
13255,sectioned,sectioned_early
13256,sectioned,sectioned_early
13257,sectioned,sectioned_early
13258,sectioned,sectioned_early
13259,sectioned,sectioned_early
13260,sectioned,sectioned_early
13262,sectioned,sectioned_early
13263,sectioned,sectioned_early
13264,sectioned,sectioned_early
13266,sectioned,sectioned_early
13267,sectioned,sectioned_early
13268,sectioned,sectioned_early
13269,sectioned,sectioned_early
13270,sectioned,sectioned_early
13271,sectioned,sectioned_early
13272,sectioned,sectioned_early
13273,sectioned,sectioned_early
13274,sectioned,sectioned_early
13276,sectioned,sectioned_early
13277,sectioned,sectioned_early
13278,sectioned,sectioned_early
13279,sectioned,sectioned_early
13280,sectioned,sectioned_early
13281,sectioned,sectioned_early
13282,sectioned,sectioned_early
13283,sectioned,sectioned_early
13284,sectioned,sectioned_early
13286,sectioned,sectioned_early
13287,sectioned,sectioned_early
13288,sectioned,sectioned_early
13289,sectioned,sectioned_early
13291,sectioned,sectioned_early
13309,sectioned,sectioned_early
13316,sectioned,sectioned_early
13321,sectioned,sectioned_early
13322,sectioned,sectioned_early
13323,sectioned,sectioned_early
13324,sectioned,sectioned_early
13326,sectioned,sectioned_early
13327,sectioned,sectioned_early
13329,sectioned,sectioned_early
13330,sectioned,sectioned_early
13331,sectioned,sectioned_early
13332,sectioned,sectioned_early
13333,sectioned,sectioned_early
13334,sectioned,sectioned_early
13335,sectioned,sectioned_early
13337,sectioned,sectioned_early
13338,sectioned,sectioned_early
13339,sectioned,sectioned_early
13340,sectioned,sectioned_early
13341,sectioned,sectioned_early
13342,sectioned,sectioned_early
13343,sectioned,sectioned_early
13344,sectioned,sectioned_early
13346,sectioned,sectioned_early
13347,sectioned,sectioned_early
13348,sectioned,sectioned_early
13350,sectioned,sectioned_early
13351,sectioned,sectioned_early
13352,sectioned,sectioned_early
13354,sectioned,sectioned_early
13355,sectioned,sectioned_early
13356,sectioned,sectioned_early
13357,sectioned,sectioned_early
13358,sectioned,sectioned_early
13360,sectioned,sectioned_early
13361,sectioned,sectioned_early
13362,sectioned,sectioned_early
13365,sectioned,sectioned_early
13366,sectioned,sectioned_early
13368,sectioned,sectioned_early
13369,sectioned,sectioned_early
13370,sectioned,sectioned_early
13371,sectioned,sectioned_early
13375,sectioned,sectioned_early
13376,sectioned,sectioned_early
13377,sectioned,sectioned_early
13379,sectioned,sectioned_early
13380,sectioned,sectioned_early
13385,sectioned,sectioned_early
13387,sectioned,sectioned_early
13388,sectioned,sectioned_early
13389,sectioned,sectioned_early
13390,sectioned,sectioned_early
13391,sectioned,sectioned_early
13392,sectioned,sectioned_early
13393,sectioned,sectioned_early
13395,sectioned,sectioned_early
13398,sectioned,sectioned_early
13399,sectioned,sectioned_early
13401,sectioned,sectioned_early
13402,sectioned,sectioned_early
13404,sectioned,sectioned_early
13426,sectioned,sectioned_early
13427,sectioned,sectioned_early
13428,sectioned,sectioned_early
13430,sectioned,sectioned_early
13431,sectioned,sectioned_early
13432,sectioned,sectioned_early
13433,sectioned,sectioned_early
13434,sectioned,sectioned_early
13435,sectioned,sectioned_early
13436,sectioned,sectioned_early
13437,sectioned,sectioned_early
13438,sectioned,sectioned_early
13439,sectioned,sectioned_early
13440,sectioned,sectioned_early
13442,sectioned,sectioned_early
13444,sectioned,sectioned_early
13445,sectioned,sectioned_early
13446,sectioned,sectioned_early
13447,sectioned,sectioned_early
13448,sectioned,sectioned_early
13449,sectioned,sectioned_early
13450,sectioned,sectioned_early
13451,sectioned,sectioned_early
13454,sectioned,sectioned_early
13455,sectioned,sectioned_early
13456,sectioned,sectioned_early
13457,sectioned,sectioned_early
13458,sectioned,sectioned_early
13459,sectioned,sectioned_early
13460,sectioned,sectioned_early
13461,sectioned,sectioned_early
13462,sectioned,sectioned_early
13466,sectioned,sectioned_early
13469,sectioned,sectioned_early
13472,sectioned,sectioned_early
13473,sectioned,sectioned_early
13474,sectioned,sectioned_early
13475,sectioned,sectioned_early
13476,sectioned,sectioned_early
13477,sectioned,sectioned_early
13478,sectioned,sectioned_early
13480,sectioned,sectioned_early
13481,sectioned,sectioned_early
13482,sectioned,sectioned_early
13484,sectioned,sectioned_early
13485,sectioned,sectioned_early
13486,sectioned,sectioned_early
13487,sectioned,sectioned_early
13489,sectioned,sectioned_early
13490,sectioned,sectioned_early
13491,sectioned,sectioned_early
13492,sectioned,sectioned_early
13496,sectioned,sectioned_early
13497,sectioned,sectioned_early
13498,sectioned,sectioned_early
13499,sectioned,sectioned_early
13502,sectioned,sectioned_early
13503,sectioned,sectioned_early
13504,sectioned,sectioned_early
13505,sectioned,sectioned_early
13507,sectioned,sectioned_early
13508,sectioned,sectioned_early
13509,sectioned,sectioned_early
13510,sectioned,sectioned_early
13511,sectioned,sectioned_early
13512,sectioned,sectioned_early
13513,sectioned,sectioned_early
13514,sectioned,sectioned_early
13515,sectioned,sectioned_early
13516,sectioned,sectioned_early
13517,sectioned,sectioned_early
13518,sectioned,sectioned_early
13519,sectioned,sectioned_early
13521,sectioned,sectioned_early
13522,sectioned,sectioned_early
13523,sectioned,sectioned_early
13524,sectioned,sectioned_early
13525,sectioned,sectioned_early
13527,sectioned,sectioned_early
13530,sectioned,sectioned_early
13533,sectioned,sectioned_early
13534,sectioned,sectioned_early
13535,sectioned,sectioned_early
13537,sectioned,sectioned_early
13539,sectioned,sectioned_early
13540,sectioned,sectioned_early
13541,sectioned,sectioned_early
13545,sectioned,sectioned_early
13547,sectioned,sectioned_early
13550,sectioned,sectioned_early
13551,sectioned,sectioned_early
13553,sectioned,sectioned_early
13554,sectioned,sectioned_early
13556,sectioned,sectioned_early
13558,sectioned,sectioned_early
13559,sectioned,sectioned_early
13560,sectioned,sectioned_early
13561,sectioned,sectioned_early
13562,sectioned,sectioned_early
13563,sectioned,sectioned_early
13564,sectioned,sectioned_early
13565,sectioned,sectioned_early
13566,sectioned,sectioned_early
13567,sectioned,sectioned_early
13570,sectioned,sectioned_early
13572,sectioned,sectioned_early
13574,sectioned,sectioned_early
13575,sectioned,sectioned_early
13576,sectioned,sectioned_early
13577,sectioned,sectioned_early
13578,sectioned,sectioned_early
13579,sectioned,sectioned_early
13580,sectioned,sectioned_early
13581,sectioned,sectioned_early
13582,sectioned,sectioned_early
13583,sectioned,sectioned_early
13584,sectioned,sectioned_early
13586,sectioned,sectioned_early
13587,sectioned,sectioned_early
13588,sectioned,sectioned_early
13589,sectioned,sectioned_early
13590,sectioned,sectioned_early
13591,sectioned,sectioned_early
13592,sectioned,sectioned_early
13593,sectioned,sectioned_early
13594,sectioned,sectioned_early
13595,sectioned,sectioned_early
13596,sectioned,sectioned_early
13598,sectioned,sectioned_early
13600,sectioned,sectioned_early
13601,sectioned,sectioned_early
13603,sectioned,sectioned_early
13604,sectioned,sectioned_early
13605,sectioned,sectioned_early
13606,sectioned,sectioned_early
13607,sectioned,sectioned_early
13609,sectioned,sectioned_early
13610,sectioned,sectioned_early
13611,sectioned,sectioned_early
13612,sectioned,sectioned_early
13613,sectioned,sectioned_early
13614,sectioned,sectioned_early
13618,sectioned,sectioned_early
13619,sectioned,sectioned_early
13620,sectioned,sectioned_early
13621,sectioned,sectioned_early
13622,sectioned,sectioned_early
13623,sectioned,sectioned_early
13625,sectioned,sectioned_early
13626,sectioned,sectioned_early
13627,sectioned,sectioned_early
13628,sectioned,sectioned_early
13629,sectioned,sectioned_early
13630,sectioned,sectioned_early
13631,sectioned,sectioned_early
13632,sectioned,sectioned_early
13633,sectioned,sectioned_early
13635,sectioned,sectioned_early
13636,sectioned,sectioned_early
13637,sectioned,sectioned_early
13638,sectioned,sectioned_early
13639,sectioned,sectioned_early
13640,sectioned,sectioned_early
13641,sectioned,sectioned_early
13643,sectioned,sectioned_early
13644,sectioned,sectioned_early
13645,sectioned,sectioned_early
13646,sectioned,sectioned_early
13647,sectioned,sectioned_early
13648,sectioned,sectioned_early
13649,sectioned,sectioned_early
13650,sectioned,sectioned_early
13651,sectioned,sectioned_early
13652,sectioned,sectioned_early
13653,sectioned,sectioned_early
13654,sectioned,sectioned_early
13655,sectioned,sectioned_early
13656,sectioned,sectioned_early
13657,sectioned,sectioned_early
13659,sectioned,sectioned_early
13661,sectioned,sectioned_early
13662,sectioned,sectioned_early
13663,sectioned,sectioned_early
13664,sectioned,sectioned_early
13665,sectioned,sectioned_early
13666,sectioned,sectioned_early
13667,sectioned,sectioned_early
13668,sectioned,sectioned_early
13670,sectioned,sectioned_early
13671,sectioned,sectioned_early
13672,sectioned,sectioned_early
13673,sectioned,sectioned_early
13674,sectioned,sectioned_early
13675,sectioned,sectioned_early
13676,sectioned,sectioned_early
13677,sectioned,sectioned_early
13678,sectioned,sectioned_early
13679,sectioned,sectioned_early
13682,sectioned,sectioned_early
13683,sectioned,sectioned_early
13684,sectioned,sectioned_early
13685,sectioned,sectioned_early
13686,sectioned,sectioned_early
13687,sectioned,sectioned_early
13689,sectioned,sectioned_early
13690,sectioned,sectioned_early
13691,sectioned,sectioned_early
13692,sectioned,sectioned_early
13694,sectioned,sectioned_early
13695,sectioned,sectioned_early
13697,sectioned,sectioned_early
13698,sectioned,sectioned_early
13699,sectioned,sectioned_early
13700,sectioned,sectioned_early
13701,sectioned,sectioned_early
13702,sectioned,sectioned_early
13703,sectioned,sectioned_early
13704,sectioned,sectioned_early
13705,sectioned,sectioned_early
13706,sectioned,sectioned_early
13708,sectioned,sectioned_early
13710,sectioned,sectioned_early
13711,sectioned,sectioned_early
13712,sectioned,sectioned_early
13713,sectioned,sectioned_early
13714,sectioned,sectioned_early
13715,sectioned,sectioned_early
13716,sectioned,sectioned_early
13717,sectioned,sectioned_early
13718,sectioned,sectioned_early
13719,sectioned,sectioned_early
13721,sectioned,sectioned_early
13724,sectioned,sectioned_early
13725,sectioned,sectioned_early
13726,sectioned,sectioned_early
13728,sectioned,sectioned_early
13729,sectioned,sectioned_early
13730,sectioned,sectioned_early
13731,sectioned,sectioned_early
13733,sectioned,sectioned_early
13737,sectioned,sectioned_early
13738,sectioned,sectioned_early
13739,sectioned,sectioned_early
13740,sectioned,sectioned_early
13741,sectioned,sectioned_early
13743,sectioned,sectioned_early
13744,sectioned,sectioned_early
13745,sectioned,sectioned_early
13746,sectioned,sectioned_early
13747,sectioned,sectioned_early
13748,sectioned,sectioned_early
13749,sectioned,sectioned_early
13750,sectioned,sectioned_early
13751,sectioned,sectioned_early
13752,sectioned,sectioned_early
13755,sectioned,sectioned_early
13756,sectioned,sectioned_early
13757,sectioned,sectioned_early
13758,sectioned,sectioned_early
13759,sectioned,sectioned_early
13760,sectioned,sectioned_early
13761,sectioned,sectioned_early
13762,sectioned,sectioned_early
13763,sectioned,sectioned_early
13764,sectioned,sectioned_early
13766,sectioned,sectioned_early
13767,sectioned,sectioned_early
13768,sectioned,sectioned_early
13769,sectioned,sectioned_early
13770,sectioned,sectioned_early
13771,sectioned,sectioned_early
13772,sectioned,sectioned_early
13773,sectioned,sectioned_early
13775,sectioned,sectioned_early
13776,sectioned,sectioned_early
13777,sectioned,sectioned_early
13778,sectioned,sectioned_early
13779,sectioned,sectioned_early
13780,sectioned,sectioned_early
13781,sectioned,sectioned_early
13782,sectioned,sectioned_early
13783,sectioned,sectioned_early
13784,sectioned,sectioned_early
13785,sectioned,sectioned_early
13786,sectioned,sectioned_early
13787,sectioned,sectioned_early
13788,sectioned,sectioned_early
13789,sectioned,sectioned_early
13790,sectioned,sectioned_early
13792,sectioned,sectioned_early
13793,sectioned,sectioned_early
13794,sectioned,sectioned_early
13795,sectioned,sectioned_early
13796,sectioned,sectioned_early
13797,sectioned,sectioned_early
13798,sectioned,sectioned_early
13799,sectioned,sectioned_early
13800,sectioned,sectioned_early
13801,sectioned,sectioned_early
13802,sectioned,sectioned_early
13803,sectioned,sectioned_early
13804,sectioned,sectioned_early
13805,sectioned,sectioned_early
13806,sectioned,sectioned_early
13807,sectioned,sectioned_early
13808,sectioned,sectioned_early
13809,sectioned,sectioned_early
13810,sectioned,sectioned_early
13811,sectioned,sectioned_early
13812,sectioned,sectioned_early
13813,sectioned,sectioned_early
13814,sectioned,sectioned_early
13815,sectioned,sectioned_early
13816,sectioned,sectioned_early
13817,sectioned,sectioned_early
13819,sectioned,sectioned_early
13820,sectioned,sectioned_early
13821,sectioned,sectioned_early
13822,sectioned,sectioned_early
13823,sectioned,sectioned_early
13824,sectioned,sectioned_early
13825,sectioned,sectioned_early
13826,sectioned,sectioned_early
13827,sectioned,sectioned_early
13828,sectioned,sectioned_early
13829,sectioned,sectioned_early
13830,sectioned,sectioned_early
13831,sectioned,sectioned_early
13832,sectioned,sectioned_early
13833,sectioned,sectioned_early
13834,sectioned,sectioned_early
13835,sectioned,sectioned_early
13836,sectioned,sectioned_early
13837,sectioned,sectioned_early
13838,sectioned,sectioned_early
13839,sectioned,sectioned_early
13840,sectioned,sectioned_early
13841,sectioned,sectioned_early
13842,sectioned,sectioned_early
13843,sectioned,sectioned_early
13844,sectioned,sectioned_early
13846,sectioned,sectioned_early
13847,sectioned,sectioned_early
13848,sectioned,sectioned_early
13849,sectioned,sectioned_early
13852,sectioned,sectioned_early
13853,sectioned,sectioned_early
13854,sectioned,sectioned_early
13855,sectioned,sectioned_early
13856,sectioned,sectioned_early
13857,sectioned,sectioned_early
13858,sectioned,sectioned_early
13859,sectioned,sectioned_early
13860,sectioned,sectioned_early
13861,sectioned,sectioned_early
13862,sectioned,sectioned_early
13866,sectioned,sectioned_early
13867,sectioned,sectioned_early
13868,sectioned,sectioned_early
13869,sectioned,sectioned_early
13870,sectioned,sectioned_early
13871,sectioned,sectioned_early
13872,sectioned,sectioned_early
13873,sectioned,sectioned_early
13875,sectioned,sectioned_early
13876,sectioned,sectioned_early
13877,sectioned,sectioned_early
13878,sectioned,sectioned_early
13879,sectioned,sectioned_early
13880,sectioned,sectioned_early
13881,sectioned,sectioned_early
13884,sectioned,sectioned_early
13885,sectioned,sectioned_early
13886,sectioned,sectioned_early
13887,sectioned,sectioned_early
13888,sectioned,sectioned_early
13889,sectioned,sectioned_early
13890,sectioned,sectioned_early
13891,sectioned,sectioned_early
13892,sectioned,sectioned_early
13893,sectioned,sectioned_early
13894,sectioned,sectioned_early
13895,sectioned,sectioned_early
13896,sectioned,sectioned_early
13897,sectioned,sectioned_early
13898,sectioned,sectioned_early
13900,sectioned,sectioned_early
13901,sectioned,sectioned_early
13902,sectioned,sectioned_early
13903,sectioned,sectioned_early
13904,sectioned,sectioned_early
13905,sectioned,sectioned_early
13906,sectioned,sectioned_early
13907,sectioned,sectioned_early
13908,sectioned,sectioned_early
13909,sectioned,sectioned_early
13910,sectioned,sectioned_early
13911,sectioned,sectioned_early
13912,sectioned,sectioned_early
13913,sectioned,sectioned_early
13915,sectioned,sectioned_early
13916,sectioned,sectioned_early
13917,sectioned,sectioned_early
13918,sectioned,sectioned_early
13919,sectioned,sectioned_early
13920,sectioned,sectioned_early
13921,sectioned,sectioned_early
13922,sectioned,sectioned_early
13923,sectioned,sectioned_early
13924,sectioned,sectioned_early
13925,sectioned,sectioned_early
13926,sectioned,sectioned_early
13927,sectioned,sectioned_early
13928,sectioned,sectioned_early
13929,sectioned,sectioned_early
13930,sectioned,sectioned_early
13931,sectioned,sectioned_early
13932,sectioned,sectioned_early
13933,sectioned,sectioned_early
13934,sectioned,sectioned_early
13935,sectioned,sectioned_early
13936,sectioned,sectioned_early
13937,sectioned,sectioned_early
13938,sectioned,sectioned_early
13939,sectioned,sectioned_early
13940,sectioned,sectioned_early
13941,sectioned,sectioned_early
13942,sectioned,sectioned_early
13943,sectioned,sectioned_early
13944,sectioned,sectioned_early
13945,sectioned,sectioned_early
13946,sectioned,sectioned_early
13947,sectioned,sectioned_early
13948,sectioned,sectioned_early
13949,sectioned,sectioned_early
13950,sectioned,sectioned_early
13951,sectioned,sectioned_early
13952,sectioned,sectioned_early
13953,sectioned,sectioned_early
13954,sectioned,sectioned_early
13955,sectioned,sectioned_early
13956,sectioned,sectioned_early
13957,sectioned,sectioned_early
13958,sectioned,sectioned_early
13959,sectioned,sectioned_early
13960,sectioned,sectioned_early
13961,sectioned,sectioned_early
13962,sectioned,sectioned_early
13963,sectioned,sectioned_early
13965,sectioned,sectioned_early
13966,sectioned,sectioned_early
13967,sectioned,sectioned_early
13968,sectioned,sectioned_early
13969,sectioned,sectioned_early
13970,sectioned,sectioned_early
13971,sectioned,sectioned_early
13972,sectioned,sectioned_early
13973,sectioned,sectioned_early
13974,sectioned,sectioned_early
13975,sectioned,sectioned_early
13976,sectioned,sectioned_early
13977,sectioned,sectioned_early
13978,sectioned,sectioned_early
13979,sectioned,sectioned_early
13981,sectioned,sectioned_early
13982,sectioned,sectioned_early
13983,sectioned,sectioned_early
13984,sectioned,sectioned_early
13985,sectioned,sectioned_early
13987,sectioned,sectioned_early
13988,sectioned,sectioned_early
13989,sectioned,sectioned_early
13990,sectioned,sectioned_early
13991,sectioned,sectioned_early
13992,sectioned,sectioned_early
13993,sectioned,sectioned_early
13994,sectioned,sectioned_early
13995,sectioned,sectioned_early
13996,sectioned,sectioned_early
13998,sectioned,sectioned_early
13999,sectioned,sectioned_early
14001,sectioned,sectioned_early
14002,sectioned,sectioned_early
14003,sectioned,sectioned_early
14004,sectioned,sectioned_early
14005,sectioned,sectioned_early
14006,sectioned,sectioned_early
14007,sectioned,sectioned_early
14008,sectioned,sectioned_early
14009,sectioned,sectioned_early
14010,sectioned,sectioned_early
14011,sectioned,sectioned_early
14013,sectioned,sectioned_early
14014,sectioned,sectioned_early
14015,sectioned,sectioned_early
14016,sectioned,sectioned_early
14021,sectioned,sectioned_early
14022,sectioned,sectioned_early
14023,sectioned,sectioned_early
14024,sectioned,sectioned_early
14025,sectioned,sectioned_early
14026,sectioned,sectioned_early
14027,sectioned,sectioned_early
14028,sectioned,sectioned_early
14030,sectioned,sectioned_early
14031,sectioned,sectioned_early
14032,sectioned,sectioned_early
14033,sectioned,sectioned_early
14034,sectioned,sectioned_early
14035,sectioned,sectioned_early
14036,sectioned,sectioned_early
14037,sectioned,sectioned_early
14038,sectioned,sectioned_early
14039,sectioned,sectioned_early
14040,sectioned,sectioned_early
14041,sectioned,sectioned_early
14042,sectioned,sectioned_early
14043,sectioned,sectioned_early
14044,sectioned,sectioned_early
14045,sectioned,sectioned_early
14047,sectioned,sectioned_early
14048,sectioned,sectioned_early
14049,sectioned,sectioned_early
14050,sectioned,sectioned_early
14051,sectioned,sectioned_early
14052,sectioned,sectioned_early
14054,sectioned,sectioned_early
14055,sectioned,sectioned_early
14057,sectioned,sectioned_early
14058,sectioned,sectioned_early
14059,sectioned,sectioned_early
14060,sectioned,sectioned_early
14061,sectioned,sectioned_early
14062,sectioned,sectioned_early
14063,sectioned,sectioned_early
14065,sectioned,sectioned_early
14066,sectioned,sectioned_early
14067,sectioned,sectioned_early
14068,sectioned,sectioned_early
14069,sectioned,sectioned_early
14070,sectioned,sectioned_early
14071,sectioned,sectioned_early
14072,sectioned,sectioned_early
14073,sectioned,sectioned_early
14074,sectioned,sectioned_early
14075,sectioned,sectioned_early
14076,sectioned,sectioned_early
14077,sectioned,sectioned_early
14078,sectioned,sectioned_early
14079,sectioned,sectioned_early
14080,sectioned,sectioned_early
14081,sectioned,sectioned_early
14082,sectioned,sectioned_early
14083,sectioned,sectioned_early
14084,sectioned,sectioned_early
14085,sectioned,sectioned_early
14086,sectioned,sectioned_early
14087,sectioned,sectioned_early
14088,sectioned,sectioned_early
14089,sectioned,sectioned_early
14090,sectioned,sectioned_early
14091,sectioned,sectioned_early
14092,sectioned,sectioned_early
14093,sectioned,sectioned_early
14094,sectioned,sectioned_early
14096,sectioned,sectioned_early
14097,sectioned,sectioned_early
14098,sectioned,sectioned_early
14100,sectioned,sectioned_early
14101,sectioned,sectioned_early
14102,sectioned,sectioned_early
14103,sectioned,sectioned_early
14105,sectioned,sectioned_early
14107,sectioned,sectioned_early
14108,sectioned,sectioned_early
14111,sectioned,sectioned_early
14112,sectioned,sectioned_early
14113,sectioned,sectioned_early
14114,sectioned,sectioned_early
14115,sectioned,sectioned_early
14116,sectioned,sectioned_early
14119,sectioned,sectioned_early
14121,sectioned,sectioned_early
14122,sectioned,sectioned_early
14123,sectioned,sectioned_early
14124,sectioned,sectioned_early
14125,sectioned,sectioned_early
14126,sectioned,sectioned_early
14127,sectioned,sectioned_early
14128,sectioned,sectioned_early
14129,sectioned,sectioned_early
14131,sectioned,sectioned_early
14132,sectioned,sectioned_early
14133,sectioned,sectioned_early
14134,sectioned,sectioned_early
14136,sectioned,sectioned_early
14137,sectioned,sectioned_early
14139,sectioned,sectioned_early
14140,sectioned,sectioned_early
14141,sectioned,sectioned_early
14143,sectioned,sectioned_early
14144,sectioned,sectioned_early
14145,sectioned,sectioned_early
14146,sectioned,sectioned_early
14147,sectioned,sectioned_early
14148,sectioned,sectioned_early
14150,sectioned,sectioned_early
14151,sectioned,sectioned_early
14152,sectioned,sectioned_early
14153,sectioned,sectioned_early
14154,sectioned,sectioned_early
14155,sectioned,sectioned_early
14156,sectioned,sectioned_early
14157,sectioned,sectioned_early
14158,sectioned,sectioned_early
14159,sectioned,sectioned_early
14160,sectioned,sectioned_early
14163,sectioned,sectioned_early
14164,sectioned,sectioned_early
14165,sectioned,sectioned_early
14166,sectioned,sectioned_early
14167,sectioned,sectioned_early
14169,sectioned,sectioned_early
14171,sectioned,sectioned_early
14172,sectioned,sectioned_early
14173,sectioned,sectioned_early
14174,sectioned,sectioned_early
14176,sectioned,sectioned_early
14177,sectioned,sectioned_early
14178,sectioned,sectioned_early
14179,sectioned,sectioned_early
14180,sectioned,sectioned_early
14182,sectioned,sectioned_early
14184,sectioned,sectioned_early
14185,sectioned,sectioned_early
14186,sectioned,sectioned_early
14187,sectioned,sectioned_early
14188,sectioned,sectioned_early
14190,sectioned,sectioned_early
14212,sectioned,sectioned_early
14213,sectioned,sectioned_early
14214,sectioned,sectioned_early
14215,sectioned,sectioned_early
14216,sectioned,sectioned_early
14217,sectioned,sectioned_early
14218,sectioned,sectioned_early
14219,sectioned,sectioned_early
14220,sectioned,sectioned_early
14221,sectioned,sectioned_early
14225,sectioned,sectioned_early
14231,sectioned,sectioned_early
14232,sectioned,sectioned_early
14233,sectioned,sectioned_early
14234,sectioned,sectioned_early
14235,sectioned,sectioned_early
14236,sectioned,sectioned_early
14239,sectioned,sectioned_early
14240,sectioned,sectioned_early
14242,sectioned,sectioned_early
14243,sectioned,sectioned_early
14245,sectioned,sectioned_early
14246,sectioned,sectioned_early
14247,sectioned,sectioned_early
14248,sectioned,sectioned_early
14250,sectioned,sectioned_early
14251,sectioned,sectioned_early
14252,sectioned,sectioned_early
14253,sectioned,sectioned_early
14254,sectioned,sectioned_early
14262,sectioned,sectioned_early
14263,sectioned,sectioned_early
14264,sectioned,sectioned_early
14265,sectioned,sectioned_early
14266,sectioned,sectioned_early
14269,sectioned,sectioned_early
14270,sectioned,sectioned_early
14271,sectioned,sectioned_early
14272,sectioned,sectioned_early
14273,sectioned,sectioned_early
14275,sectioned,sectioned_early
14276,sectioned,sectioned_early
14278,sectioned,sectioned_early
14279,sectioned,sectioned_early
14280,sectioned,sectioned_early
14282,sectioned,sectioned_early
14283,sectioned,sectioned_early
14284,sectioned,sectioned_early
14285,sectioned,sectioned_early
14287,sectioned,sectioned_early
14288,sectioned,sectioned_early
14289,sectioned,sectioned_early
14290,sectioned,sectioned_early
14291,sectioned,sectioned_early
14292,sectioned,sectioned_early
14293,sectioned,sectioned_early
14294,sectioned,sectioned_early
14298,sectioned,sectioned_early
14299,sectioned,sectioned_early
14300,sectioned,sectioned_early
14301,sectioned,sectioned_early
14302,sectioned,sectioned_early
14303,sectioned,sectioned_early
14304,sectioned,sectioned_early
14305,sectioned,sectioned_early
14306,sectioned,sectioned_early
14307,sectioned,sectioned_early
14308,sectioned,sectioned_early
14309,sectioned,sectioned_early
14310,sectioned,sectioned_early
14311,sectioned,sectioned_early
14312,sectioned,sectioned_early
14313,sectioned,sectioned_early
14314,sectioned,sectioned_early
14315,sectioned,sectioned_early
14316,sectioned,sectioned_early
14317,sectioned,sectioned_early
14318,sectioned,sectioned_early
14319,sectioned,sectioned_early
14320,sectioned,sectioned_early
14321,sectioned,sectioned_early
14322,sectioned,sectioned_early
14323,sectioned,sectioned_early
14324,sectioned,sectioned_early
14325,sectioned,sectioned_early
14326,sectioned,sectioned_early
14327,sectioned,sectioned_early
14328,sectioned,sectioned_early
14329,sectioned,sectioned_early
14330,sectioned,sectioned_early
14331,sectioned,sectioned_early
14333,sectioned,sectioned_early
14334,sectioned,sectioned_early
14335,sectioned,sectioned_early
14336,sectioned,sectioned_early
14337,sectioned,sectioned_early
14338,sectioned,sectioned_early
14339,sectioned,sectioned_early
14340,sectioned,sectioned_early
14341,sectioned,sectioned_early
14342,sectioned,sectioned_early
14343,sectioned,sectioned_early
14344,sectioned,sectioned_early
14345,sectioned,sectioned_early
14346,sectioned,sectioned_early
14347,sectioned,sectioned_early
14348,sectioned,sectioned_early
14349,sectioned,sectioned_early
14350,sectioned,sectioned_early
14351,sectioned,sectioned_early
14352,sectioned,sectioned_early
14353,sectioned,sectioned_early
14354,sectioned,sectioned_early
14357,sectioned,sectioned_early
14359,sectioned,sectioned_early
14361,sectioned,sectioned_early
14363,sectioned,sectioned_early
14364,sectioned,sectioned_early
14365,sectioned,sectioned_early
14366,sectioned,sectioned_early
14367,sectioned,sectioned_early
14368,sectioned,sectioned_early
14370,sectioned,sectioned_early
14371,sectioned,sectioned_early
14372,sectioned,sectioned_early
14373,sectioned,sectioned_early
14374,sectioned,sectioned_early
14375,sectioned,sectioned_early
14376,sectioned,sectioned_early
14377,sectioned,sectioned_early
14378,sectioned,sectioned_early
14379,sectioned,sectioned_early
14380,sectioned,sectioned_early
14382,sectioned,sectioned_early
14383,sectioned,sectioned_early
14384,sectioned,sectioned_early
14385,sectioned,sectioned_early
14387,sectioned,sectioned_early
14392,sectioned,sectioned_early
14393,sectioned,sectioned_early
14395,sectioned,sectioned_early
14396,sectioned,sectioned_early
14397,sectioned,sectioned_early
14398,sectioned,sectioned_early
14399,sectioned,sectioned_early
14400,sectioned,sectioned_early
14401,sectioned,sectioned_early
14402,sectioned,sectioned_early
14404,sectioned,sectioned_early
14405,sectioned,sectioned_early
14406,sectioned,sectioned_early
14407,sectioned,sectioned_early
14408,sectioned,sectioned_early
14411,sectioned,sectioned_early
14412,sectioned,sectioned_early
14413,sectioned,sectioned_early
14414,sectioned,sectioned_early
14415,sectioned,sectioned_early
14416,sectioned,sectioned_early
14417,sectioned,sectioned_early
14418,sectioned,sectioned_early
14419,sectioned,sectioned_early
14421,sectioned,sectioned_early
14422,sectioned,sectioned_early
14423,sectioned,sectioned_early
14424,sectioned,sectioned_early
14425,sectioned,sectioned_early
14426,sectioned,sectioned_early
14428,sectioned,sectioned_early
14429,sectioned,sectioned_early
14430,sectioned,sectioned_early
14431,sectioned,sectioned_early
14432,sectioned,sectioned_early
14433,sectioned,sectioned_early
14434,sectioned,sectioned_early
14435,sectioned,sectioned_early
14436,sectioned,sectioned_early
14437,sectioned,sectioned_early
14438,sectioned,sectioned_early
14439,sectioned,sectioned_early
14440,sectioned,sectioned_early
14441,sectioned,sectioned_early
14442,sectioned,sectioned_early
14443,sectioned,sectioned_early
14445,sectioned,sectioned_early
14446,sectioned,sectioned_early
14447,sectioned,sectioned_early
14448,sectioned,sectioned_early
14449,sectioned,sectioned_early
14450,sectioned,sectioned_early
14451,sectioned,sectioned_early
14452,sectioned,sectioned_early
14453,sectioned,sectioned_early
14454,sectioned,sectioned_early
14456,sectioned,sectioned_early
14457,sectioned,sectioned_early
14458,sectioned,sectioned_early
14459,sectioned,sectioned_early
14460,sectioned,sectioned_early
14461,sectioned,sectioned_early
14462,sectioned,sectioned_early
14463,sectioned,sectioned_early
14467,sectioned,sectioned_early
14468,sectioned,sectioned_early
14471,sectioned,sectioned_early
14473,sectioned,sectioned_early
14474,sectioned,sectioned_early
14475,sectioned,sectioned_early
14476,sectioned,sectioned_early
14477,sectioned,sectioned_early
14478,sectioned,sectioned_early
14479,sectioned,sectioned_early
14480,sectioned,sectioned_early
14481,sectioned,sectioned_early
14482,sectioned,sectioned_early
14483,sectioned,sectioned_early
14484,sectioned,sectioned_early
14485,sectioned,sectioned_early
14486,sectioned,sectioned_early
14487,sectioned,sectioned_early
14488,sectioned,sectioned_early
14489,sectioned,sectioned_early
14491,sectioned,sectioned_early
14492,sectioned,sectioned_early
14493,sectioned,sectioned_early
14494,sectioned,sectioned_early
14495,sectioned,sectioned_early
14497,sectioned,sectioned_early
14498,sectioned,sectioned_early
14499,sectioned,sectioned_early
14500,sectioned,sectioned_early
14501,sectioned,sectioned_early
14502,sectioned,sectioned_early
14503,sectioned,sectioned_early
14504,sectioned,sectioned_early
14506,sectioned,sectioned_early
14507,sectioned,sectioned_early
14508,sectioned,sectioned_early
14509,sectioned,sectioned_early
14510,sectioned,sectioned_early
14511,sectioned,sectioned_early
14513,sectioned,sectioned_early
14515,sectioned,sectioned_early
14516,sectioned,sectioned_early
14520,sectioned,sectioned_early
14521,sectioned,sectioned_early
14522,sectioned,sectioned_early
14523,sectioned,sectioned_early
14524,sectioned,sectioned_early
14525,sectioned,sectioned_early
14527,sectioned,sectioned_early
14528,sectioned,sectioned_early
14529,sectioned,sectioned_early
14530,sectioned,sectioned_early
14531,sectioned,sectioned_early
14533,sectioned,sectioned_early
14534,sectioned,sectioned_early
14536,sectioned,sectioned_early
14537,sectioned,sectioned_early
14538,sectioned,sectioned_early
14539,sectioned,sectioned_early
14540,sectioned,sectioned_early
14542,sectioned,sectioned_early
14543,sectioned,sectioned_early
14545,sectioned,sectioned_early
14546,sectioned,sectioned_early
14547,sectioned,sectioned_early
14549,sectioned,sectioned_early
14550,sectioned,sectioned_early
14552,sectioned,sectioned_early
14553,sectioned,sectioned_early
14554,sectioned,sectioned_early
14555,sectioned,sectioned_early
14556,sectioned,sectioned_early
14557,sectioned,sectioned_early
14558,sectioned,sectioned_early
14559,sectioned,sectioned_early
14561,sectioned,sectioned_early
14562,sectioned,sectioned_early
14563,sectioned,sectioned_early
14564,sectioned,sectioned_early
14565,sectioned,sectioned_early
14566,sectioned,sectioned_early
14567,sectioned,sectioned_early
14568,sectioned,sectioned_early
14569,sectioned,sectioned_early
14570,sectioned,sectioned_early
14571,sectioned,sectioned_early
14572,sectioned,sectioned_early
14573,sectioned,sectioned_early
14574,sectioned,sectioned_early
14575,sectioned,sectioned_early
14576,sectioned,sectioned_early
14577,sectioned,sectioned_early
14578,sectioned,sectioned_early
14579,sectioned,sectioned_early
14581,sectioned,sectioned_early
14582,sectioned,sectioned_early
14583,sectioned,sectioned_early
14584,sectioned,sectioned_early
14585,sectioned,sectioned_early
14586,sectioned,sectioned_early
14587,sectioned,sectioned_early
14588,sectioned,sectioned_early
14589,sectioned,sectioned_early
14590,sectioned,sectioned_early
14591,sectioned,sectioned_early
14592,sectioned,sectioned_early
14593,sectioned,sectioned_early
14594,sectioned,sectioned_early
14595,sectioned,sectioned_early
14596,sectioned,sectioned_early
14597,sectioned,sectioned_early
14598,sectioned,sectioned_early
14599,sectioned,sectioned_early
14602,sectioned,sectioned_early
14603,sectioned,sectioned_early
14605,sectioned,sectioned_early
14607,sectioned,sectioned_early
14608,sectioned,sectioned_early
14609,sectioned,sectioned_early
14610,sectioned,sectioned_early
14611,sectioned,sectioned_early
14612,sectioned,sectioned_early
14613,sectioned,sectioned_early
14614,sectioned,sectioned_early
14615,sectioned,sectioned_early
14616,sectioned,sectioned_early
14617,sectioned,sectioned_early
14618,sectioned,sectioned_early
14619,sectioned,sectioned_early
14620,sectioned,sectioned_early
14621,sectioned,sectioned_early
14622,sectioned,sectioned_early
14623,sectioned,sectioned_early
14624,sectioned,sectioned_early
14625,sectioned,sectioned_early
14627,sectioned,sectioned_early
14628,sectioned,sectioned_early
14629,sectioned,sectioned_early
14630,sectioned,sectioned_early
14631,sectioned,sectioned_early
14632,sectioned,sectioned_early
14633,sectioned,sectioned_early
14634,sectioned,sectioned_early
14635,sectioned,sectioned_early
14636,sectioned,sectioned_early
14637,sectioned,sectioned_early
14638,sectioned,sectioned_early
14639,sectioned,sectioned_early
14640,sectioned,sectioned_early
14641,sectioned,sectioned_early
14642,sectioned,sectioned_early
14643,sectioned,sectioned_early
14644,sectioned,sectioned_early
14646,sectioned,sectioned_early
14647,sectioned,sectioned_early
14650,sectioned,sectioned_early
14651,sectioned,sectioned_early
14652,sectioned,sectioned_early
14653,sectioned,sectioned_early
14654,sectioned,sectioned_early
14655,sectioned,sectioned_early
14656,sectioned,sectioned_early
14657,sectioned,sectioned_early
14658,sectioned,sectioned_early
14659,sectioned,sectioned_early
14660,sectioned,sectioned_early
14662,sectioned,sectioned_early
14664,sectioned,sectioned_early
14665,sectioned,sectioned_early
14666,sectioned,sectioned_early
14667,sectioned,sectioned_early
14669,sectioned,sectioned_early
14670,sectioned,sectioned_early
14672,sectioned,sectioned_early
14674,sectioned,sectioned_early
14675,sectioned,sectioned_early
14676,sectioned,sectioned_early
14677,sectioned,sectioned_early
14678,sectioned,sectioned_early
14680,sectioned,sectioned_early
14681,sectioned,sectioned_early
14682,sectioned,sectioned_early
14683,sectioned,sectioned_early
14684,sectioned,sectioned_early
14685,sectioned,sectioned_early
14686,sectioned,sectioned_early
14687,sectioned,sectioned_early
14688,sectioned,sectioned_early
14689,sectioned,sectioned_early
14690,sectioned,sectioned_early
14691,sectioned,sectioned_early
14692,sectioned,sectioned_early
14693,sectioned,sectioned_early
14698,sectioned,sectioned_early
14699,sectioned,sectioned_early
14700,sectioned,sectioned_early
14701,sectioned,sectioned_early
14702,sectioned,sectioned_early
14703,sectioned,sectioned_early
14704,sectioned,sectioned_early
14705,sectioned,sectioned_early
14707,sectioned,sectioned_early
14708,sectioned,sectioned_early
14709,sectioned,sectioned_early
14710,sectioned,sectioned_early
14711,sectioned,sectioned_early
14712,sectioned,sectioned_early
14713,sectioned,sectioned_early
14715,sectioned,sectioned_early
14716,sectioned,sectioned_early
14717,sectioned,sectioned_early
14718,sectioned,sectioned_early
14719,sectioned,sectioned_early
14720,sectioned,sectioned_early
14721,sectioned,sectioned_early
14722,sectioned,sectioned_early
14723,sectioned,sectioned_early
14724,sectioned,sectioned_early
14725,sectioned,sectioned_early
14726,sectioned,sectioned_early
14727,sectioned,sectioned_early
14728,sectioned,sectioned_early
14729,sectioned,sectioned_early
14730,sectioned,sectioned_early
14731,sectioned,sectioned_early
14736,sectioned,sectioned_early
14738,sectioned,sectioned_early
14739,sectioned,sectioned_early
14740,sectioned,sectioned_early
14741,sectioned,sectioned_early
14742,sectioned,sectioned_early
14743,sectioned,sectioned_early
14744,sectioned,sectioned_early
14745,sectioned,sectioned_early
14746,sectioned,sectioned_early
14747,sectioned,sectioned_early
14750,sectioned,sectioned_early
14751,sectioned,sectioned_early
14752,sectioned,sectioned_early
14753,sectioned,sectioned_early
14754,sectioned,sectioned_early
14756,sectioned,sectioned_early
14757,sectioned,sectioned_early
14758,sectioned,sectioned_early
14760,sectioned,sectioned_early
14761,sectioned,sectioned_early
14762,sectioned,sectioned_early
14763,sectioned,sectioned_early
14764,sectioned,sectioned_early
14765,sectioned,sectioned_early
14767,sectioned,sectioned_early
14768,sectioned,sectioned_early
14769,sectioned,sectioned_early
14770,sectioned,sectioned_early
14772,sectioned,sectioned_early
14773,sectioned,sectioned_early
14774,sectioned,sectioned_early
14775,sectioned,sectioned_early
14776,sectioned,sectioned_early
14777,sectioned,sectioned_early
14778,sectioned,sectioned_early
14779,sectioned,sectioned_early
14780,sectioned,sectioned_early
14781,sectioned,sectioned_early
14782,sectioned,sectioned_early
14783,sectioned,sectioned_early
14784,sectioned,sectioned_early
14785,sectioned,sectioned_early
14786,sectioned,sectioned_early
14787,sectioned,sectioned_early
14788,sectioned,sectioned_early
14789,sectioned,sectioned_early
14790,sectioned,sectioned_early
14791,sectioned,sectioned_early
14792,sectioned,sectioned_early
14793,sectioned,sectioned_early
14796,sectioned,sectioned_early
14797,sectioned,sectioned_early
14798,sectioned,sectioned_early
14799,sectioned,sectioned_early
14800,sectioned,sectioned_early
14801,sectioned,sectioned_early
14802,sectioned,sectioned_early
14807,sectioned,sectioned_early
14808,sectioned,sectioned_early
14809,sectioned,sectioned_early
14810,sectioned,sectioned_early
14811,sectioned,sectioned_early
14812,sectioned,sectioned_early
14813,sectioned,sectioned_early
14814,sectioned,sectioned_early
14816,sectioned,sectioned_early
14817,sectioned,sectioned_early
14818,sectioned,sectioned_early
14819,sectioned,sectioned_early
14821,sectioned,sectioned_early
14822,sectioned,sectioned_early
14823,sectioned,sectioned_early
14824,sectioned,sectioned_early
14828,sectioned,sectioned_early
14829,sectioned,sectioned_early
14830,sectioned,sectioned_early
14832,sectioned,sectioned_early
14833,sectioned,sectioned_early
14834,sectioned,sectioned_early
14835,sectioned,sectioned_early
14837,sectioned,sectioned_early
14838,sectioned,sectioned_early
14839,sectioned,sectioned_early
14840,sectioned,sectioned_early
14841,sectioned,sectioned_early
14842,sectioned,sectioned_early
14845,sectioned,sectioned_early
14847,sectioned,sectioned_early
14848,sectioned,sectioned_early
14849,sectioned,sectioned_early
14850,sectioned,sectioned_early
14851,sectioned,sectioned_early
14852,sectioned,sectioned_early
14853,sectioned,sectioned_early
14854,sectioned,sectioned_early
14855,sectioned,sectioned_early
14857,sectioned,sectioned_early
14859,sectioned,sectioned_early
14860,sectioned,sectioned_early
14861,sectioned,sectioned_early
14882,sectioned,sectioned_early
14883,sectioned,sectioned_early
14885,sectioned,sectioned_early
14886,sectioned,sectioned_early
14887,sectioned,sectioned_early
14888,sectioned,sectioned_early
14889,sectioned,sectioned_early
14890,sectioned,sectioned_early
14891,sectioned,sectioned_early
14892,sectioned,sectioned_early
14893,sectioned,sectioned_early
14894,sectioned,sectioned_early
14895,sectioned,sectioned_early
14896,sectioned,sectioned_early
14897,sectioned,sectioned_early
14898,sectioned,sectioned_early
14899,sectioned,sectioned_early
14902,sectioned,sectioned_early
14903,sectioned,sectioned_early
14904,sectioned,sectioned_early
14905,sectioned,sectioned_early
14906,sectioned,sectioned_early
14907,sectioned,sectioned_early
14908,sectioned,sectioned_early
14909,sectioned,sectioned_early
14910,sectioned,sectioned_early
14911,sectioned,sectioned_early
14912,sectioned,sectioned_early
14913,sectioned,sectioned_early
14914,sectioned,sectioned_early
14916,sectioned,sectioned_early
14919,sectioned,sectioned_early
14924,sectioned,sectioned_early
14925,sectioned,sectioned_early
14926,sectioned,sectioned_early
14927,sectioned,sectioned_early
14928,sectioned,sectioned_early
14929,sectioned,sectioned_early
14930,sectioned,sectioned_early
14931,sectioned,sectioned_early
14934,sectioned,sectioned_early
14935,sectioned,sectioned_early
14936,sectioned,sectioned_early
14937,sectioned,sectioned_early
14938,sectioned,sectioned_early
14939,sectioned,sectioned_early
14940,sectioned,sectioned_early
14941,sectioned,sectioned_early
14943,sectioned,sectioned_early
14944,sectioned,sectioned_early
14945,sectioned,sectioned_early
14947,sectioned,sectioned_early
14949,sectioned,sectioned_early
14951,sectioned,sectioned_early
14952,sectioned,sectioned_early
14953,sectioned,sectioned_early
14954,sectioned,sectioned_early
14955,sectioned,sectioned_early
14956,sectioned,sectioned_early
14957,sectioned,sectioned_early
14958,sectioned,sectioned_early
14959,sectioned,sectioned_early
14960,sectioned,sectioned_early
14963,sectioned,sectioned_early
14964,sectioned,sectioned_early
14965,sectioned,sectioned_early
14966,sectioned,sectioned_early
14967,sectioned,sectioned_early
14968,sectioned,sectioned_early
14969,sectioned,sectioned_early
14970,sectioned,sectioned_early
14971,sectioned,sectioned_early
14972,sectioned,sectioned_early
14974,sectioned,sectioned_early
14975,sectioned,sectioned_early
14976,sectioned,sectioned_early
14978,sectioned,sectioned_early
14979,sectioned,sectioned_early
14980,sectioned,sectioned_early
14985,sectioned,sectioned_early
14986,sectioned,sectioned_early
14987,sectioned,sectioned_early
14988,sectioned,sectioned_early
14989,sectioned,sectioned_early
14990,sectioned,sectioned_early
14991,sectioned,sectioned_early
14992,sectioned,sectioned_early
14994,sectioned,sectioned_early
14995,sectioned,sectioned_early
14996,sectioned,sectioned_early
14997,sectioned,sectioned_early
14998,sectioned,sectioned_early
15000,sectioned,sectioned_early
15001,sectioned,sectioned_early
15002,sectioned,sectioned_early
15003,sectioned,sectioned_early
15004,sectioned,sectioned_early
15005,sectioned,sectioned_early
15006,sectioned,sectioned_early
15007,sectioned,sectioned_early
15008,sectioned,sectioned_early
15009,sectioned,sectioned_early
15010,sectioned,sectioned_early
15011,sectioned,sectioned_early
15012,sectioned,sectioned_early
15013,sectioned,sectioned_early
15014,sectioned,sectioned_early
15015,sectioned,sectioned_early
15016,sectioned,sectioned_early
15017,sectioned,sectioned_early
15018,sectioned,sectioned_early
15019,sectioned,sectioned_early
15020,sectioned,sectioned_early
15022,sectioned,sectioned_early
15023,sectioned,sectioned_early
15024,sectioned,sectioned_early
15025,sectioned,sectioned_early
15026,sectioned,sectioned_early
15027,sectioned,sectioned_early
15030,sectioned,sectioned_early
15031,sectioned,sectioned_early
15036,sectioned,sectioned_early
15037,sectioned,sectioned_early
15040,sectioned,sectioned_early
15041,sectioned,sectioned_early
15042,sectioned,sectioned_early
15044,sectioned,sectioned_early
15050,sectioned,sectioned_early
15051,sectioned,sectioned_early
15052,sectioned,sectioned_early
15054,sectioned,sectioned_early
15055,sectioned,sectioned_early
15056,sectioned,sectioned_early
15057,sectioned,sectioned_early
15058,sectioned,sectioned_early
15059,sectioned,sectioned_early
15061,sectioned,sectioned_early
15063,sectioned,sectioned_early
15064,sectioned,sectioned_early
15067,sectioned,sectioned_early
15068,sectioned,sectioned_early
15072,sectioned,sectioned_early
15074,sectioned,sectioned_early
15075,sectioned,sectioned_early
15076,sectioned,sectioned_early
15077,sectioned,sectioned_early
15078,sectioned,sectioned_early
15079,sectioned,sectioned_early
15081,sectioned,sectioned_early
15082,sectioned,sectioned_early
15083,sectioned,sectioned_early
15085,sectioned,sectioned_early
15086,sectioned,sectioned_early
15087,sectioned,sectioned_early
15088,sectioned,sectioned_early
15089,sectioned,sectioned_early
15090,sectioned,sectioned_early
15091,sectioned,sectioned_early
15092,sectioned,sectioned_early
15094,sectioned,sectioned_early
15095,sectioned,sectioned_early
15096,sectioned,sectioned_early
15099,sectioned,sectioned_early
15101,sectioned,sectioned_early
15102,sectioned,sectioned_early
15103,sectioned,sectioned_early
15105,sectioned,sectioned_early
15107,sectioned,sectioned_early
15109,sectioned,sectioned_early
15110,sectioned,sectioned_early
15111,sectioned,sectioned_early
15112,sectioned,sectioned_early
15113,sectioned,sectioned_early
15114,sectioned,sectioned_early
15115,sectioned,sectioned_early
15116,sectioned,sectioned_early
15117,sectioned,sectioned_early
15118,sectioned,sectioned_early
15119,sectioned,sectioned_early
15120,sectioned,sectioned_early
15121,sectioned,sectioned_early
15123,sectioned,sectioned_early
15124,sectioned,sectioned_early
15125,sectioned,sectioned_early
15126,sectioned,sectioned_early
15127,sectioned,sectioned_early
15128,sectioned,sectioned_early
15130,sectioned,sectioned_early
15131,sectioned,sectioned_early
15133,sectioned,sectioned_early
15134,sectioned,sectioned_early
15136,sectioned,sectioned_early
15138,sectioned,sectioned_early
15139,sectioned,sectioned_early
15140,sectioned,sectioned_early
15141,sectioned,sectioned_early
15142,sectioned,sectioned_early
15143,sectioned,sectioned_early
15144,sectioned,sectioned_early
15145,sectioned,sectioned_early
15146,sectioned,sectioned_early
15148,sectioned,sectioned_early
15149,sectioned,sectioned_early
15151,sectioned,sectioned_early
15152,sectioned,sectioned_early
15153,sectioned,sectioned_early
15154,sectioned,sectioned_early
15155,sectioned,sectioned_early
15156,sectioned,sectioned_early
15158,sectioned,sectioned_early
15159,sectioned,sectioned_early
15160,sectioned,sectioned_early
15161,sectioned,sectioned_early
15162,sectioned,sectioned_early
15163,sectioned,sectioned_early
15164,sectioned,sectioned_early
15166,sectioned,sectioned_early
15167,sectioned,sectioned_early
15168,sectioned,sectioned_early
15169,sectioned,sectioned_early
15170,sectioned,sectioned_early
15171,sectioned,sectioned_early
15173,sectioned,sectioned_early
15174,sectioned,sectioned_early
15176,sectioned,sectioned_early
15177,sectioned,sectioned_early
15179,sectioned,sectioned_early
15180,sectioned,sectioned_early
15182,sectioned,sectioned_early
15184,sectioned,sectioned_early
15185,sectioned,sectioned_early
15186,sectioned,sectioned_early
15188,sectioned,sectioned_early
15189,sectioned,sectioned_early
15193,sectioned,sectioned_early
15195,sectioned,sectioned_early
15196,sectioned,sectioned_early
15197,sectioned,sectioned_early
15198,sectioned,sectioned_early
15200,sectioned,sectioned_early
15201,sectioned,sectioned_early
15202,sectioned,sectioned_early
15203,sectioned,sectioned_early
15204,sectioned,sectioned_early
15205,sectioned,sectioned_early
15207,sectioned,sectioned_early
15208,sectioned,sectioned_early
15209,sectioned,sectioned_early
15211,sectioned,sectioned_early
15213,sectioned,sectioned_early
15214,sectioned,sectioned_early
15215,sectioned,sectioned_early
15216,sectioned,sectioned_early
15218,sectioned,sectioned_early
15219,sectioned,sectioned_early
15220,sectioned,sectioned_early
15221,sectioned,sectioned_early
15222,sectioned,sectioned_early
15223,sectioned,sectioned_early
15224,sectioned,sectioned_early
15225,sectioned,sectioned_early
15226,sectioned,sectioned_early
15227,sectioned,sectioned_early
15228,sectioned,sectioned_early
15229,sectioned,sectioned_early
15230,sectioned,sectioned_early
15231,sectioned,sectioned_early
15232,sectioned,sectioned_early
15233,sectioned,sectioned_early
15234,sectioned,sectioned_early
15235,sectioned,sectioned_early
15236,sectioned,sectioned_early
15237,sectioned,sectioned_early
15239,sectioned,sectioned_early
15241,sectioned,sectioned_early
15242,sectioned,sectioned_early
15243,sectioned,sectioned_early
15244,sectioned,sectioned_early
15245,sectioned,sectioned_early
15246,sectioned,sectioned_early
15247,sectioned,sectioned_early
15248,sectioned,sectioned_early
15249,sectioned,sectioned_early
15250,sectioned,sectioned_early
15251,sectioned,sectioned_early
15253,sectioned,sectioned_early
15254,sectioned,sectioned_early
15256,sectioned,sectioned_early
15257,sectioned,sectioned_early
15258,sectioned,sectioned_early
15259,sectioned,sectioned_early
15260,sectioned,sectioned_early
15261,sectioned,sectioned_early
15262,sectioned,sectioned_early
15263,sectioned,sectioned_early
15264,sectioned,sectioned_early
15265,sectioned,sectioned_early
15266,sectioned,sectioned_early
15267,sectioned,sectioned_early
15268,sectioned,sectioned_early
15269,sectioned,sectioned_early
15270,sectioned,sectioned_early
15273,sectioned,sectioned_early
15274,sectioned,sectioned_early
15275,sectioned,sectioned_early
15277,sectioned,sectioned_early
15278,sectioned,sectioned_early
15279,sectioned,sectioned_early
15280,sectioned,sectioned_early
15281,sectioned,sectioned_early
15282,sectioned,sectioned_early
15283,sectioned,sectioned_early
15284,sectioned,sectioned_early
15286,sectioned,sectioned_early
15288,sectioned,sectioned_early
15289,sectioned,sectioned_early
15290,sectioned,sectioned_early
15291,sectioned,sectioned_early
15292,sectioned,sectioned_early
15293,sectioned,sectioned_early
15294,sectioned,sectioned_early
15295,sectioned,sectioned_early
15296,sectioned,sectioned_early
15297,sectioned,sectioned_early
15300,sectioned,sectioned_early
15301,sectioned,sectioned_early
15302,sectioned,sectioned_early
15304,sectioned,sectioned_early
15307,sectioned,sectioned_early
15310,sectioned,sectioned_early
15311,sectioned,sectioned_early
15312,sectioned,sectioned_early
15313,sectioned,sectioned_early
15314,sectioned,sectioned_early
15315,sectioned,sectioned_early
15316,sectioned,sectioned_early
15317,sectioned,sectioned_early
15319,sectioned,sectioned_early
15321,sectioned,sectioned_early
15322,sectioned,sectioned_early
15323,sectioned,sectioned_early
15324,sectioned,sectioned_early
15325,sectioned,sectioned_early
15326,sectioned,sectioned_early
15327,sectioned,sectioned_early
15328,sectioned,sectioned_early
15329,sectioned,sectioned_early
15330,sectioned,sectioned_early
15331,sectioned,sectioned_early
15332,sectioned,sectioned_early
15333,sectioned,sectioned_early
15334,sectioned,sectioned_early
15335,sectioned,sectioned_early
15336,sectioned,sectioned_early
15337,sectioned,sectioned_early
15338,sectioned,sectioned_early
15339,sectioned,sectioned_early
15340,sectioned,sectioned_early
15341,sectioned,sectioned_early
15342,sectioned,sectioned_early
15343,sectioned,sectioned_early
15344,sectioned,sectioned_early
15345,sectioned,sectioned_early
15346,sectioned,sectioned_early
15347,sectioned,sectioned_early
15348,sectioned,sectioned_early
15349,sectioned,sectioned_early
15350,sectioned,sectioned_early
15351,sectioned,sectioned_early
15352,sectioned,sectioned_early
15353,sectioned,sectioned_early
15354,sectioned,sectioned_early
15355,sectioned,sectioned_early
15356,sectioned,sectioned_early
15357,sectioned,sectioned_early
15358,sectioned,sectioned_early
15359,sectioned,sectioned_early
15360,sectioned,sectioned_early
15361,sectioned,sectioned_early
15362,sectioned,sectioned_early
15363,sectioned,sectioned_early
15364,sectioned,sectioned_early
15365,sectioned,sectioned_early
15366,sectioned,sectioned_early
15367,sectioned,sectioned_early
15368,sectioned,sectioned_early
15369,sectioned,sectioned_early
15370,sectioned,sectioned_early
15371,sectioned,sectioned_early
15372,sectioned,sectioned_early
15373,sectioned,sectioned_early
15374,sectioned,sectioned_early
15376,sectioned,sectioned_early
15377,sectioned,sectioned_early
15378,sectioned,sectioned_early
15379,sectioned,sectioned_early
15380,sectioned,sectioned_early
15382,sectioned,sectioned_early
15383,sectioned,sectioned_early
15384,sectioned,sectioned_early
15385,sectioned,sectioned_early
15386,sectioned,sectioned_early
15387,sectioned,sectioned_early
15388,sectioned,sectioned_early
15389,sectioned,sectioned_early
15390,sectioned,sectioned_early
15391,sectioned,sectioned_early
15392,sectioned,sectioned_early
15393,sectioned,sectioned_early
15395,sectioned,sectioned_early
15396,sectioned,sectioned_early
15397,sectioned,sectioned_early
15399,sectioned,sectioned_early
15400,sectioned,sectioned_early
15401,sectioned,sectioned_early
15402,sectioned,sectioned_early
15403,sectioned,sectioned_early
15404,sectioned,sectioned_early
15405,sectioned,sectioned_early
15406,sectioned,sectioned_early
15407,sectioned,sectioned_early
15408,sectioned,sectioned_early
15409,sectioned,sectioned_early
15410,sectioned,sectioned_early
15411,sectioned,sectioned_early
15413,sectioned,sectioned_early
15414,sectioned,sectioned_early
15415,sectioned,sectioned_early
15416,sectioned,sectioned_early
15417,sectioned,sectioned_early
15418,sectioned,sectioned_early
15419,sectioned,sectioned_early
15421,sectioned,sectioned_early
15422,sectioned,sectioned_early
15423,sectioned,sectioned_early
15425,sectioned,sectioned_early
15426,sectioned,sectioned_early
15427,sectioned,sectioned_early
15428,sectioned,sectioned_early
15429,sectioned,sectioned_early
15430,sectioned,sectioned_early
15431,sectioned,sectioned_early
15432,sectioned,sectioned_early
15433,sectioned,sectioned_early
15434,sectioned,sectioned_early
15435,sectioned,sectioned_early
15436,sectioned,sectioned_early
15437,sectioned,sectioned_early
15438,sectioned,sectioned_early
15439,sectioned,sectioned_early
15448,sectioned,sectioned_early
15449,sectioned,sectioned_early
15450,sectioned,sectioned_early
15456,sectioned,sectioned_early
15464,sectioned,sectioned_early
15465,sectioned,sectioned_early
15466,sectioned,sectioned_early
15467,sectioned,sectioned_early
15468,sectioned,sectioned_early
15469,sectioned,sectioned_early
15470,sectioned,sectioned_early
15472,sectioned,sectioned_early
15473,sectioned,sectioned_early
15475,sectioned,sectioned_early
15476,sectioned,sectioned_early
15477,sectioned,sectioned_early
15478,sectioned,sectioned_early
15479,sectioned,sectioned_early
15480,sectioned,sectioned_early
15481,sectioned,sectioned_early
15482,sectioned,sectioned_early
15483,sectioned,sectioned_early
15484,sectioned,sectioned_early
15485,sectioned,sectioned_early
15486,sectioned,sectioned_early
15487,sectioned,sectioned_early
15488,sectioned,sectioned_early
15489,sectioned,sectioned_early
15490,sectioned,sectioned_early
15491,sectioned,sectioned_early
15492,sectioned,sectioned_early
15493,sectioned,sectioned_early
15494,sectioned,sectioned_early
15495,sectioned,sectioned_early
15496,sectioned,sectioned_early
15497,sectioned,sectioned_early
15498,sectioned,sectioned_early
15499,sectioned,sectioned_early
15500,sectioned,sectioned_early
15501,sectioned,sectioned_early
15502,sectioned,sectioned_early
15503,sectioned,sectioned_early
15506,sectioned,sectioned_early
15509,sectioned,sectioned_early
15510,sectioned,sectioned_early
15511,sectioned,sectioned_early
15512,sectioned,sectioned_early
15513,sectioned,sectioned_early
15514,sectioned,sectioned_early
15516,sectioned,sectioned_early
15517,sectioned,sectioned_early
15518,sectioned,sectioned_early
15520,sectioned,sectioned_early
15521,sectioned,sectioned_early
15522,sectioned,sectioned_early
15523,sectioned,sectioned_early
15524,sectioned,sectioned_early
15525,sectioned,sectioned_early
15526,sectioned,sectioned_early
15527,sectioned,sectioned_early
15528,sectioned,sectioned_early
15529,sectioned,sectioned_early
15530,sectioned,sectioned_early
15532,sectioned,sectioned_early
15533,sectioned,sectioned_early
15534,sectioned,sectioned_early
15537,sectioned,sectioned_early
15538,sectioned,sectioned_early
15539,sectioned,sectioned_early
15540,sectioned,sectioned_early
15541,sectioned,sectioned_early
15542,sectioned,sectioned_early
15544,sectioned,sectioned_early
15545,sectioned,sectioned_early
15546,sectioned,sectioned_early
15547,sectioned,sectioned_early
15548,sectioned,sectioned_early
15549,sectioned,sectioned_early
15550,sectioned,sectioned_early
15551,sectioned,sectioned_early
15552,sectioned,sectioned_early
15553,sectioned,sectioned_early
15554,sectioned,sectioned_early
15555,sectioned,sectioned_early
15556,sectioned,sectioned_early
15557,sectioned,sectioned_early
15558,sectioned,sectioned_early
15559,sectioned,sectioned_early
15560,sectioned,sectioned_early
15561,sectioned,sectioned_early
15562,sectioned,sectioned_early
15564,sectioned,sectioned_early
15565,sectioned,sectioned_early
15566,sectioned,sectioned_early
15567,sectioned,sectioned_early
15568,sectioned,sectioned_early
15569,sectioned,sectioned_early
15570,sectioned,sectioned_early
15571,sectioned,sectioned_early
15572,sectioned,sectioned_early
15573,sectioned,sectioned_early
15576,sectioned,sectioned_early
15577,sectioned,sectioned_early
15578,sectioned,sectioned_early
15579,sectioned,sectioned_early
15580,sectioned,sectioned_early
15581,sectioned,sectioned_early
15582,sectioned,sectioned_early
15583,sectioned,sectioned_early
15584,sectioned,sectioned_early
15585,sectioned,sectioned_early
15586,sectioned,sectioned_early
15587,sectioned,sectioned_early
15588,sectioned,sectioned_early
15590,sectioned,sectioned_early
15591,sectioned,sectioned_early
15592,sectioned,sectioned_early
15593,sectioned,sectioned_early
15595,sectioned,sectioned_early
15597,sectioned,sectioned_early
15598,sectioned,sectioned_early
15599,sectioned,sectioned_early
15600,sectioned,sectioned_early
15601,sectioned,sectioned_early
15602,sectioned,sectioned_early
15603,sectioned,sectioned_early
15604,sectioned,sectioned_early
15605,sectioned,sectioned_early
15610,sectioned,sectioned_early
15613,sectioned,sectioned_early
15614,sectioned,sectioned_early
15615,sectioned,sectioned_early
15616,sectioned,sectioned_early
15617,sectioned,sectioned_early
15619,sectioned,sectioned_early
15620,sectioned,sectioned_early
15621,sectioned,sectioned_early
15622,sectioned,sectioned_early
15624,sectioned,sectioned_early
15625,sectioned,sectioned_early
15628,sectioned,sectioned_early
15629,sectioned,sectioned_early
15631,sectioned,sectioned_early
15632,sectioned,sectioned_early
15633,sectioned,sectioned_early
15635,sectioned,sectioned_early
15637,sectioned,sectioned_early
15638,sectioned,sectioned_early
15639,sectioned,sectioned_early
15640,sectioned,sectioned_early
15641,sectioned,sectioned_early
15643,sectioned,sectioned_early
15644,sectioned,sectioned_early
15647,sectioned,sectioned_early
15648,sectioned,sectioned_early
15649,sectioned,sectioned_early
15650,sectioned,sectioned_early
15651,sectioned,sectioned_early
15652,sectioned,sectioned_early
15654,sectioned,sectioned_early
15655,sectioned,sectioned_early
15658,sectioned,sectioned_early
15659,sectioned,sectioned_early
15660,sectioned,sectioned_early
15661,sectioned,sectioned_early
15662,sectioned,sectioned_early
15663,sectioned,sectioned_early
15664,sectioned,sectioned_early
15665,sectioned,sectioned_early
15666,sectioned,sectioned_early
15667,sectioned,sectioned_early
15668,sectioned,sectioned_early
15669,sectioned,sectioned_early
15670,sectioned,sectioned_early
15671,sectioned,sectioned_early
15672,sectioned,sectioned_early
15673,sectioned,sectioned_early
15674,sectioned,sectioned_early
15675,sectioned,sectioned_early
15676,sectioned,sectioned_early
15677,sectioned,sectioned_early
15678,sectioned,sectioned_early
15679,sectioned,sectioned_early
15680,sectioned,sectioned_early
15681,sectioned,sectioned_early
15682,sectioned,sectioned_early
15683,sectioned,sectioned_early
15685,sectioned,sectioned_early
15687,sectioned,sectioned_early
15688,sectioned,sectioned_early
15689,sectioned,sectioned_early
15690,sectioned,sectioned_early
15692,sectioned,sectioned_early
15693,sectioned,sectioned_early
15694,sectioned,sectioned_early
15695,sectioned,sectioned_early
15696,sectioned,sectioned_early
15697,sectioned,sectioned_early
15699,sectioned,sectioned_early
15702,sectioned,sectioned_early
15705,sectioned,sectioned_early
15706,sectioned,sectioned_early
15707,sectioned,sectioned_early
15708,sectioned,sectioned_early
15709,sectioned,sectioned_early
15710,sectioned,sectioned_early
15711,sectioned,sectioned_early
15712,sectioned,sectioned_early
15713,sectioned,sectioned_early
15715,sectioned,sectioned_early
15716,sectioned,sectioned_early
15717,sectioned,sectioned_early
15718,sectioned,sectioned_early
15719,sectioned,sectioned_early
15720,sectioned,sectioned_early
15722,sectioned,sectioned_early
15724,sectioned,sectioned_early
15725,sectioned,sectioned_early
15726,sectioned,sectioned_early
15727,sectioned,sectioned_early
15728,sectioned,sectioned_early
15731,sectioned,sectioned_early
15732,sectioned,sectioned_early
15733,sectioned,sectioned_early
15734,sectioned,sectioned_early
15735,sectioned,sectioned_early
15736,sectioned,sectioned_early
15737,sectioned,sectioned_early
15739,sectioned,sectioned_early
15740,sectioned,sectioned_early
15741,sectioned,sectioned_early
15742,sectioned,sectioned_early
15743,sectioned,sectioned_early
15744,sectioned,sectioned_early
15746,sectioned,sectioned_early
15747,sectioned,sectioned_early
15748,sectioned,sectioned_early
15749,sectioned,sectioned_early
15750,sectioned,sectioned_early
15751,sectioned,sectioned_early
15752,sectioned,sectioned_early
15753,sectioned,sectioned_early
15754,sectioned,sectioned_early
15755,sectioned,sectioned_early
15756,sectioned,sectioned_early
15760,sectioned,sectioned_early
15761,sectioned,sectioned_early
15762,sectioned,sectioned_early
15766,sectioned,sectioned_early
15768,sectioned,sectioned_early
15769,sectioned,sectioned_early
15770,sectioned,sectioned_early
15771,sectioned,sectioned_early
15772,sectioned,sectioned_early
15773,sectioned,sectioned_early
15774,sectioned,sectioned_early
15775,sectioned,sectioned_early
15776,sectioned,sectioned_early
15777,sectioned,sectioned_early
15778,sectioned,sectioned_early
15779,sectioned,sectioned_early
15780,sectioned,sectioned_early
15781,sectioned,sectioned_early
15782,sectioned,sectioned_early
15783,sectioned,sectioned_early
15784,sectioned,sectioned_early
15785,sectioned,sectioned_early
15786,sectioned,sectioned_early
15787,sectioned,sectioned_early
15788,sectioned,sectioned_early
15789,sectioned,sectioned_early
15790,sectioned,sectioned_early
15791,sectioned,sectioned_early
15792,sectioned,sectioned_early
15793,sectioned,sectioned_early
15794,sectioned,sectioned_early
15795,sectioned,sectioned_early
15796,sectioned,sectioned_early
15798,sectioned,sectioned_early
15799,sectioned,sectioned_early
15800,sectioned,sectioned_early
15804,sectioned,sectioned_early
15805,sectioned,sectioned_early
15806,sectioned,sectioned_early
15807,sectioned,sectioned_early
15808,sectioned,sectioned_early
15809,sectioned,sectioned_early
15810,sectioned,sectioned_early
15812,sectioned,sectioned_early
15814,sectioned,sectioned_early
15816,sectioned,sectioned_early
15817,sectioned,sectioned_early
15818,sectioned,sectioned_early
15819,sectioned,sectioned_early
15820,sectioned,sectioned_early
15821,sectioned,sectioned_early
15822,sectioned,sectioned_early
15823,sectioned,sectioned_early
15824,sectioned,sectioned_early
15825,sectioned,sectioned_early
15826,sectioned,sectioned_early
15830,sectioned,sectioned_early
15831,sectioned,sectioned_early
15832,sectioned,sectioned_early
15833,sectioned,sectioned_early
15834,sectioned,sectioned_early
15835,sectioned,sectioned_early
15836,sectioned,sectioned_early
15837,sectioned,sectioned_early
15838,sectioned,sectioned_early
15839,sectioned,sectioned_early
15840,sectioned,sectioned_early
15842,sectioned,sectioned_early
15843,sectioned,sectioned_early
15844,sectioned,sectioned_early
15845,sectioned,sectioned_early
15846,sectioned,sectioned_early
15848,sectioned,sectioned_early
15849,sectioned,sectioned_early
15850,sectioned,sectioned_early
15851,sectioned,sectioned_early
15852,sectioned,sectioned_early
15853,sectioned,sectioned_early
15854,sectioned,sectioned_early
15856,sectioned,sectioned_early
15857,sectioned,sectioned_early
15858,sectioned,sectioned_early
15859,sectioned,sectioned_early
15860,sectioned,sectioned_early
15861,sectioned,sectioned_early
15862,sectioned,sectioned_early
15863,sectioned,sectioned_early
15864,sectioned,sectioned_early
15865,sectioned,sectioned_early
15866,sectioned,sectioned_early
15871,sectioned,sectioned_early
15872,sectioned,sectioned_early
15874,sectioned,sectioned_early
15875,sectioned,sectioned_early
15876,sectioned,sectioned_early
15878,sectioned,sectioned_early
15879,sectioned,sectioned_early
15880,sectioned,sectioned_early
15881,sectioned,sectioned_early
15882,sectioned,sectioned_early
15883,sectioned,sectioned_early
15885,sectioned,sectioned_early
15888,sectioned,sectioned_early
15889,sectioned,sectioned_early
15890,sectioned,sectioned_early
15892,sectioned,sectioned_early
15894,sectioned,sectioned_early
15895,sectioned,sectioned_early
15896,sectioned,sectioned_early
15897,sectioned,sectioned_early
15898,sectioned,sectioned_early
15899,sectioned,sectioned_early
15900,sectioned,sectioned_early
15902,sectioned,sectioned_early
15903,sectioned,sectioned_early
15904,sectioned,sectioned_early
15905,sectioned,sectioned_early
15906,sectioned,sectioned_early
15907,sectioned,sectioned_early
15908,sectioned,sectioned_early
15909,sectioned,sectioned_early
15910,sectioned,sectioned_early
15912,sectioned,sectioned_early
15915,sectioned,sectioned_early
15916,sectioned,sectioned_early
15918,sectioned,sectioned_early
15920,sectioned,sectioned_early
15922,sectioned,sectioned_early
15923,sectioned,sectioned_early
15924,sectioned,sectioned_early
15925,sectioned,sectioned_early
15926,sectioned,sectioned_early
15927,sectioned,sectioned_early
15928,sectioned,sectioned_early
15929,sectioned,sectioned_early
15930,sectioned,sectioned_early
15931,sectioned,sectioned_early
15932,sectioned,sectioned_early
15936,sectioned,sectioned_early
15938,sectioned,sectioned_early
15939,sectioned,sectioned_early
15940,sectioned,sectioned_early
15941,sectioned,sectioned_early
15942,sectioned,sectioned_early
15943,sectioned,sectioned_early
15945,sectioned,sectioned_early
15946,sectioned,sectioned_early
15947,sectioned,sectioned_early
15948,sectioned,sectioned_early
15949,sectioned,sectioned_early
15950,sectioned,sectioned_early
15951,sectioned,sectioned_early
15952,sectioned,sectioned_early
15953,sectioned,sectioned_early
15954,sectioned,sectioned_early
15955,sectioned,sectioned_early
15956,sectioned,sectioned_early
15957,sectioned,sectioned_early
15958,sectioned,sectioned_early
15960,sectioned,sectioned_early
15961,sectioned,sectioned_early
15962,sectioned,sectioned_early
15963,sectioned,sectioned_early
15964,sectioned,sectioned_early
15969,sectioned,sectioned_early
15970,sectioned,sectioned_early
15971,sectioned,sectioned_early
15972,sectioned,sectioned_early
15973,sectioned,sectioned_early
15974,sectioned,sectioned_early
15975,sectioned,sectioned_early
15976,sectioned,sectioned_early
15977,sectioned,sectioned_early
15978,sectioned,sectioned_early
15979,sectioned,sectioned_early
15980,sectioned,sectioned_early
15981,sectioned,sectioned_early
15982,sectioned,sectioned_early
15983,sectioned,sectioned_early
15984,sectioned,sectioned_early
15985,sectioned,sectioned_early
15986,sectioned,sectioned_early
15987,sectioned,sectioned_early
15988,sectioned,sectioned_early
15989,sectioned,sectioned_early
15990,sectioned,sectioned_early
15992,sectioned,sectioned_early
15993,sectioned,sectioned_early
15994,sectioned,sectioned_early
15995,sectioned,sectioned_early
15996,sectioned,sectioned_early
15997,sectioned,sectioned_early
15998,sectioned,sectioned_early
15999,sectioned,sectioned_early
16001,sectioned,sectioned_early
16002,sectioned,sectioned_early
16003,sectioned,sectioned_early
16005,sectioned,sectioned_early
16006,sectioned,sectioned_early
16008,sectioned,sectioned_early
16012,sectioned,sectioned_early
16013,sectioned,sectioned_early
16014,sectioned,sectioned_early
16015,sectioned,sectioned_early
16016,sectioned,sectioned_early
16022,sectioned,sectioned_early
16023,sectioned,sectioned_early
16024,sectioned,sectioned_early
16025,sectioned,sectioned_early
16026,sectioned,sectioned_early
16027,sectioned,sectioned_early
16028,sectioned,sectioned_early
16029,sectioned,sectioned_early
16030,sectioned,sectioned_early
16031,sectioned,sectioned_early
16033,sectioned,sectioned_early
16035,sectioned,sectioned_early
16036,sectioned,sectioned_early
16037,sectioned,sectioned_early
16038,sectioned,sectioned_early
16039,sectioned,sectioned_early
16040,sectioned,sectioned_early
16041,sectioned,sectioned_early
16042,sectioned,sectioned_early
16043,sectioned,sectioned_early
16044,sectioned,sectioned_early
16045,sectioned,sectioned_early
16046,sectioned,sectioned_early
16048,sectioned,sectioned_early
16052,sectioned,sectioned_early
16054,sectioned,sectioned_early
16055,sectioned,sectioned_early
16058,sectioned,sectioned_early
16059,sectioned,sectioned_early
16060,sectioned,sectioned_early
16061,sectioned,sectioned_early
16062,sectioned,sectioned_early
16063,sectioned,sectioned_early
16064,sectioned,sectioned_early
16066,sectioned,sectioned_early
16067,sectioned,sectioned_early
16068,sectioned,sectioned_early
16069,sectioned,sectioned_early
16070,sectioned,sectioned_early
16071,sectioned,sectioned_early
16072,sectioned,sectioned_early
16073,sectioned,sectioned_early
16075,sectioned,sectioned_early
16076,sectioned,sectioned_early
16078,sectioned,sectioned_early
16079,sectioned,sectioned_early
16080,sectioned,sectioned_early
16081,sectioned,sectioned_early
16082,sectioned,sectioned_early
16083,sectioned,sectioned_early
16084,sectioned,sectioned_early
16085,sectioned,sectioned_early
16086,sectioned,sectioned_early
16087,sectioned,sectioned_early
16088,sectioned,sectioned_early
16089,sectioned,sectioned_early
16090,sectioned,sectioned_early
16094,sectioned,sectioned_early
16095,sectioned,sectioned_early
16096,sectioned,sectioned_early
16097,sectioned,sectioned_early
16098,sectioned,sectioned_early
16100,sectioned,sectioned_early
16101,sectioned,sectioned_early
16103,sectioned,sectioned_early
16105,sectioned,sectioned_early
16107,sectioned,sectioned_early
16113,sectioned,sectioned_early
16114,sectioned,sectioned_early
16115,sectioned,sectioned_early
16116,sectioned,sectioned_early
16124,sectioned,sectioned_early
16127,sectioned,sectioned_early
16130,sectioned,sectioned_early
16137,sectioned,sectioned_early
16138,sectioned,sectioned_early
16139,sectioned,sectioned_early
16140,sectioned,sectioned_early
16141,sectioned,sectioned_early
16142,sectioned,sectioned_early
16143,sectioned,sectioned_early
16144,sectioned,sectioned_early
16146,sectioned,sectioned_early
16147,sectioned,sectioned_early
16148,sectioned,sectioned_early
16149,sectioned,sectioned_early
16150,sectioned,sectioned_early
16151,sectioned,sectioned_early
16152,sectioned,sectioned_early
16153,sectioned,sectioned_early
16154,sectioned,sectioned_early
16155,sectioned,sectioned_early
16156,sectioned,sectioned_early
16157,sectioned,sectioned_early
16158,sectioned,sectioned_early
16159,sectioned,sectioned_early
16160,sectioned,sectioned_early
16161,sectioned,sectioned_early
16162,sectioned,sectioned_early
16163,sectioned,sectioned_early
16164,sectioned,sectioned_early
16165,sectioned,sectioned_early
16166,sectioned,sectioned_early
16167,sectioned,sectioned_early
16168,sectioned,sectioned_early
16169,sectioned,sectioned_early
16170,sectioned,sectioned_early
16171,sectioned,sectioned_early
16172,sectioned,sectioned_early
16173,sectioned,sectioned_early
16174,sectioned,sectioned_early
16175,sectioned,sectioned_early
16176,sectioned,sectioned_early
16177,sectioned,sectioned_early
16178,sectioned,sectioned_early
16179,sectioned,sectioned_early
16180,sectioned,sectioned_early
16181,sectioned,sectioned_early
16182,sectioned,sectioned_early
16184,sectioned,sectioned_early
16185,sectioned,sectioned_early
16186,sectioned,sectioned_early
16187,sectioned,sectioned_early
16190,sectioned,sectioned_early
16191,sectioned,sectioned_early
16192,sectioned,sectioned_early
16195,sectioned,sectioned_early
16196,sectioned,sectioned_early
16197,sectioned,sectioned_early
16198,sectioned,sectioned_early
16199,sectioned,sectioned_early
16200,sectioned,sectioned_early
16201,sectioned,sectioned_early
16202,sectioned,sectioned_early
16203,sectioned,sectioned_early
16204,sectioned,sectioned_early
16205,sectioned,sectioned_early
16206,sectioned,sectioned_early
16207,sectioned,sectioned_early
16208,sectioned,sectioned_early
16211,sectioned,sectioned_early
16212,sectioned,sectioned_early
16213,sectioned,sectioned_early
16214,sectioned,sectioned_early
16215,sectioned,sectioned_early
16216,sectioned,sectioned_early
16217,sectioned,sectioned_early
16218,sectioned,sectioned_early
16219,sectioned,sectioned_early
16220,sectioned,sectioned_early
16221,sectioned,sectioned_early
16222,sectioned,sectioned_early
16223,sectioned,sectioned_early
16224,sectioned,sectioned_early
16225,sectioned,sectioned_early
16226,sectioned,sectioned_early
16227,sectioned,sectioned_early
16228,sectioned,sectioned_early
16229,sectioned,sectioned_early
16230,sectioned,sectioned_early
16231,sectioned,sectioned_early
16232,sectioned,sectioned_early
16233,sectioned,sectioned_early
16234,sectioned,sectioned_early
16235,sectioned,sectioned_early
16236,sectioned,sectioned_early
16237,sectioned,sectioned_early
16238,sectioned,sectioned_early
16239,sectioned,sectioned_early
16240,sectioned,sectioned_early
16241,sectioned,sectioned_early
16242,sectioned,sectioned_early
16243,sectioned,sectioned_early
16244,sectioned,sectioned_early
16245,sectioned,sectioned_early
16246,sectioned,sectioned_early
16247,sectioned,sectioned_early
16248,sectioned,sectioned_early
16249,sectioned,sectioned_early
16250,sectioned,sectioned_early
16251,sectioned,sectioned_early
16252,sectioned,sectioned_early
16253,sectioned,sectioned_early
16254,sectioned,sectioned_early
16255,sectioned,sectioned_early
16256,sectioned,sectioned_early
16257,sectioned,sectioned_early
16258,sectioned,sectioned_early
16281,sectioned,sectioned_early
16282,sectioned,sectioned_early
16283,sectioned,sectioned_early
16284,sectioned,sectioned_early
16285,sectioned,sectioned_early
16286,sectioned,sectioned_early
16287,sectioned,sectioned_early
16288,sectioned,sectioned_early
16289,sectioned,sectioned_early
16291,sectioned,sectioned_early
16292,sectioned,sectioned_early
16293,sectioned,sectioned_early
16294,sectioned,sectioned_early
16295,sectioned,sectioned_early
16296,sectioned,sectioned_early
16297,sectioned,sectioned_early
16298,sectioned,sectioned_early
16299,sectioned,sectioned_early
16300,sectioned,sectioned_early
16301,sectioned,sectioned_early
16302,sectioned,sectioned_early
16303,sectioned,sectioned_early
16305,sectioned,sectioned_early
16306,sectioned,sectioned_early
16307,sectioned,sectioned_early
16308,sectioned,sectioned_early
16309,sectioned,sectioned_early
16312,sectioned,sectioned_early
16313,sectioned,sectioned_early
16314,sectioned,sectioned_early
16315,sectioned,sectioned_early
16316,sectioned,sectioned_early
16317,sectioned,sectioned_early
16318,sectioned,sectioned_early
16319,sectioned,sectioned_early
16320,sectioned,sectioned_early
16324,sectioned,sectioned_early
16326,sectioned,sectioned_early
16327,sectioned,sectioned_early
16328,sectioned,sectioned_early
16329,sectioned,sectioned_early
16330,sectioned,sectioned_early
16331,sectioned,sectioned_early
16332,sectioned,sectioned_early
16334,sectioned,sectioned_early
16335,sectioned,sectioned_early
16336,sectioned,sectioned_early
16337,sectioned,sectioned_early
16338,sectioned,sectioned_early
16339,sectioned,sectioned_early
16340,sectioned,sectioned_early
16341,sectioned,sectioned_early
16342,sectioned,sectioned_early
16343,sectioned,sectioned_early
16344,sectioned,sectioned_early
16345,sectioned,sectioned_early
16348,sectioned,sectioned_early
16349,sectioned,sectioned_early
16350,sectioned,sectioned_early
16351,sectioned,sectioned_early
16352,sectioned,sectioned_early
16354,sectioned,sectioned_early
16355,sectioned,sectioned_early
16356,sectioned,sectioned_early
16358,sectioned,sectioned_early
16359,sectioned,sectioned_early
16361,sectioned,sectioned_early
16362,sectioned,sectioned_early
16363,sectioned,sectioned_early
16365,sectioned,sectioned_early
16366,sectioned,sectioned_early
16367,sectioned,sectioned_early
16368,sectioned,sectioned_early
16369,sectioned,sectioned_early
16370,sectioned,sectioned_early
16371,sectioned,sectioned_early
16373,sectioned,sectioned_early
16374,sectioned,sectioned_early
16375,sectioned,sectioned_early
16376,sectioned,sectioned_early
16378,sectioned,sectioned_early
16379,sectioned,sectioned_early
16381,sectioned,sectioned_early
16382,sectioned,sectioned_early
16383,sectioned,sectioned_early
16386,sectioned,sectioned_early
16387,sectioned,sectioned_early
16388,sectioned,sectioned_early
16389,sectioned,sectioned_early
16390,sectioned,sectioned_early
16391,sectioned,sectioned_early
16392,sectioned,sectioned_early
16393,sectioned,sectioned_early
16394,sectioned,sectioned_early
16395,sectioned,sectioned_early
16396,sectioned,sectioned_early
16397,sectioned,sectioned_early
16398,sectioned,sectioned_early
16399,sectioned,sectioned_early
16400,sectioned,sectioned_early
16401,sectioned,sectioned_early
16402,sectioned,sectioned_early
16403,sectioned,sectioned_early
16404,sectioned,sectioned_early
16405,sectioned,sectioned_early
16406,sectioned,sectioned_early
16407,sectioned,sectioned_early
16409,sectioned,sectioned_early
16410,sectioned,sectioned_early
16411,sectioned,sectioned_early
16412,sectioned,sectioned_early
16413,sectioned,sectioned_early
16414,sectioned,sectioned_early
16415,sectioned,sectioned_early
16416,sectioned,sectioned_early
16418,sectioned,sectioned_early
16419,sectioned,sectioned_early
16420,sectioned,sectioned_early
16421,sectioned,sectioned_early
16422,sectioned,sectioned_early
16424,sectioned,sectioned_early
16425,sectioned,sectioned_early
16426,sectioned,sectioned_early
16427,sectioned,sectioned_early
16428,sectioned,sectioned_early
16429,sectioned,sectioned_early
16430,sectioned,sectioned_early
16431,sectioned,sectioned_early
16432,sectioned,sectioned_early
16433,sectioned,sectioned_early
16434,sectioned,sectioned_early
16435,sectioned,sectioned_early
16436,sectioned,sectioned_early
16437,sectioned,sectioned_early
16438,sectioned,sectioned_early
16439,sectioned,sectioned_early
16440,sectioned,sectioned_early
16441,sectioned,sectioned_early
16442,sectioned,sectioned_early
16443,sectioned,sectioned_early
16444,sectioned,sectioned_early
16445,sectioned,sectioned_early
16446,sectioned,sectioned_early
16447,sectioned,sectioned_early
16448,sectioned,sectioned_early
16449,sectioned,sectioned_early
16450,sectioned,sectioned_early
16452,sectioned,sectioned_early
16453,sectioned,sectioned_early
16454,sectioned,sectioned_early
16455,sectioned,sectioned_early
16456,sectioned,sectioned_early
16457,sectioned,sectioned_early
16458,sectioned,sectioned_early
16459,sectioned,sectioned_early
16460,sectioned,sectioned_early
16461,sectioned,sectioned_early
16462,sectioned,sectioned_early
16463,sectioned,sectioned_early
16464,sectioned,sectioned_early
16465,sectioned,sectioned_early
16466,sectioned,sectioned_early
16467,sectioned,sectioned_early
16468,sectioned,sectioned_early
16469,sectioned,sectioned_early
16470,sectioned,sectioned_early
16471,sectioned,sectioned_early
16472,sectioned,sectioned_early
16474,sectioned,sectioned_early
16475,sectioned,sectioned_early
16477,sectioned,sectioned_early
16478,sectioned,sectioned_early
16479,sectioned,sectioned_early
16481,sectioned,sectioned_early
16482,sectioned,sectioned_early
16483,sectioned,sectioned_early
16484,sectioned,sectioned_early
16485,sectioned,sectioned_early
16487,sectioned,sectioned_early
16489,sectioned,sectioned_early
16490,sectioned,sectioned_early
16491,sectioned,sectioned_early
16492,sectioned,sectioned_early
16493,sectioned,sectioned_early
16494,sectioned,sectioned_early
16495,sectioned,sectioned_early
16496,sectioned,sectioned_early
16497,sectioned,sectioned_early
16498,sectioned,sectioned_early
16499,sectioned,sectioned_early
16500,sectioned,sectioned_early
16501,sectioned,sectioned_early
16502,sectioned,sectioned_early
16505,sectioned,sectioned_early
16506,sectioned,sectioned_early
16507,sectioned,sectioned_early
16508,sectioned,sectioned_early
16509,sectioned,sectioned_early
16510,sectioned,sectioned_early
16511,sectioned,sectioned_early
16512,sectioned,sectioned_early
16513,sectioned,sectioned_early
16514,sectioned,sectioned_early
16515,sectioned,sectioned_early
16516,sectioned,sectioned_early
16517,sectioned,sectioned_early
16518,sectioned,sectioned_early
16519,sectioned,sectioned_early
16520,sectioned,sectioned_early
16521,sectioned,sectioned_early
16523,sectioned,sectioned_early
16526,sectioned,sectioned_early
16527,sectioned,sectioned_early
16528,sectioned,sectioned_early
16529,sectioned,sectioned_early
16530,sectioned,sectioned_early
16531,sectioned,sectioned_early
16532,sectioned,sectioned_early
16533,sectioned,sectioned_early
16534,sectioned,sectioned_early
16535,sectioned,sectioned_early
16536,sectioned,sectioned_early
16537,sectioned,sectioned_early
16538,sectioned,sectioned_early
16539,sectioned,sectioned_early
16540,sectioned,sectioned_early
16541,sectioned,sectioned_early
16542,sectioned,sectioned_early
16544,sectioned,sectioned_early
16545,sectioned,sectioned_early
16546,sectioned,sectioned_early
16547,sectioned,sectioned_early
16548,sectioned,sectioned_early
16549,sectioned,sectioned_early
16550,sectioned,sectioned_early
16551,sectioned,sectioned_early
16552,sectioned,sectioned_early
16553,sectioned,sectioned_early
16554,sectioned,sectioned_early
16555,sectioned,sectioned_early
16556,sectioned,sectioned_early
16558,sectioned,sectioned_early
16559,sectioned,sectioned_early
16560,sectioned,sectioned_early
16561,sectioned,sectioned_early
16563,sectioned,sectioned_early
16565,sectioned,sectioned_early
16566,sectioned,sectioned_early
16567,sectioned,sectioned_early
16569,sectioned,sectioned_early
16570,sectioned,sectioned_early
16572,sectioned,sectioned_early
16573,sectioned,sectioned_early
16574,sectioned,sectioned_early
16575,sectioned,sectioned_early
16576,sectioned,sectioned_early
16579,sectioned,sectioned_early
16581,sectioned,sectioned_early
16582,sectioned,sectioned_early
16583,sectioned,sectioned_early
16584,sectioned,sectioned_early
16587,sectioned,sectioned_early
16588,sectioned,sectioned_early
16589,sectioned,sectioned_early
16590,sectioned,sectioned_early
16591,sectioned,sectioned_early
16592,sectioned,sectioned_early
16595,sectioned,sectioned_early
16596,sectioned,sectioned_early
16599,sectioned,sectioned_early
16600,sectioned,sectioned_early
16601,sectioned,sectioned_early
16602,sectioned,sectioned_early
16603,sectioned,sectioned_early
16604,sectioned,sectioned_early
16606,sectioned,sectioned_early
16607,sectioned,sectioned_early
16608,sectioned,sectioned_early
16609,sectioned,sectioned_early
16610,sectioned,sectioned_early
16611,sectioned,sectioned_early
16612,sectioned,sectioned_early
16613,sectioned,sectioned_early
16614,sectioned,sectioned_early
16615,sectioned,sectioned_early
16616,sectioned,sectioned_early
16617,sectioned,sectioned_early
16618,sectioned,sectioned_early
16619,sectioned,sectioned_early
16620,sectioned,sectioned_early
16621,sectioned,sectioned_early
16622,sectioned,sectioned_early
16623,sectioned,sectioned_early
16626,sectioned,sectioned_early
16627,sectioned,sectioned_early
16628,sectioned,sectioned_early
16629,sectioned,sectioned_early
16630,sectioned,sectioned_early
16631,sectioned,sectioned_early
16632,sectioned,sectioned_early
16635,sectioned,sectioned_early
16636,sectioned,sectioned_early
16637,sectioned,sectioned_early
16638,sectioned,sectioned_early
16639,sectioned,sectioned_early
16641,sectioned,sectioned_early
16642,sectioned,sectioned_early
16644,sectioned,sectioned_early
16645,sectioned,sectioned_early
16646,sectioned,sectioned_early
16647,sectioned,sectioned_early
16648,sectioned,sectioned_early
16649,sectioned,sectioned_early
16650,sectioned,sectioned_early
16651,sectioned,sectioned_early
16652,sectioned,sectioned_early
16655,sectioned,sectioned_early
16656,sectioned,sectioned_early
16657,sectioned,sectioned_early
16658,sectioned,sectioned_early
16659,sectioned,sectioned_early
16660,sectioned,sectioned_early
16661,sectioned,sectioned_early
16662,sectioned,sectioned_early
16663,sectioned,sectioned_early
16664,sectioned,sectioned_early
16665,sectioned,sectioned_early
16666,sectioned,sectioned_early
16667,sectioned,sectioned_early
16668,sectioned,sectioned_early
16669,sectioned,sectioned_early
16670,sectioned,sectioned_early
16671,sectioned,sectioned_early
16672,sectioned,sectioned_early
16673,sectioned,sectioned_early
16674,sectioned,sectioned_early
16675,sectioned,sectioned_early
16676,sectioned,sectioned_early
16677,sectioned,sectioned_early
16678,sectioned,sectioned_early
16679,sectioned,sectioned_early
16680,sectioned,sectioned_early
16681,sectioned,sectioned_early
16682,sectioned,sectioned_early
16683,sectioned,sectioned_early
16684,sectioned,sectioned_early
16685,sectioned,sectioned_early
16686,sectioned,sectioned_early
16687,sectioned,sectioned_early
16688,sectioned,sectioned_early
16689,sectioned,sectioned_early
16690,sectioned,sectioned_early
16691,sectioned,sectioned_early
16692,sectioned,sectioned_early
16693,sectioned,sectioned_early
16694,sectioned,sectioned_early
16695,sectioned,sectioned_early
16696,sectioned,sectioned_early
16697,sectioned,sectioned_early
16698,sectioned,sectioned_early
16699,sectioned,sectioned_early
16700,sectioned,sectioned_early
16701,sectioned,sectioned_early
16702,sectioned,sectioned_early
16703,sectioned,sectioned_early
16704,sectioned,sectioned_early
16705,sectioned,sectioned_early
16706,sectioned,sectioned_early
16707,sectioned,sectioned_early
16708,sectioned,sectioned_early
16709,sectioned,sectioned_early
16710,sectioned,sectioned_early
16711,sectioned,sectioned_early
16712,sectioned,sectioned_early
16713,sectioned,sectioned_early
16714,sectioned,sectioned_early
16716,sectioned,sectioned_early
16717,sectioned,sectioned_early
16718,sectioned,sectioned_early
16719,sectioned,sectioned_early
16720,sectioned,sectioned_early
16721,sectioned,sectioned_early
16722,sectioned,sectioned_early
16723,sectioned,sectioned_early
16724,sectioned,sectioned_early
16725,sectioned,sectioned_early
16726,sectioned,sectioned_early
16727,sectioned,sectioned_early
16728,sectioned,sectioned_early
16729,sectioned,sectioned_early
16730,sectioned,sectioned_early
16731,sectioned,sectioned_early
16732,sectioned,sectioned_early
16733,sectioned,sectioned_early
16734,sectioned,sectioned_early
16735,sectioned,sectioned_early
16736,sectioned,sectioned_early
16737,sectioned,sectioned_early
16738,sectioned,sectioned_early
16739,sectioned,sectioned_early
16740,sectioned,sectioned_early
16741,sectioned,sectioned_early
16742,sectioned,sectioned_early
16745,sectioned,sectioned_early
16746,sectioned,sectioned_early
16747,sectioned,sectioned_early
16748,sectioned,sectioned_early
16749,sectioned,sectioned_early
16750,sectioned,sectioned_early
16751,sectioned,sectioned_early
16752,sectioned,sectioned_early
16753,sectioned,sectioned_early
16754,sectioned,sectioned_early
16755,sectioned,sectioned_early
16756,sectioned,sectioned_early
16757,sectioned,sectioned_early
16758,sectioned,sectioned_early
16759,sectioned,sectioned_early
16760,sectioned,sectioned_early
16761,sectioned,sectioned_early
16762,sectioned,sectioned_early
16763,sectioned,sectioned_early
16764,sectioned,sectioned_early
16765,sectioned,sectioned_early
16766,sectioned,sectioned_early
16767,sectioned,sectioned_early
16768,sectioned,sectioned_early
16769,sectioned,sectioned_early
16770,sectioned,sectioned_early
16771,sectioned,sectioned_early
16772,sectioned,sectioned_early
16773,sectioned,sectioned_early
16774,sectioned,sectioned_early
16775,sectioned,sectioned_early
16776,sectioned,sectioned_early
16777,sectioned,sectioned_early
16778,sectioned,sectioned_early
16779,sectioned,sectioned_early
16780,sectioned,sectioned_early
16781,sectioned,sectioned_early
16782,sectioned,sectioned_early
16783,sectioned,sectioned_early
16784,sectioned,sectioned_early
16785,sectioned,sectioned_early
16786,sectioned,sectioned_early
16787,sectioned,sectioned_early
16788,sectioned,sectioned_early
16789,sectioned,sectioned_early
16790,sectioned,sectioned_early
16792,sectioned,sectioned_early
16795,sectioned,sectioned_early
16797,sectioned,sectioned_early
16798,sectioned,sectioned_early
16799,sectioned,sectioned_early
16800,sectioned,sectioned_early
16802,sectioned,sectioned_early
16803,sectioned,sectioned_early
16804,sectioned,sectioned_early
16805,sectioned,sectioned_early
16806,sectioned,sectioned_early
16807,sectioned,sectioned_early
16808,sectioned,sectioned_early
16809,sectioned,sectioned_early
16811,sectioned,sectioned_early
16812,sectioned,sectioned_early
16813,sectioned,sectioned_early
16814,sectioned,sectioned_early
16815,sectioned,sectioned_early
16816,sectioned,sectioned_early
16817,sectioned,sectioned_early
16818,sectioned,sectioned_early
16820,sectioned,sectioned_early
16821,sectioned,sectioned_early
16822,sectioned,sectioned_early
16823,sectioned,sectioned_early
16824,sectioned,sectioned_early
16825,sectioned,sectioned_early
16827,sectioned,sectioned_early
16828,sectioned,sectioned_early
16829,sectioned,sectioned_early
16830,sectioned,sectioned_early
16832,sectioned,sectioned_early
16834,sectioned,sectioned_early
16835,sectioned,sectioned_early
16837,sectioned,sectioned_early
16839,sectioned,sectioned_early
16840,sectioned,sectioned_early
16843,sectioned,sectioned_early
16844,sectioned,sectioned_early
16845,sectioned,sectioned_early
16846,sectioned,sectioned_early
16847,sectioned,sectioned_early
16848,sectioned,sectioned_early
16849,sectioned,sectioned_early
16850,sectioned,sectioned_early
16851,sectioned,sectioned_early
16852,sectioned,sectioned_early
16853,sectioned,sectioned_early
16854,sectioned,sectioned_early
16855,sectioned,sectioned_early
16856,sectioned,sectioned_early
16858,sectioned,sectioned_early
16861,sectioned,sectioned_early
16862,sectioned,sectioned_early
16863,sectioned,sectioned_early
16864,sectioned,sectioned_early
16865,sectioned,sectioned_early
16866,sectioned,sectioned_early
16868,sectioned,sectioned_early
16869,sectioned,sectioned_early
16870,sectioned,sectioned_early
16871,sectioned,sectioned_early
16872,sectioned,sectioned_early
16873,sectioned,sectioned_early
16874,sectioned,sectioned_early
16876,sectioned,sectioned_early
16877,sectioned,sectioned_early
16878,sectioned,sectioned_early
16879,sectioned,sectioned_early
16880,sectioned,sectioned_early
16882,sectioned,sectioned_early
16883,sectioned,sectioned_early
16884,sectioned,sectioned_early
16885,sectioned,sectioned_early
16886,sectioned,sectioned_early
16887,sectioned,sectioned_early
16888,sectioned,sectioned_early
16889,sectioned,sectioned_early
16890,sectioned,sectioned_early
16892,sectioned,sectioned_early
16893,sectioned,sectioned_early
16899,sectioned,sectioned_early
16900,sectioned,sectioned_early
16901,sectioned,sectioned_early
16902,sectioned,sectioned_early
16903,sectioned,sectioned_early
16908,sectioned,sectioned_early
16909,sectioned,sectioned_early
16910,sectioned,sectioned_early
16911,sectioned,sectioned_early
16912,sectioned,sectioned_early
16913,sectioned,sectioned_early
16914,sectioned,sectioned_early
16915,sectioned,sectioned_early
16916,sectioned,sectioned_early
16917,sectioned,sectioned_early
16918,sectioned,sectioned_early
16919,sectioned,sectioned_early
16920,sectioned,sectioned_early
16921,sectioned,sectioned_early
16922,sectioned,sectioned_early
16923,sectioned,sectioned_early
16924,sectioned,sectioned_early
16925,sectioned,sectioned_early
16926,sectioned,sectioned_early
16927,sectioned,sectioned_early
16928,sectioned,sectioned_early
16929,sectioned,sectioned_early
16930,sectioned,sectioned_early
16931,sectioned,sectioned_early
16932,sectioned,sectioned_early
16933,sectioned,sectioned_early
16934,sectioned,sectioned_early
16935,sectioned,sectioned_early
16936,sectioned,sectioned_early
16937,sectioned,sectioned_early
16938,sectioned,sectioned_early
16939,sectioned,sectioned_early
16940,sectioned,sectioned_early
16941,sectioned,sectioned_early
16942,sectioned,sectioned_early
16943,sectioned,sectioned_early
16944,sectioned,sectioned_early
16945,sectioned,sectioned_early
16946,sectioned,sectioned_early
16947,sectioned,sectioned_early
16948,sectioned,sectioned_early
16949,sectioned,sectioned_early
16950,sectioned,sectioned_early
16951,sectioned,sectioned_early
16952,sectioned,sectioned_early
16953,sectioned,sectioned_early
16954,sectioned,sectioned_early
16955,sectioned,sectioned_early
16956,sectioned,sectioned_early
16957,sectioned,sectioned_early
16958,sectioned,sectioned_early
16959,sectioned,sectioned_early
16960,sectioned,sectioned_early
16961,sectioned,sectioned_early
16962,sectioned,sectioned_early
16963,sectioned,sectioned_early
16964,sectioned,sectioned_early
16965,sectioned,sectioned_early
16966,sectioned,sectioned_early
16967,sectioned,sectioned_early
16968,sectioned,sectioned_early
16969,sectioned,sectioned_early
16970,sectioned,sectioned_early
16971,sectioned,sectioned_early
16972,sectioned,sectioned_early
16973,sectioned,sectioned_early
16974,sectioned,sectioned_early
16975,sectioned,sectioned_early
16976,sectioned,sectioned_early
16977,sectioned,sectioned_early
16978,sectioned,sectioned_early
16979,sectioned,sectioned_early
16980,sectioned,sectioned_early
16981,sectioned,sectioned_early
16982,sectioned,sectioned_early
16983,sectioned,sectioned_early
16984,sectioned,sectioned_early
16985,sectioned,sectioned_early
16986,sectioned,sectioned_early
16987,sectioned,sectioned_early
16988,sectioned,sectioned_early
16989,sectioned,sectioned_early
16990,sectioned,sectioned_early
16991,sectioned,sectioned_early
16992,sectioned,sectioned_early
16993,sectioned,sectioned_early
16994,sectioned,sectioned_early
16995,sectioned,sectioned_early
16996,sectioned,sectioned_early
16997,sectioned,sectioned_early
16998,sectioned,sectioned_early
16999,sectioned,sectioned_early
17000,sectioned,sectioned_early
17001,sectioned,sectioned_early
17002,sectioned,sectioned_early
17004,sectioned,sectioned_early
17005,sectioned,sectioned_early
17006,sectioned,sectioned_early
17008,sectioned,sectioned_early
17009,sectioned,sectioned_early
17010,sectioned,sectioned_early
17013,sectioned,sectioned_early
17014,sectioned,sectioned_early
17015,sectioned,sectioned_early
17017,sectioned,sectioned_early
17018,sectioned,sectioned_early
17019,sectioned,sectioned_early
17020,sectioned,sectioned_early
17021,sectioned,sectioned_early
17025,sectioned,sectioned_early
17026,sectioned,sectioned_early
17027,sectioned,sectioned_early
17028,sectioned,sectioned_early
17029,sectioned,sectioned_early
17031,sectioned,sectioned_early
17032,sectioned,sectioned_early
17033,sectioned,sectioned_early
17034,sectioned,sectioned_early
17036,sectioned,sectioned_early
17037,sectioned,sectioned_early
17038,sectioned,sectioned_early
17039,sectioned,sectioned_early
17040,sectioned,sectioned_early
17041,sectioned,sectioned_early
17042,sectioned,sectioned_early
17043,sectioned,sectioned_early
17044,sectioned,sectioned_early
17045,sectioned,sectioned_early
17046,sectioned,sectioned_early
17047,sectioned,sectioned_early
17048,sectioned,sectioned_early
17049,sectioned,sectioned_early
17050,sectioned,sectioned_early
17051,sectioned,sectioned_early
17052,sectioned,sectioned_early
17053,sectioned,sectioned_early
17054,sectioned,sectioned_early
17055,sectioned,sectioned_early
17056,sectioned,sectioned_early
17064,sectioned,sectioned_early
17065,sectioned,sectioned_early
17066,sectioned,sectioned_early
17067,sectioned,sectioned_early
17068,sectioned,sectioned_early
17069,sectioned,sectioned_early
17070,sectioned,sectioned_early
17071,sectioned,sectioned_early
17072,sectioned,sectioned_early
17073,sectioned,sectioned_early
17074,sectioned,sectioned_early
17075,sectioned,sectioned_early
17079,sectioned,sectioned_early
17084,sectioned,sectioned_early
17085,sectioned,sectioned_early
17086,sectioned,sectioned_early
17088,sectioned,sectioned_early
17089,sectioned,sectioned_early
17092,sectioned,sectioned_early
17093,sectioned,sectioned_early
17094,sectioned,sectioned_early
17095,sectioned,sectioned_early
17097,sectioned,sectioned_early
17099,sectioned,sectioned_early
17100,sectioned,sectioned_early
17101,sectioned,sectioned_early
17102,sectioned,sectioned_early
17103,sectioned,sectioned_early
17104,sectioned,sectioned_early
17105,sectioned,sectioned_early
17106,sectioned,sectioned_early
17107,sectioned,sectioned_early
17108,sectioned,sectioned_early
17109,sectioned,sectioned_early
17110,sectioned,sectioned_early
17111,sectioned,sectioned_early
17112,sectioned,sectioned_early
17115,sectioned,sectioned_early
17116,sectioned,sectioned_early
17118,sectioned,sectioned_early
17119,sectioned,sectioned_early
17121,sectioned,sectioned_early
17123,sectioned,sectioned_early
17124,sectioned,sectioned_early
17125,sectioned,sectioned_early
17126,sectioned,sectioned_early
17127,sectioned,sectioned_early
17128,sectioned,sectioned_early
17129,sectioned,sectioned_early
17130,sectioned,sectioned_early
17131,sectioned,sectioned_early
17132,sectioned,sectioned_early
17133,sectioned,sectioned_early
17134,sectioned,sectioned_early
17135,sectioned,sectioned_early
17136,sectioned,sectioned_early
17137,sectioned,sectioned_early
17138,sectioned,sectioned_early
17139,sectioned,sectioned_early
17140,sectioned,sectioned_early
17141,sectioned,sectioned_early
17142,sectioned,sectioned_early
17143,sectioned,sectioned_early
17144,sectioned,sectioned_early
17145,sectioned,sectioned_early
17146,sectioned,sectioned_early
17147,sectioned,sectioned_early
17148,sectioned,sectioned_early
17149,sectioned,sectioned_early
17151,sectioned,sectioned_early
17152,sectioned,sectioned_early
17153,sectioned,sectioned_early
17154,sectioned,sectioned_early
17155,sectioned,sectioned_early
17156,sectioned,sectioned_early
17157,sectioned,sectioned_early
17158,sectioned,sectioned_early
17159,sectioned,sectioned_early
17160,sectioned,sectioned_early
17161,sectioned,sectioned_early
17162,sectioned,sectioned_early
17163,sectioned,sectioned_early
17164,sectioned,sectioned_early
17165,sectioned,sectioned_early
17166,sectioned,sectioned_early
17167,sectioned,sectioned_early
17168,sectioned,sectioned_early
17169,sectioned,sectioned_early
17170,sectioned,sectioned_early
17171,sectioned,sectioned_early
17172,sectioned,sectioned_early
17173,sectioned,sectioned_early
17174,sectioned,sectioned_early
17175,sectioned,sectioned_early
17176,sectioned,sectioned_early
17177,sectioned,sectioned_early
17178,sectioned,sectioned_early
17179,sectioned,sectioned_early
17180,sectioned,sectioned_early
17182,sectioned,sectioned_early
17183,sectioned,sectioned_early
17184,sectioned,sectioned_early
17185,sectioned,sectioned_early
17186,sectioned,sectioned_early
17187,sectioned,sectioned_early
17189,sectioned,sectioned_early
17193,sectioned,sectioned_early
17199,sectioned,sectioned_early
17202,sectioned,sectioned_early
17204,sectioned,sectioned_early
17205,sectioned,sectioned_early
17207,sectioned,sectioned_early
17208,sectioned,sectioned_early
17211,sectioned,sectioned_early
17212,sectioned,sectioned_early
17215,sectioned,sectioned_early
17216,sectioned,sectioned_early
17217,sectioned,sectioned_early
17220,sectioned,sectioned_early
17221,sectioned,sectioned_early
17222,sectioned,sectioned_early
17223,sectioned,sectioned_early
17224,sectioned,sectioned_early
17225,sectioned,sectioned_early
17226,sectioned,sectioned_early
17227,sectioned,sectioned_early
17228,sectioned,sectioned_early
17230,sectioned,sectioned_early
17231,sectioned,sectioned_early
17233,sectioned,sectioned_early
17234,sectioned,sectioned_early
17235,sectioned,sectioned_early
17236,sectioned,sectioned_early
17237,sectioned,sectioned_early
17238,sectioned,sectioned_early
17239,sectioned,sectioned_early
17240,sectioned,sectioned_early
17241,sectioned,sectioned_early
17242,sectioned,sectioned_early
17243,sectioned,sectioned_early
17244,sectioned,sectioned_early
17245,sectioned,sectioned_early
17249,sectioned,sectioned_early
17250,sectioned,sectioned_early
17251,sectioned,sectioned_early
17252,sectioned,sectioned_early
17253,sectioned,sectioned_early
17254,sectioned,sectioned_early
17256,sectioned,sectioned_early
17257,sectioned,sectioned_early
17258,sectioned,sectioned_early
17259,sectioned,sectioned_early
17260,sectioned,sectioned_early
17261,sectioned,sectioned_early
17262,sectioned,sectioned_early
17263,sectioned,sectioned_early
17264,sectioned,sectioned_early
17265,sectioned,sectioned_early
17266,sectioned,sectioned_early
17268,sectioned,sectioned_early
17269,sectioned,sectioned_early
17270,sectioned,sectioned_early
17271,sectioned,sectioned_early
17272,sectioned,sectioned_early
17273,sectioned,sectioned_early
17275,sectioned,sectioned_early
17277,sectioned,sectioned_early
17278,sectioned,sectioned_early
17279,sectioned,sectioned_early
17280,sectioned,sectioned_early
17281,sectioned,sectioned_early
17282,sectioned,sectioned_early
17283,sectioned,sectioned_early
17284,sectioned,sectioned_early
17285,sectioned,sectioned_early
17286,sectioned,sectioned_early
17287,sectioned,sectioned_early
17288,sectioned,sectioned_early
17290,sectioned,sectioned_early
17291,sectioned,sectioned_early
17292,sectioned,sectioned_early
17293,sectioned,sectioned_early
17294,sectioned,sectioned_early
17296,sectioned,sectioned_early
17298,sectioned,sectioned_early
17300,sectioned,sectioned_early
17301,sectioned,sectioned_early
17304,sectioned,sectioned_early
17305,sectioned,sectioned_early
17306,sectioned,sectioned_early
17307,sectioned,sectioned_early
17309,sectioned,sectioned_early
17310,sectioned,sectioned_early
17311,sectioned,sectioned_early
17313,sectioned,sectioned_early
17314,sectioned,sectioned_early
17315,sectioned,sectioned_early
17316,sectioned,sectioned_early
17317,sectioned,sectioned_early
17318,sectioned,sectioned_early
17340,sectioned,sectioned_early
17341,sectioned,sectioned_early
17342,sectioned,sectioned_early
17343,sectioned,sectioned_early
17344,sectioned,sectioned_early
17345,sectioned,sectioned_early
17346,sectioned,sectioned_early
17347,sectioned,sectioned_early
17348,sectioned,sectioned_early
17350,sectioned,sectioned_early
17351,sectioned,sectioned_early
17354,sectioned,sectioned_early
17355,sectioned,sectioned_early
17357,sectioned,sectioned_early
17358,sectioned,sectioned_early
17359,sectioned,sectioned_early
17360,sectioned,sectioned_early
17361,sectioned,sectioned_early
17362,sectioned,sectioned_early
17363,sectioned,sectioned_early
17365,sectioned,sectioned_early
17366,sectioned,sectioned_early
17367,sectioned,sectioned_early
17368,sectioned,sectioned_early
17369,sectioned,sectioned_early
17370,sectioned,sectioned_early
17371,sectioned,sectioned_early
17372,sectioned,sectioned_early
17373,sectioned,sectioned_early
17374,sectioned,sectioned_early
17375,sectioned,sectioned_early
17376,sectioned,sectioned_early
17377,sectioned,sectioned_early
17379,sectioned,sectioned_early
17381,sectioned,sectioned_early
17382,sectioned,sectioned_early
17383,sectioned,sectioned_early
17384,sectioned,sectioned_early
17385,sectioned,sectioned_early
17386,sectioned,sectioned_early
17387,sectioned,sectioned_early
17388,sectioned,sectioned_early
17389,sectioned,sectioned_early
17391,sectioned,sectioned_early
17392,sectioned,sectioned_early
17393,sectioned,sectioned_early
17395,sectioned,sectioned_early
17396,sectioned,sectioned_early
17397,sectioned,sectioned_early
17398,sectioned,sectioned_early
17399,sectioned,sectioned_early
17400,sectioned,sectioned_early
17403,sectioned,sectioned_early
17404,sectioned,sectioned_early
17405,sectioned,sectioned_early
17406,sectioned,sectioned_early
17407,sectioned,sectioned_early
17408,sectioned,sectioned_early
17409,sectioned,sectioned_early
17411,sectioned,sectioned_early
17412,sectioned,sectioned_early
17415,sectioned,sectioned_early
17416,sectioned,sectioned_early
17417,sectioned,sectioned_early
17418,sectioned,sectioned_early
17419,sectioned,sectioned_early
17420,sectioned,sectioned_early
17421,sectioned,sectioned_early
17422,sectioned,sectioned_early
17423,sectioned,sectioned_early
17424,sectioned,sectioned_early
17425,sectioned,sectioned_early
17427,sectioned,sectioned_early
17428,sectioned,sectioned_early
17429,sectioned,sectioned_early
17431,sectioned,sectioned_early
17432,sectioned,sectioned_early
17434,sectioned,sectioned_early
17436,sectioned,sectioned_early
17437,sectioned,sectioned_early
17438,sectioned,sectioned_early
17440,sectioned,sectioned_early
17442,sectioned,sectioned_early
17443,sectioned,sectioned_early
17445,sectioned,sectioned_early
17446,sectioned,sectioned_early
17447,sectioned,sectioned_early
17448,sectioned,sectioned_early
17449,sectioned,sectioned_early
17450,sectioned,sectioned_early
17451,sectioned,sectioned_early
17452,sectioned,sectioned_early
17453,sectioned,sectioned_early
17456,sectioned,sectioned_early
17457,sectioned,sectioned_early
17458,sectioned,sectioned_early
17460,sectioned,sectioned_early
17461,sectioned,sectioned_early
17462,sectioned,sectioned_early
17463,sectioned,sectioned_early
17464,sectioned,sectioned_early
17465,sectioned,sectioned_early
17466,sectioned,sectioned_early
17467,sectioned,sectioned_early
17468,sectioned,sectioned_early
17470,sectioned,sectioned_early
17471,sectioned,sectioned_early
17472,sectioned,sectioned_early
17473,sectioned,sectioned_early
17474,sectioned,sectioned_early
17475,sectioned,sectioned_early
17476,sectioned,sectioned_early
17477,sectioned,sectioned_early
17478,sectioned,sectioned_early
17479,sectioned,sectioned_early
17480,sectioned,sectioned_early
17481,sectioned,sectioned_early
17482,sectioned,sectioned_early
17483,sectioned,sectioned_early
17484,sectioned,sectioned_early
17485,sectioned,sectioned_early
17487,sectioned,sectioned_early
17489,sectioned,sectioned_early
17490,sectioned,sectioned_early
17492,sectioned,sectioned_early
17494,sectioned,sectioned_early
17495,sectioned,sectioned_early
17496,sectioned,sectioned_early
17497,sectioned,sectioned_early
17498,sectioned,sectioned_early
17499,sectioned,sectioned_early
17501,sectioned,sectioned_early
17502,sectioned,sectioned_early
17505,sectioned,sectioned_early
17508,sectioned,sectioned_early
17509,sectioned,sectioned_early
17510,sectioned,sectioned_early
17511,sectioned,sectioned_early
17512,sectioned,sectioned_early
17513,sectioned,sectioned_early
17514,sectioned,sectioned_early
17515,sectioned,sectioned_early
17516,sectioned,sectioned_early
17517,sectioned,sectioned_early
17518,sectioned,sectioned_early
17520,sectioned,sectioned_early
17521,sectioned,sectioned_early
17522,sectioned,sectioned_early
17523,sectioned,sectioned_early
17526,sectioned,sectioned_early
17527,sectioned,sectioned_early
17528,sectioned,sectioned_early
17530,sectioned,sectioned_early
17531,sectioned,sectioned_early
17533,sectioned,sectioned_early
17534,sectioned,sectioned_early
17535,sectioned,sectioned_early
17536,sectioned,sectioned_early
17537,sectioned,sectioned_early
17538,sectioned,sectioned_early
17539,sectioned,sectioned_early
17540,sectioned,sectioned_early
17541,sectioned,sectioned_early
17542,sectioned,sectioned_early
17543,sectioned,sectioned_early
17544,sectioned,sectioned_early
17545,sectioned,sectioned_early
17546,sectioned,sectioned_early
17547,sectioned,sectioned_early
17548,sectioned,sectioned_early
17549,sectioned,sectioned_early
17550,sectioned,sectioned_early
17551,sectioned,sectioned_early
17552,sectioned,sectioned_early
17553,sectioned,sectioned_early
17554,sectioned,sectioned_early
17555,sectioned,sectioned_early
17556,sectioned,sectioned_early
17557,sectioned,sectioned_early
17558,sectioned,sectioned_early
17559,sectioned,sectioned_early
17560,sectioned,sectioned_early
17561,sectioned,sectioned_early
17562,sectioned,sectioned_early
17563,sectioned,sectioned_early
17564,sectioned,sectioned_early
17566,sectioned,sectioned_early
17567,sectioned,sectioned_early
17568,sectioned,sectioned_early
17569,sectioned,sectioned_early
17570,sectioned,sectioned_early
17571,sectioned,sectioned_early
17572,sectioned,sectioned_early
17573,sectioned,sectioned_early
17574,sectioned,sectioned_early
17575,sectioned,sectioned_early
17576,sectioned,sectioned_early
17577,sectioned,sectioned_early
17578,sectioned,sectioned_early
17579,sectioned,sectioned_early
17580,sectioned,sectioned_early
17581,sectioned,sectioned_early
17583,sectioned,sectioned_early
17584,sectioned,sectioned_early
17585,sectioned,sectioned_early
17586,sectioned,sectioned_early
17587,sectioned,sectioned_early
17588,sectioned,sectioned_early
17590,sectioned,sectioned_early
17591,sectioned,sectioned_early
17593,sectioned,sectioned_early
17594,sectioned,sectioned_early
17595,sectioned,sectioned_early
17596,sectioned,sectioned_early
17597,sectioned,sectioned_early
17598,sectioned,sectioned_early
17599,sectioned,sectioned_early
17600,sectioned,sectioned_early
17601,sectioned,sectioned_early
17604,sectioned,sectioned_early
17605,sectioned,sectioned_early
17606,sectioned,sectioned_early
17607,sectioned,sectioned_early
17608,sectioned,sectioned_early
17610,sectioned,sectioned_early
17611,sectioned,sectioned_early
17612,sectioned,sectioned_early
17613,sectioned,sectioned_early
17614,sectioned,sectioned_early
17615,sectioned,sectioned_early
17616,sectioned,sectioned_early
17618,sectioned,sectioned_early
17619,sectioned,sectioned_early
17621,sectioned,sectioned_early
17622,sectioned,sectioned_early
17623,sectioned,sectioned_early
17624,sectioned,sectioned_early
17625,sectioned,sectioned_early
17626,sectioned,sectioned_early
17627,sectioned,sectioned_early
17628,sectioned,sectioned_early
17631,sectioned,sectioned_early
17632,sectioned,sectioned_early
17633,sectioned,sectioned_early
17634,sectioned,sectioned_early
17635,sectioned,sectioned_early
17636,sectioned,sectioned_early
17637,sectioned,sectioned_early
17638,sectioned,sectioned_early
17639,sectioned,sectioned_early
17640,sectioned,sectioned_early
17641,sectioned,sectioned_early
17642,sectioned,sectioned_early
17643,sectioned,sectioned_early
17645,sectioned,sectioned_early
17646,sectioned,sectioned_early
17647,sectioned,sectioned_early
17648,sectioned,sectioned_early
17649,sectioned,sectioned_early
17650,sectioned,sectioned_early
17651,sectioned,sectioned_early
17652,sectioned,sectioned_early
17653,sectioned,sectioned_early
17654,sectioned,sectioned_early
17655,sectioned,sectioned_early
17656,sectioned,sectioned_early
17657,sectioned,sectioned_early
17658,sectioned,sectioned_early
17659,sectioned,sectioned_early
17660,sectioned,sectioned_early
17661,sectioned,sectioned_early
17662,sectioned,sectioned_early
17663,sectioned,sectioned_early
17664,sectioned,sectioned_early
17665,sectioned,sectioned_early
17666,sectioned,sectioned_early
17667,sectioned,sectioned_early
17668,sectioned,sectioned_early
17669,sectioned,sectioned_early
17672,sectioned,sectioned_early
17676,sectioned,sectioned_early
17683,sectioned,sectioned_early
17684,sectioned,sectioned_early
17685,sectioned,sectioned_early
17686,sectioned,sectioned_early
17689,sectioned,sectioned_early
17690,sectioned,sectioned_early
17691,sectioned,sectioned_early
17692,sectioned,sectioned_early
17693,sectioned,sectioned_early
17694,sectioned,sectioned_early
17695,sectioned,sectioned_early
17696,sectioned,sectioned_early
17697,sectioned,sectioned_early
17698,sectioned,sectioned_early
17699,sectioned,sectioned_early
17701,sectioned,sectioned_early
17702,sectioned,sectioned_early
17703,sectioned,sectioned_early
17704,sectioned,sectioned_early
17705,sectioned,sectioned_early
17706,sectioned,sectioned_early
17707,sectioned,sectioned_early
17708,sectioned,sectioned_early
17709,sectioned,sectioned_early
17710,sectioned,sectioned_early
17711,sectioned,sectioned_early
17714,sectioned,sectioned_early
17715,sectioned,sectioned_early
17717,sectioned,sectioned_early
17718,sectioned,sectioned_early
17719,sectioned,sectioned_early
17720,sectioned,sectioned_early
17721,sectioned,sectioned_early
17726,sectioned,sectioned_early
17727,sectioned,sectioned_early
17728,sectioned,sectioned_early
17729,sectioned,sectioned_early
17730,sectioned,sectioned_early
17731,sectioned,sectioned_early
17732,sectioned,sectioned_early
17733,sectioned,sectioned_early
17734,sectioned,sectioned_early
17735,sectioned,sectioned_early
17736,sectioned,sectioned_early
17738,sectioned,sectioned_early
17739,sectioned,sectioned_early
17740,sectioned,sectioned_early
17741,sectioned,sectioned_early
17742,sectioned,sectioned_early
17743,sectioned,sectioned_early
17744,sectioned,sectioned_early
17745,sectioned,sectioned_early
17746,sectioned,sectioned_early
17747,sectioned,sectioned_early
17748,sectioned,sectioned_early
17749,sectioned,sectioned_early
17750,sectioned,sectioned_early
17751,sectioned,sectioned_early
17752,sectioned,sectioned_early
17753,sectioned,sectioned_early
17756,sectioned,sectioned_early
17757,sectioned,sectioned_early
17759,sectioned,sectioned_early
17760,sectioned,sectioned_early
17761,sectioned,sectioned_early
17762,sectioned,sectioned_early
17763,sectioned,sectioned_early
17764,sectioned,sectioned_early
17765,sectioned,sectioned_early
17766,sectioned,sectioned_early
17771,sectioned,sectioned_early
17772,sectioned,sectioned_early
17773,sectioned,sectioned_early
17774,sectioned,sectioned_early
17775,sectioned,sectioned_early
17776,sectioned,sectioned_early
17778,sectioned,sectioned_early
17782,sectioned,sectioned_early
17784,sectioned,sectioned_early
17785,sectioned,sectioned_early
17786,sectioned,sectioned_early
17787,sectioned,sectioned_early
17788,sectioned,sectioned_early
17789,sectioned,sectioned_early
17792,sectioned,sectioned_early
17793,sectioned,sectioned_early
17794,sectioned,sectioned_early
17795,sectioned,sectioned_early
17796,sectioned,sectioned_early
17798,sectioned,sectioned_early
17799,sectioned,sectioned_early
17800,sectioned,sectioned_early
17801,sectioned,sectioned_early
17802,sectioned,sectioned_early
17804,sectioned,sectioned_early
17805,sectioned,sectioned_early
17806,sectioned,sectioned_early
17807,sectioned,sectioned_early
17812,sectioned,sectioned_early
17813,sectioned,sectioned_early
17814,sectioned,sectioned_early
17815,sectioned,sectioned_early
17819,sectioned,sectioned_early
17822,sectioned,sectioned_early
17823,sectioned,sectioned_early
17824,sectioned,sectioned_early
17825,sectioned,sectioned_early
17828,sectioned,sectioned_early
17831,sectioned,sectioned_early
17835,sectioned,sectioned_early
17836,sectioned,sectioned_early
17837,sectioned,sectioned_early
17838,sectioned,sectioned_early
17839,sectioned,sectioned_early
17840,sectioned,sectioned_early
17841,sectioned,sectioned_early
17842,sectioned,sectioned_early
17843,sectioned,sectioned_early
17844,sectioned,sectioned_early
17845,sectioned,sectioned_early
17846,sectioned,sectioned_early
17848,sectioned,sectioned_early
17849,sectioned,sectioned_early
17850,sectioned,sectioned_early
17852,sectioned,sectioned_early
17853,sectioned,sectioned_early
17854,sectioned,sectioned_early
17855,sectioned,sectioned_early
17856,sectioned,sectioned_early
17857,sectioned,sectioned_early
17858,sectioned,sectioned_early
17859,sectioned,sectioned_early
17860,sectioned,sectioned_early
17861,sectioned,sectioned_early
17862,sectioned,sectioned_early
17863,sectioned,sectioned_early
17864,sectioned,sectioned_early
17865,sectioned,sectioned_early
17866,sectioned,sectioned_early
17867,sectioned,sectioned_early
17868,sectioned,sectioned_early
17869,sectioned,sectioned_early
17870,sectioned,sectioned_early
17871,sectioned,sectioned_early
17872,sectioned,sectioned_early
17873,sectioned,sectioned_early
17874,sectioned,sectioned_early
17875,sectioned,sectioned_early
17876,sectioned,sectioned_early
17879,sectioned,sectioned_early
17880,sectioned,sectioned_early
17881,sectioned,sectioned_early
17883,sectioned,sectioned_early
17884,sectioned,sectioned_early
17887,sectioned,sectioned_early
17891,sectioned,sectioned_early
17892,sectioned,sectioned_early
17894,sectioned,sectioned_early
17896,sectioned,sectioned_early
17898,sectioned,sectioned_early
17899,sectioned,sectioned_early
17900,sectioned,sectioned_early
17901,sectioned,sectioned_early
17902,sectioned,sectioned_early
17905,sectioned,sectioned_early
17906,sectioned,sectioned_early
17907,sectioned,sectioned_early
17908,sectioned,sectioned_early
17911,sectioned,sectioned_early
17912,sectioned,sectioned_early
17913,sectioned,sectioned_early
17915,sectioned,sectioned_early
17916,sectioned,sectioned_early
17917,sectioned,sectioned_early
17918,sectioned,sectioned_early
17919,sectioned,sectioned_early
17920,sectioned,sectioned_early
17921,sectioned,sectioned_early
17922,sectioned,sectioned_early
17923,sectioned,sectioned_early
17924,sectioned,sectioned_early
17925,sectioned,sectioned_early
17926,sectioned,sectioned_early
17927,sectioned,sectioned_early
17928,sectioned,sectioned_early
17929,sectioned,sectioned_early
17930,sectioned,sectioned_early
17931,sectioned,sectioned_early
17932,sectioned,sectioned_early
17933,sectioned,sectioned_early
17934,sectioned,sectioned_early
17935,sectioned,sectioned_early
17936,sectioned,sectioned_early
17938,sectioned,sectioned_early
17939,sectioned,sectioned_early
17940,sectioned,sectioned_early
17941,sectioned,sectioned_early
17942,sectioned,sectioned_early
17943,sectioned,sectioned_early
17944,sectioned,sectioned_early
17945,sectioned,sectioned_early
17946,sectioned,sectioned_early
17947,sectioned,sectioned_early
17948,sectioned,sectioned_early
17949,sectioned,sectioned_early
17950,sectioned,sectioned_early
17951,sectioned,sectioned_early
17952,sectioned,sectioned_early
17954,sectioned,sectioned_early
17955,sectioned,sectioned_early
17956,sectioned,sectioned_early
17957,sectioned,sectioned_early
17958,sectioned,sectioned_early
17959,sectioned,sectioned_early
17960,sectioned,sectioned_early
17961,sectioned,sectioned_early
17962,sectioned,sectioned_early
17963,sectioned,sectioned_early
17964,sectioned,sectioned_early
17965,sectioned,sectioned_early
17966,sectioned,sectioned_early
17967,sectioned,sectioned_early
17968,sectioned,sectioned_early
17969,sectioned,sectioned_early
17970,sectioned,sectioned_early
17971,sectioned,sectioned_early
17972,sectioned,sectioned_early
17973,sectioned,sectioned_early
17975,sectioned,sectioned_early
17976,sectioned,sectioned_early
17977,sectioned,sectioned_early
17978,sectioned,sectioned_early
17982,sectioned,sectioned_early
17983,sectioned,sectioned_early
17984,sectioned,sectioned_early
17986,sectioned,sectioned_early
17989,sectioned,sectioned_early
17990,sectioned,sectioned_early
17991,sectioned,sectioned_early
17992,sectioned,sectioned_early
17995,sectioned,sectioned_early
17997,sectioned,sectioned_early
17998,sectioned,sectioned_early
17999,sectioned,sectioned_early
18000,sectioned,sectioned_early
18001,sectioned,sectioned_early
18003,sectioned,sectioned_early
18004,sectioned,sectioned_early
18006,sectioned,sectioned_early
18010,sectioned,sectioned_early
18011,sectioned,sectioned_early
18012,sectioned,sectioned_early
18013,sectioned,sectioned_early
18025,sectioned,sectioned_early
18026,sectioned,sectioned_early
18027,sectioned,sectioned_early
18031,sectioned,sectioned_early
18032,sectioned,sectioned_early
18035,sectioned,sectioned_early
18036,sectioned,sectioned_early
18037,sectioned,sectioned_early
18038,sectioned,sectioned_early
18040,sectioned,sectioned_early
18041,sectioned,sectioned_early
18042,sectioned,sectioned_early
18043,sectioned,sectioned_early
18044,sectioned,sectioned_early
18048,sectioned,sectioned_early
18049,sectioned,sectioned_early
18052,sectioned,sectioned_early
18054,sectioned,sectioned_early
18056,sectioned,sectioned_early
18058,sectioned,sectioned_early
18059,sectioned,sectioned_early
18060,sectioned,sectioned_early
18061,sectioned,sectioned_early
18062,sectioned,sectioned_early
18063,sectioned,sectioned_early
18064,sectioned,sectioned_early
18065,sectioned,sectioned_early
18066,sectioned,sectioned_early
18067,sectioned,sectioned_early
18070,sectioned,sectioned_early
18071,sectioned,sectioned_early
18074,sectioned,sectioned_early
18075,sectioned,sectioned_early
18076,sectioned,sectioned_early
18077,sectioned,sectioned_early
18080,sectioned,sectioned_early
18081,sectioned,sectioned_early
18082,sectioned,sectioned_early
18083,sectioned,sectioned_early
18084,sectioned,sectioned_early
18085,sectioned,sectioned_early
18088,sectioned,sectioned_early
18089,sectioned,sectioned_early
18090,sectioned,sectioned_early
18091,sectioned,sectioned_early
18094,sectioned,sectioned_early
18095,sectioned,sectioned_early
18096,sectioned,sectioned_early
18097,sectioned,sectioned_early
18098,sectioned,sectioned_early
18100,sectioned,sectioned_early
18101,sectioned,sectioned_early
18102,sectioned,sectioned_early
18104,sectioned,sectioned_early
18105,sectioned,sectioned_early
18109,sectioned,sectioned_early
18110,sectioned,sectioned_early
18111,sectioned,sectioned_early
18112,sectioned,sectioned_early
18114,sectioned,sectioned_early
18115,sectioned,sectioned_early
18116,sectioned,sectioned_early
18117,sectioned,sectioned_early
18118,sectioned,sectioned_early
18120,sectioned,sectioned_early
18121,sectioned,sectioned_early
18122,sectioned,sectioned_early
18123,sectioned,sectioned_early
18125,sectioned,sectioned_early
18126,sectioned,sectioned_early
18127,sectioned,sectioned_early
18129,sectioned,sectioned_early
18130,sectioned,sectioned_early
18133,sectioned,sectioned_early
18135,sectioned,sectioned_early
18137,sectioned,sectioned_early
18140,sectioned,sectioned_early
18141,sectioned,sectioned_early
18142,sectioned,sectioned_early
18144,sectioned,sectioned_early
18149,sectioned,sectioned_early
18150,sectioned,sectioned_early
18151,sectioned,sectioned_early
18152,sectioned,sectioned_early
18154,sectioned,sectioned_early
18155,sectioned,sectioned_early
18157,sectioned,sectioned_early
18158,sectioned,sectioned_early
18159,sectioned,sectioned_early
18160,sectioned,sectioned_early
18161,sectioned,sectioned_early
18163,sectioned,sectioned_early
18164,sectioned,sectioned_early
18165,sectioned,sectioned_early
18167,sectioned,sectioned_early
18168,sectioned,sectioned_early
18169,sectioned,sectioned_early
18172,sectioned,sectioned_early
18174,sectioned,sectioned_early
18175,sectioned,sectioned_early
18178,sectioned,sectioned_early
18179,sectioned,sectioned_early
18180,sectioned,sectioned_early
18181,sectioned,sectioned_early
18182,sectioned,sectioned_early
18183,sectioned,sectioned_early
18184,sectioned,sectioned_early
18185,sectioned,sectioned_early
18187,sectioned,sectioned_early
18188,sectioned,sectioned_early
18191,sectioned,sectioned_early
18192,sectioned,sectioned_early
18193,sectioned,sectioned_early
18194,sectioned,sectioned_early
18195,sectioned,sectioned_early
18196,sectioned,sectioned_early
18218,sectioned,sectioned_early
18220,sectioned,sectioned_early
18223,sectioned,sectioned_early
18226,sectioned,sectioned_early
18227,sectioned,sectioned_early
18228,sectioned,sectioned_early
18229,sectioned,sectioned_early
18232,sectioned,sectioned_early
18235,sectioned,sectioned_early
18236,sectioned,sectioned_early
18237,sectioned,sectioned_early
18238,sectioned,sectioned_early
18240,sectioned,sectioned_early
18241,sectioned,sectioned_early
18242,sectioned,sectioned_early
18247,sectioned,sectioned_early
18248,sectioned,sectioned_early
18249,sectioned,sectioned_early
18252,sectioned,sectioned_early
18253,sectioned,sectioned_early
18254,sectioned,sectioned_early
18257,sectioned,sectioned_early
18259,sectioned,sectioned_early
18260,sectioned,sectioned_early
18261,sectioned,sectioned_early
18262,sectioned,sectioned_early
18263,sectioned,sectioned_early
18266,sectioned,sectioned_early
18267,sectioned,sectioned_early
18268,sectioned,sectioned_early
18269,sectioned,sectioned_early
18270,sectioned,sectioned_early
18271,sectioned,sectioned_early
18275,sectioned,sectioned_early
18276,sectioned,sectioned_early
18277,sectioned,sectioned_early
18278,sectioned,sectioned_early
18279,sectioned,sectioned_early
18280,sectioned,sectioned_early
18281,sectioned,sectioned_early
18282,sectioned,sectioned_early
18283,sectioned,sectioned_early
18284,sectioned,sectioned_early
18285,sectioned,sectioned_early
18286,sectioned,sectioned_early
18289,sectioned,sectioned_early
18290,sectioned,sectioned_early
18291,sectioned,sectioned_early
18292,sectioned,sectioned_early
18293,sectioned,sectioned_early
18294,sectioned,sectioned_early
18296,sectioned,sectioned_early
18297,sectioned,sectioned_early
18298,sectioned,sectioned_early
18299,sectioned,sectioned_early
18300,sectioned,sectioned_early
18301,sectioned,sectioned_early
18302,sectioned,sectioned_early
18303,sectioned,sectioned_early
18304,sectioned,sectioned_early
18305,sectioned,sectioned_early
18306,sectioned,sectioned_early
18308,sectioned,sectioned_early
18309,sectioned,sectioned_early
18310,sectioned,sectioned_early
18312,sectioned,sectioned_early
18313,sectioned,sectioned_early
18314,sectioned,sectioned_early
18315,sectioned,sectioned_early
18317,sectioned,sectioned_early
18318,sectioned,sectioned_early
18320,sectioned,sectioned_early
18321,sectioned,sectioned_early
18322,sectioned,sectioned_early
18323,sectioned,sectioned_early
18324,sectioned,sectioned_early
18325,sectioned,sectioned_early
18326,sectioned,sectioned_early
18328,sectioned,sectioned_early
18329,sectioned,sectioned_early
18330,sectioned,sectioned_early
18331,sectioned,sectioned_early
18332,sectioned,sectioned_early
18333,sectioned,sectioned_early
18334,sectioned,sectioned_early
18336,sectioned,sectioned_early
18339,sectioned,sectioned_early
18340,sectioned,sectioned_early
18341,sectioned,sectioned_early
18342,sectioned,sectioned_early
18345,sectioned,sectioned_early
18346,sectioned,sectioned_early
18347,sectioned,sectioned_early
18348,sectioned,sectioned_early
18349,sectioned,sectioned_early
18351,sectioned,sectioned_early
18352,sectioned,sectioned_early
18353,sectioned,sectioned_early
18354,sectioned,sectioned_early
18355,sectioned,sectioned_early
18356,sectioned,sectioned_early
18357,sectioned,sectioned_early
18358,sectioned,sectioned_early
18359,sectioned,sectioned_early
18360,sectioned,sectioned_early
18361,sectioned,sectioned_early
18362,sectioned,sectioned_early
18363,sectioned,sectioned_early
18364,sectioned,sectioned_early
18365,sectioned,sectioned_early
18366,sectioned,sectioned_early
18367,sectioned,sectioned_early
18368,sectioned,sectioned_early
18370,sectioned,sectioned_early
18371,sectioned,sectioned_early
18372,sectioned,sectioned_early
18373,sectioned,sectioned_early
18374,sectioned,sectioned_early
18375,sectioned,sectioned_early
18376,sectioned,sectioned_early
18377,sectioned,sectioned_early
18378,sectioned,sectioned_early
18379,sectioned,sectioned_early
18380,sectioned,sectioned_early
18381,sectioned,sectioned_early
18382,sectioned,sectioned_early
18384,sectioned,sectioned_early
18385,sectioned,sectioned_early
18386,sectioned,sectioned_early
18387,sectioned,sectioned_early
18388,sectioned,sectioned_early
18389,sectioned,sectioned_early
18390,sectioned,sectioned_early
18391,sectioned,sectioned_early
18392,sectioned,sectioned_early
18393,sectioned,sectioned_early
18394,sectioned,sectioned_early
18395,sectioned,sectioned_early
18396,sectioned,sectioned_early
18397,sectioned,sectioned_early
18401,sectioned,sectioned_early
18403,sectioned,sectioned_early
18405,sectioned,sectioned_early
18406,sectioned,sectioned_early
18409,sectioned,sectioned_early
18411,sectioned,sectioned_early
18412,sectioned,sectioned_early
18414,sectioned,sectioned_early
18415,sectioned,sectioned_early
18416,sectioned,sectioned_early
18417,sectioned,sectioned_early
18418,sectioned,sectioned_early
18420,sectioned,sectioned_early
18421,sectioned,sectioned_early
18422,sectioned,sectioned_early
18423,sectioned,sectioned_early
18424,sectioned,sectioned_early
18425,sectioned,sectioned_early
18426,sectioned,sectioned_early
18427,sectioned,sectioned_early
18428,sectioned,sectioned_early
18429,sectioned,sectioned_early
18430,sectioned,sectioned_early
18431,sectioned,sectioned_early
18432,sectioned,sectioned_early
18433,sectioned,sectioned_early
18434,sectioned,sectioned_early
18436,sectioned,sectioned_early
18437,sectioned,sectioned_early
18438,sectioned,sectioned_early
18439,sectioned,sectioned_early
18441,sectioned,sectioned_early
18442,sectioned,sectioned_early
18443,sectioned,sectioned_early
18444,sectioned,sectioned_early
18445,sectioned,sectioned_early
18446,sectioned,sectioned_early
18447,sectioned,sectioned_early
18448,sectioned,sectioned_early
18449,sectioned,sectioned_early
18450,sectioned,sectioned_early
18451,sectioned,sectioned_early
18452,sectioned,sectioned_early
18453,sectioned,sectioned_early
18454,sectioned,sectioned_early
18455,sectioned,sectioned_early
18456,sectioned,sectioned_early
18457,sectioned,sectioned_early
18458,sectioned,sectioned_early
18459,sectioned,sectioned_early
18460,sectioned,sectioned_early
18461,sectioned,sectioned_early
18462,sectioned,sectioned_early
18463,sectioned,sectioned_early
18465,sectioned,sectioned_early
18466,sectioned,sectioned_early
18467,sectioned,sectioned_early
18469,sectioned,sectioned_early
18470,sectioned,sectioned_early
18471,sectioned,sectioned_early
18473,sectioned,sectioned_early
18474,sectioned,sectioned_early
18475,sectioned,sectioned_early
18476,sectioned,sectioned_early
18477,sectioned,sectioned_early
18478,sectioned,sectioned_early
18479,sectioned,sectioned_early
18481,sectioned,sectioned_early
18483,sectioned,sectioned_early
18485,sectioned,sectioned_early
18490,sectioned,sectioned_early
18491,sectioned,sectioned_early
18493,sectioned,sectioned_early
18494,sectioned,sectioned_early
18495,sectioned,sectioned_early
18496,sectioned,sectioned_early
18497,sectioned,sectioned_early
18499,sectioned,sectioned_early
18500,sectioned,sectioned_early
18501,sectioned,sectioned_early
18502,sectioned,sectioned_early
18503,sectioned,sectioned_early
18504,sectioned,sectioned_early
18505,sectioned,sectioned_early
18506,sectioned,sectioned_early
18507,sectioned,sectioned_early
18509,sectioned,sectioned_early
18510,sectioned,sectioned_early
18511,sectioned,sectioned_early
18512,sectioned,sectioned_early
18513,sectioned,sectioned_early
18515,sectioned,sectioned_early
18516,sectioned,sectioned_early
18517,sectioned,sectioned_early
18518,sectioned,sectioned_early
18519,sectioned,sectioned_early
18520,sectioned,sectioned_early
18521,sectioned,sectioned_early
18524,sectioned,sectioned_early
18525,sectioned,sectioned_early
18526,sectioned,sectioned_early
18527,sectioned,sectioned_early
18528,sectioned,sectioned_early
18529,sectioned,sectioned_early
18530,sectioned,sectioned_early
18531,sectioned,sectioned_early
18532,sectioned,sectioned_early
18533,sectioned,sectioned_early
18534,sectioned,sectioned_early
18536,sectioned,sectioned_early
18537,sectioned,sectioned_early
18538,sectioned,sectioned_early
18539,sectioned,sectioned_early
18541,sectioned,sectioned_early
18542,sectioned,sectioned_early
18543,sectioned,sectioned_early
18544,sectioned,sectioned_early
18545,sectioned,sectioned_early
18546,sectioned,sectioned_early
18547,sectioned,sectioned_early
18548,sectioned,sectioned_early
18549,sectioned,sectioned_early
18550,sectioned,sectioned_early
18551,sectioned,sectioned_early
18552,sectioned,sectioned_early
18553,sectioned,sectioned_early
18554,sectioned,sectioned_early
18555,sectioned,sectioned_early
18556,sectioned,sectioned_early
18557,sectioned,sectioned_early
18558,sectioned,sectioned_early
18559,sectioned,sectioned_early
18560,sectioned,sectioned_early
18561,sectioned,sectioned_early
18562,sectioned,sectioned_early
18563,sectioned,sectioned_early
18564,sectioned,sectioned_early
18566,sectioned,sectioned_early
18567,sectioned,sectioned_early
18568,sectioned,sectioned_early
18569,sectioned,sectioned_early
18570,sectioned,sectioned_early
18571,sectioned,sectioned_early
18572,sectioned,sectioned_early
18573,sectioned,sectioned_early
18574,sectioned,sectioned_early
18575,sectioned,sectioned_early
18576,sectioned,sectioned_early
18577,sectioned,sectioned_early
18578,sectioned,sectioned_early
18579,sectioned,sectioned_early
18580,sectioned,sectioned_early
18581,sectioned,sectioned_early
18582,sectioned,sectioned_early
18583,sectioned,sectioned_early
18585,sectioned,sectioned_early
18586,sectioned,sectioned_early
18587,sectioned,sectioned_early
18588,sectioned,sectioned_early
18589,sectioned,sectioned_early
18591,sectioned,sectioned_early
18592,sectioned,sectioned_early
18594,sectioned,sectioned_early
18595,sectioned,sectioned_early
18596,sectioned,sectioned_early
18597,sectioned,sectioned_early
18598,sectioned,sectioned_early
18599,sectioned,sectioned_early
18600,sectioned,sectioned_early
18601,sectioned,sectioned_early
18602,sectioned,sectioned_early
18603,sectioned,sectioned_early
18604,sectioned,sectioned_early
18605,sectioned,sectioned_early
18606,sectioned,sectioned_early
18607,sectioned,sectioned_early
18608,sectioned,sectioned_early
18610,sectioned,sectioned_early
18611,sectioned,sectioned_early
18613,sectioned,sectioned_early
18615,sectioned,sectioned_early
18616,sectioned,sectioned_early
18617,sectioned,sectioned_early
18618,sectioned,sectioned_early
18619,sectioned,sectioned_early
18620,sectioned,sectioned_early
18621,sectioned,sectioned_early
18623,sectioned,sectioned_early
18624,sectioned,sectioned_early
18625,sectioned,sectioned_early
18626,sectioned,sectioned_early
18627,sectioned,sectioned_early
18628,sectioned,sectioned_early
18629,sectioned,sectioned_early
18630,sectioned,sectioned_early
18631,sectioned,sectioned_early
18632,sectioned,sectioned_early
18633,sectioned,sectioned_early
18634,sectioned,sectioned_early
18635,sectioned,sectioned_early
18636,sectioned,sectioned_early
18637,sectioned,sectioned_early
18638,sectioned,sectioned_early
18639,sectioned,sectioned_early
18640,sectioned,sectioned_early
18641,sectioned,sectioned_early
18642,sectioned,sectioned_early
18643,sectioned,sectioned_early
18644,sectioned,sectioned_early
18645,sectioned,sectioned_early
18646,sectioned,sectioned_early
18647,sectioned,sectioned_early
18648,sectioned,sectioned_early
18649,sectioned,sectioned_early
18652,sectioned,sectioned_early
18653,sectioned,sectioned_early
18655,sectioned,sectioned_early
18658,sectioned,sectioned_early
18659,sectioned,sectioned_early
18660,sectioned,sectioned_early
18661,sectioned,sectioned_early
18662,sectioned,sectioned_early
18663,sectioned,sectioned_early
18664,sectioned,sectioned_early
18665,sectioned,sectioned_early
18666,sectioned,sectioned_early
18667,sectioned,sectioned_early
18668,sectioned,sectioned_early
18669,sectioned,sectioned_early
18673,sectioned,sectioned_early
18675,sectioned,sectioned_early
18677,sectioned,sectioned_early
18678,sectioned,sectioned_early
18679,sectioned,sectioned_early
18680,sectioned,sectioned_early
18681,sectioned,sectioned_early
18683,sectioned,sectioned_early
18684,sectioned,sectioned_early
18685,sectioned,sectioned_early
18686,sectioned,sectioned_early
18687,sectioned,sectioned_early
18688,sectioned,sectioned_early
18689,sectioned,sectioned_early
18690,sectioned,sectioned_early
18691,sectioned,sectioned_early
18692,sectioned,sectioned_early
18693,sectioned,sectioned_early
18695,sectioned,sectioned_early
18696,sectioned,sectioned_early
18697,sectioned,sectioned_early
18698,sectioned,sectioned_early
18699,sectioned,sectioned_early
18701,sectioned,sectioned_early
18704,sectioned,sectioned_early
18708,sectioned,sectioned_early
18715,sectioned,sectioned_early
18722,sectioned,sectioned_early
18727,sectioned,sectioned_early
18730,sectioned,sectioned_early
18731,sectioned,sectioned_early
18732,sectioned,sectioned_early
18735,sectioned,sectioned_early
18738,sectioned,sectioned_early
18740,sectioned,sectioned_early
18741,sectioned,sectioned_early
18742,sectioned,sectioned_early
18743,sectioned,sectioned_early
18744,sectioned,sectioned_early
18745,sectioned,sectioned_early
18746,sectioned,sectioned_early
18748,sectioned,sectioned_early
18749,sectioned,sectioned_early
18750,sectioned,sectioned_early
18752,sectioned,sectioned_early
18754,sectioned,sectioned_early
18755,sectioned,sectioned_early
18756,sectioned,sectioned_early
18758,sectioned,sectioned_early
18759,sectioned,sectioned_early
18760,sectioned,sectioned_early
18762,sectioned,sectioned_early
18764,sectioned,sectioned_early
18765,sectioned,sectioned_early
18766,sectioned,sectioned_early
18767,sectioned,sectioned_early
18768,sectioned,sectioned_early
18770,sectioned,sectioned_early
18771,sectioned,sectioned_early
18772,sectioned,sectioned_early
18773,sectioned,sectioned_early
18774,sectioned,sectioned_early
18777,sectioned,sectioned_early
18778,sectioned,sectioned_early
18779,sectioned,sectioned_early
18780,sectioned,sectioned_early
18781,sectioned,sectioned_early
18782,sectioned,sectioned_early
18783,sectioned,sectioned_early
18784,sectioned,sectioned_early
18785,sectioned,sectioned_early
18786,sectioned,sectioned_early
18787,sectioned,sectioned_early
18788,sectioned,sectioned_early
18789,sectioned,sectioned_early
18790,sectioned,sectioned_early
18791,sectioned,sectioned_early
18792,sectioned,sectioned_early
18794,sectioned,sectioned_early
18795,sectioned,sectioned_early
18796,sectioned,sectioned_early
18797,sectioned,sectioned_early
18798,sectioned,sectioned_early
18799,sectioned,sectioned_early
18800,sectioned,sectioned_early
18801,sectioned,sectioned_early
18802,sectioned,sectioned_early
18803,sectioned,sectioned_early
18804,sectioned,sectioned_early
18805,sectioned,sectioned_early
18808,sectioned,sectioned_early
18809,sectioned,sectioned_early
18810,sectioned,sectioned_early
18811,sectioned,sectioned_early
18812,sectioned,sectioned_early
18813,sectioned,sectioned_early
18814,sectioned,sectioned_early
18815,sectioned,sectioned_early
18817,sectioned,sectioned_early
18818,sectioned,sectioned_early
18820,sectioned,sectioned_early
18821,sectioned,sectioned_early
18822,sectioned,sectioned_early
18824,sectioned,sectioned_early
18826,sectioned,sectioned_early
18827,sectioned,sectioned_early
18828,sectioned,sectioned_early
18829,sectioned,sectioned_early
18830,sectioned,sectioned_early
18832,sectioned,sectioned_early
18833,sectioned,sectioned_early
18834,sectioned,sectioned_early
18835,sectioned,sectioned_early
18836,sectioned,sectioned_early
18837,sectioned,sectioned_early
18838,sectioned,sectioned_early
18839,sectioned,sectioned_early
18840,sectioned,sectioned_early
18841,sectioned,sectioned_early
18843,sectioned,sectioned_early
18844,sectioned,sectioned_early
18845,sectioned,sectioned_early
18846,sectioned,sectioned_early
18847,sectioned,sectioned_early
18848,sectioned,sectioned_early
18849,sectioned,sectioned_early
18850,sectioned,sectioned_early
18851,sectioned,sectioned_early
18852,sectioned,sectioned_early
18853,sectioned,sectioned_early
18854,sectioned,sectioned_early
18855,sectioned,sectioned_early
18856,sectioned,sectioned_early
18857,sectioned,sectioned_early
18858,sectioned,sectioned_early
18859,sectioned,sectioned_early
18861,sectioned,sectioned_early
18862,sectioned,sectioned_early
18863,sectioned,sectioned_early
18864,sectioned,sectioned_early
18865,sectioned,sectioned_early
18866,sectioned,sectioned_early
18867,sectioned,sectioned_early
18868,sectioned,sectioned_early
18869,sectioned,sectioned_early
18870,sectioned,sectioned_early
18871,sectioned,sectioned_early
18873,sectioned,sectioned_early
18874,sectioned,sectioned_early
18875,sectioned,sectioned_early
18876,sectioned,sectioned_early
18877,sectioned,sectioned_early
18878,sectioned,sectioned_early
18879,sectioned,sectioned_early
18880,sectioned,sectioned_early
18881,sectioned,sectioned_early
18882,sectioned,sectioned_early
18883,sectioned,sectioned_early
18884,sectioned,sectioned_early
18889,sectioned,sectioned_early
18890,sectioned,sectioned_early
18892,sectioned,sectioned_early
18893,sectioned,sectioned_early
18895,sectioned,sectioned_early
18899,sectioned,sectioned_early
18900,sectioned,sectioned_early
18904,sectioned,sectioned_early
18905,sectioned,sectioned_early
18906,sectioned,sectioned_early
18907,sectioned,sectioned_early
18908,sectioned,sectioned_early
18909,sectioned,sectioned_early
18910,sectioned,sectioned_early
18911,sectioned,sectioned_early
18912,sectioned,sectioned_early
18913,sectioned,sectioned_early
18914,sectioned,sectioned_early
18915,sectioned,sectioned_early
18916,sectioned,sectioned_early
18917,sectioned,sectioned_early
18918,sectioned,sectioned_early
18919,sectioned,sectioned_early
18920,sectioned,sectioned_early
18923,sectioned,sectioned_early
18925,sectioned,sectioned_early
18926,sectioned,sectioned_early
18928,sectioned,sectioned_early
18929,sectioned,sectioned_early
18931,sectioned,sectioned_early
18932,sectioned,sectioned_early
18933,sectioned,sectioned_early
18935,sectioned,sectioned_early
18936,sectioned,sectioned_early
18937,sectioned,sectioned_early
18938,sectioned,sectioned_early
18939,sectioned,sectioned_early
18940,sectioned,sectioned_early
18943,sectioned,sectioned_early
18944,sectioned,sectioned_early
18947,sectioned,sectioned_early
18954,sectioned,sectioned_early
18955,sectioned,sectioned_early
18956,sectioned,sectioned_early
18957,sectioned,sectioned_early
18958,sectioned,sectioned_early
18959,sectioned,sectioned_early
18960,sectioned,sectioned_early
18961,sectioned,sectioned_early
18962,sectioned,sectioned_early
18963,sectioned,sectioned_early
18964,sectioned,sectioned_early
18965,sectioned,sectioned_early
18966,sectioned,sectioned_early
18969,sectioned,sectioned_early
18971,sectioned,sectioned_early
18973,sectioned,sectioned_early
18975,sectioned,sectioned_early
18979,sectioned,sectioned_early
18980,sectioned,sectioned_early
18981,sectioned,sectioned_early
18982,sectioned,sectioned_early
18983,sectioned,sectioned_early
18984,sectioned,sectioned_early
18985,sectioned,sectioned_early
18986,sectioned,sectioned_early
18987,sectioned,sectioned_early
18990,sectioned,sectioned_early
18991,sectioned,sectioned_early
18995,sectioned,sectioned_early
18996,sectioned,sectioned_early
18997,sectioned,sectioned_early
18998,sectioned,sectioned_early
19002,sectioned,sectioned_early
19003,sectioned,sectioned_early
19004,sectioned,sectioned_early
19005,sectioned,sectioned_early
19006,sectioned,sectioned_early
19007,sectioned,sectioned_early
19009,sectioned,sectioned_early
19010,sectioned,sectioned_early
19011,sectioned,sectioned_early
19012,sectioned,sectioned_early
19013,sectioned,sectioned_early
19014,sectioned,sectioned_early
19015,sectioned,sectioned_early
19016,sectioned,sectioned_early
19017,sectioned,sectioned_early
19018,sectioned,sectioned_early
19019,sectioned,sectioned_early
19020,sectioned,sectioned_early
19021,sectioned,sectioned_early
19022,sectioned,sectioned_early
19023,sectioned,sectioned_early
19025,sectioned,sectioned_early
19026,sectioned,sectioned_early
19027,sectioned,sectioned_early
19028,sectioned,sectioned_early
19029,sectioned,sectioned_early
19030,sectioned,sectioned_early
19032,sectioned,sectioned_early
19033,sectioned,sectioned_early
19034,sectioned,sectioned_early
19035,sectioned,sectioned_early
19037,sectioned,sectioned_early
19038,sectioned,sectioned_early
19039,sectioned,sectioned_early
19040,sectioned,sectioned_early
19041,sectioned,sectioned_early
19042,sectioned,sectioned_early
19043,sectioned,sectioned_early
19044,sectioned,sectioned_early
19045,sectioned,sectioned_early
19046,sectioned,sectioned_early
19047,sectioned,sectioned_early
19049,sectioned,sectioned_early
19050,sectioned,sectioned_early
19051,sectioned,sectioned_early
19052,sectioned,sectioned_early
19056,sectioned,sectioned_early
19057,sectioned,sectioned_early
19058,sectioned,sectioned_early
19059,sectioned,sectioned_early
19060,sectioned,sectioned_early
19061,sectioned,sectioned_early
19062,sectioned,sectioned_early
19063,sectioned,sectioned_early
19064,sectioned,sectioned_early
19065,sectioned,sectioned_early
19067,sectioned,sectioned_early
19068,sectioned,sectioned_early
19069,sectioned,sectioned_early
19070,sectioned,sectioned_early
19071,sectioned,sectioned_early
19074,sectioned,sectioned_early
19075,sectioned,sectioned_early
19076,sectioned,sectioned_early
19077,sectioned,sectioned_early
19078,sectioned,sectioned_early
19079,sectioned,sectioned_early
19080,sectioned,sectioned_early
19082,sectioned,sectioned_early
19083,sectioned,sectioned_early
19084,sectioned,sectioned_early
19085,sectioned,sectioned_early
19087,sectioned,sectioned_early
19088,sectioned,sectioned_early
19089,sectioned,sectioned_early
19090,sectioned,sectioned_early
19091,sectioned,sectioned_early
19092,sectioned,sectioned_early
19095,sectioned,sectioned_early
19096,sectioned,sectioned_early
19098,sectioned,sectioned_early
19103,sectioned,sectioned_early
19104,sectioned,sectioned_early
19105,sectioned,sectioned_early
19109,sectioned,sectioned_early
19110,sectioned,sectioned_early
19111,sectioned,sectioned_early
19115,sectioned,sectioned_early
19116,sectioned,sectioned_early
19117,sectioned,sectioned_early
19118,sectioned,sectioned_early
19122,sectioned,sectioned_early
19123,sectioned,sectioned_early
19125,sectioned,sectioned_early
19126,sectioned,sectioned_early
19128,sectioned,sectioned_early
19129,sectioned,sectioned_early
19130,sectioned,sectioned_early
19131,sectioned,sectioned_early
19132,sectioned,sectioned_early
19133,sectioned,sectioned_early
19134,sectioned,sectioned_early
19135,sectioned,sectioned_early
19146,sectioned,sectioned_early
19147,sectioned,sectioned_early
19148,sectioned,sectioned_early
19149,sectioned,sectioned_early
19151,sectioned,sectioned_early
19152,sectioned,sectioned_early
19153,sectioned,sectioned_early
19154,sectioned,sectioned_early
19155,sectioned,sectioned_early
19156,sectioned,sectioned_early
19157,sectioned,sectioned_early
19158,sectioned,sectioned_early
19159,sectioned,sectioned_early
19160,sectioned,sectioned_early
19161,sectioned,sectioned_early
19162,sectioned,sectioned_early
19163,sectioned,sectioned_early
19165,sectioned,sectioned_early
19166,sectioned,sectioned_early
19167,sectioned,sectioned_early
19169,sectioned,sectioned_early
19170,sectioned,sectioned_early
19171,sectioned,sectioned_early
19172,sectioned,sectioned_early
19173,sectioned,sectioned_early
19174,sectioned,sectioned_early
19175,sectioned,sectioned_early
19176,sectioned,sectioned_early
19178,sectioned,sectioned_early
19179,sectioned,sectioned_early
19180,sectioned,sectioned_early
19181,sectioned,sectioned_early
19182,sectioned,sectioned_early
19183,sectioned,sectioned_early
19184,sectioned,sectioned_early
19185,sectioned,sectioned_early
19186,sectioned,sectioned_early
19187,sectioned,sectioned_early
19189,sectioned,sectioned_early
19190,sectioned,sectioned_early
19192,sectioned,sectioned_early
19193,sectioned,sectioned_early
19195,sectioned,sectioned_early
19199,sectioned,sectioned_early
19200,sectioned,sectioned_early
19201,sectioned,sectioned_early
19202,sectioned,sectioned_early
19203,sectioned,sectioned_early
19204,sectioned,sectioned_early
19205,sectioned,sectioned_early
19206,sectioned,sectioned_early
19207,sectioned,sectioned_early
19210,sectioned,sectioned_early
19211,sectioned,sectioned_early
19212,sectioned,sectioned_early
19213,sectioned,sectioned_early
19214,sectioned,sectioned_early
19215,sectioned,sectioned_early
19216,sectioned,sectioned_early
19217,sectioned,sectioned_early
19218,sectioned,sectioned_early
19219,sectioned,sectioned_early
19220,sectioned,sectioned_early
19221,sectioned,sectioned_early
19222,sectioned,sectioned_early
19223,sectioned,sectioned_early
19224,sectioned,sectioned_early
19225,sectioned,sectioned_early
19226,sectioned,sectioned_early
19227,sectioned,sectioned_early
19228,sectioned,sectioned_early
19229,sectioned,sectioned_early
19230,sectioned,sectioned_early
19231,sectioned,sectioned_early
19232,sectioned,sectioned_early
19233,sectioned,sectioned_early
19234,sectioned,sectioned_early
19235,sectioned,sectioned_early
19236,sectioned,sectioned_early
19237,sectioned,sectioned_early
19238,sectioned,sectioned_early
19239,sectioned,sectioned_early
19240,sectioned,sectioned_early
19241,sectioned,sectioned_early
19242,sectioned,sectioned_early
19243,sectioned,sectioned_early
19244,sectioned,sectioned_early
19245,sectioned,sectioned_early
19246,sectioned,sectioned_early
19247,sectioned,sectioned_early
19248,sectioned,sectioned_early
19249,sectioned,sectioned_early
19250,sectioned,sectioned_early
19251,sectioned,sectioned_early
19252,sectioned,sectioned_early
19253,sectioned,sectioned_early
19254,sectioned,sectioned_early
19255,sectioned,sectioned_early
19256,sectioned,sectioned_early
19257,sectioned,sectioned_early
19258,sectioned,sectioned_early
19259,sectioned,sectioned_early
19260,sectioned,sectioned_early
19261,sectioned,sectioned_early
19262,sectioned,sectioned_early
19263,sectioned,sectioned_early
19264,sectioned,sectioned_early
19265,sectioned,sectioned_early
19266,sectioned,sectioned_early
19267,sectioned,sectioned_early
19268,sectioned,sectioned_early
19269,sectioned,sectioned_early
19270,sectioned,sectioned_early
19273,sectioned,sectioned_early
19274,sectioned,sectioned_early
19275,sectioned,sectioned_early
19276,sectioned,sectioned_early
19277,sectioned,sectioned_early
19278,sectioned,sectioned_early
19281,sectioned,sectioned_early
19282,sectioned,sectioned_early
19283,sectioned,sectioned_early
19285,sectioned,sectioned_early
19286,sectioned,sectioned_early
19287,sectioned,sectioned_early
19289,sectioned,sectioned_early
19290,sectioned,sectioned_early
19291,sectioned,sectioned_early
19292,sectioned,sectioned_early
19293,sectioned,sectioned_early
19295,sectioned,sectioned_early
19296,sectioned,sectioned_early
19297,sectioned,sectioned_early
19298,sectioned,sectioned_early
19299,sectioned,sectioned_early
19300,sectioned,sectioned_early
19302,sectioned,sectioned_early
19303,sectioned,sectioned_early
19304,sectioned,sectioned_early
19305,sectioned,sectioned_early
19306,sectioned,sectioned_early
19307,sectioned,sectioned_early
19308,sectioned,sectioned_early
19309,sectioned,sectioned_early
19311,sectioned,sectioned_early
19312,sectioned,sectioned_early
19313,sectioned,sectioned_early
19314,sectioned,sectioned_early
19315,sectioned,sectioned_early
19316,sectioned,sectioned_early
19317,sectioned,sectioned_early
19318,sectioned,sectioned_early
19319,sectioned,sectioned_early
19320,sectioned,sectioned_early
19322,sectioned,sectioned_early
19323,sectioned,sectioned_early
19324,sectioned,sectioned_early
19325,sectioned,sectioned_early
19326,sectioned,sectioned_early
19328,sectioned,sectioned_early
19330,sectioned,sectioned_early
19331,sectioned,sectioned_early
19332,sectioned,sectioned_early
19333,sectioned,sectioned_early
19334,sectioned,sectioned_early
19335,sectioned,sectioned_early
19336,sectioned,sectioned_early
19337,sectioned,sectioned_early
19338,sectioned,sectioned_early
19340,sectioned,sectioned_early
19341,sectioned,sectioned_early
19342,sectioned,sectioned_early
19344,sectioned,sectioned_early
19345,sectioned,sectioned_early
19346,sectioned,sectioned_early
19347,sectioned,sectioned_early
19348,sectioned,sectioned_early
19350,sectioned,sectioned_early
19351,sectioned,sectioned_early
19352,sectioned,sectioned_early
19353,sectioned,sectioned_early
19354,sectioned,sectioned_early
19355,sectioned,sectioned_early
19356,sectioned,sectioned_early
19357,sectioned,sectioned_early
19359,sectioned,sectioned_early
19360,sectioned,sectioned_early
19362,sectioned,sectioned_early
19363,sectioned,sectioned_early
19364,sectioned,sectioned_early
19365,sectioned,sectioned_early
19366,sectioned,sectioned_early
19367,sectioned,sectioned_early
19368,sectioned,sectioned_early
19369,sectioned,sectioned_early
19370,sectioned,sectioned_early
19371,sectioned,sectioned_early
19372,sectioned,sectioned_early
19373,sectioned,sectioned_early
19374,sectioned,sectioned_early
19375,sectioned,sectioned_early
19378,sectioned,sectioned_early
19380,sectioned,sectioned_early
19381,sectioned,sectioned_early
19382,sectioned,sectioned_early
19383,sectioned,sectioned_early
19384,sectioned,sectioned_early
19385,sectioned,sectioned_early
19386,sectioned,sectioned_early
19388,sectioned,sectioned_early
19389,sectioned,sectioned_early
19390,sectioned,sectioned_early
19391,sectioned,sectioned_early
19392,sectioned,sectioned_early
19393,sectioned,sectioned_early
19394,sectioned,sectioned_early
19395,sectioned,sectioned_early
19396,sectioned,sectioned_early
19398,sectioned,sectioned_early
19399,sectioned,sectioned_early
19401,sectioned,sectioned_early
19402,sectioned,sectioned_early
19403,sectioned,sectioned_early
19404,sectioned,sectioned_early
19405,sectioned,sectioned_early
19406,sectioned,sectioned_early
19407,sectioned,sectioned_early
19409,sectioned,sectioned_early
19410,sectioned,sectioned_early
19411,sectioned,sectioned_early
19412,sectioned,sectioned_early
19413,sectioned,sectioned_early
19414,sectioned,sectioned_early
19415,sectioned,sectioned_early
19416,sectioned,sectioned_early
19418,sectioned,sectioned_early
19419,sectioned,sectioned_early
19421,sectioned,sectioned_early
19422,sectioned,sectioned_early
19423,sectioned,sectioned_early
19424,sectioned,sectioned_early
19425,sectioned,sectioned_early
19426,sectioned,sectioned_early
19427,sectioned,sectioned_early
19428,sectioned,sectioned_early
19429,sectioned,sectioned_early
19430,sectioned,sectioned_early
19431,sectioned,sectioned_early
19432,sectioned,sectioned_early
19433,sectioned,sectioned_early
19434,sectioned,sectioned_early
19435,sectioned,sectioned_early
19436,sectioned,sectioned_early
19437,sectioned,sectioned_early
19438,sectioned,sectioned_early
19440,sectioned,sectioned_early
19441,sectioned,sectioned_early
19442,sectioned,sectioned_early
19443,sectioned,sectioned_early
19444,sectioned,sectioned_early
19445,sectioned,sectioned_early
19446,sectioned,sectioned_early
19447,sectioned,sectioned_early
19448,sectioned,sectioned_early
19449,sectioned,sectioned_early
19450,sectioned,sectioned_early
19451,sectioned,sectioned_early
19452,sectioned,sectioned_early
19453,sectioned,sectioned_early
19454,sectioned,sectioned_early
19455,sectioned,sectioned_early
19456,sectioned,sectioned_early
19457,sectioned,sectioned_early
19458,sectioned,sectioned_early
19459,sectioned,sectioned_early
19460,sectioned,sectioned_early
19461,sectioned,sectioned_early
19462,sectioned,sectioned_early
19463,sectioned,sectioned_early
19464,sectioned,sectioned_early
19465,sectioned,sectioned_early
19466,sectioned,sectioned_early
19468,sectioned,sectioned_early
19469,sectioned,sectioned_early
19471,sectioned,sectioned_early
19473,sectioned,sectioned_early
19474,sectioned,sectioned_early
19475,sectioned,sectioned_early
19476,sectioned,sectioned_early
19477,sectioned,sectioned_early
19478,sectioned,sectioned_early
19479,sectioned,sectioned_early
19480,sectioned,sectioned_early
19481,sectioned,sectioned_early
19483,sectioned,sectioned_early
19484,sectioned,sectioned_early
19485,sectioned,sectioned_early
19489,sectioned,sectioned_early
19491,sectioned,sectioned_early
19494,sectioned,sectioned_early
19496,sectioned,sectioned_early
19497,sectioned,sectioned_early
19498,sectioned,sectioned_early
19499,sectioned,sectioned_early
19500,sectioned,sectioned_early
19501,sectioned,sectioned_early
19502,sectioned,sectioned_early
19503,sectioned,sectioned_early
19504,sectioned,sectioned_early
19505,sectioned,sectioned_early
19507,sectioned,sectioned_early
19508,sectioned,sectioned_early
19510,sectioned,sectioned_early
19511,sectioned,sectioned_early
19512,sectioned,sectioned_early
19513,sectioned,sectioned_early
19514,sectioned,sectioned_early
19515,sectioned,sectioned_early
19516,sectioned,sectioned_early
19517,sectioned,sectioned_early
19518,sectioned,sectioned_early
19519,sectioned,sectioned_early
19520,sectioned,sectioned_early
19521,sectioned,sectioned_early
19522,sectioned,sectioned_early
19523,sectioned,sectioned_early
19524,sectioned,sectioned_early
19526,sectioned,sectioned_early
19527,sectioned,sectioned_early
19528,sectioned,sectioned_early
19529,sectioned,sectioned_early
19530,sectioned,sectioned_early
19532,sectioned,sectioned_early
19533,sectioned,sectioned_early
19534,sectioned,sectioned_early
19535,sectioned,sectioned_early
19537,sectioned,sectioned_early
19538,sectioned,sectioned_early
19539,sectioned,sectioned_early
19540,sectioned,sectioned_early
19541,sectioned,sectioned_early
19542,sectioned,sectioned_early
19544,sectioned,sectioned_early
19546,sectioned,sectioned_early
19547,sectioned,sectioned_early
19548,sectioned,sectioned_early
19550,sectioned,sectioned_early
19551,sectioned,sectioned_early
19553,sectioned,sectioned_early
19555,sectioned,sectioned_early
19556,sectioned,sectioned_early
19559,sectioned,sectioned_early
19560,sectioned,sectioned_early
19561,sectioned,sectioned_early
19562,sectioned,sectioned_early
19563,sectioned,sectioned_early
19564,sectioned,sectioned_early
19565,sectioned,sectioned_early
19566,sectioned,sectioned_early
19567,sectioned,sectioned_early
19568,sectioned,sectioned_early
19569,sectioned,sectioned_early
19570,sectioned,sectioned_early
19571,sectioned,sectioned_early
19572,sectioned,sectioned_early
19573,sectioned,sectioned_early
19575,sectioned,sectioned_early
19576,sectioned,sectioned_early
19577,sectioned,sectioned_early
19578,sectioned,sectioned_early
19580,sectioned,sectioned_early
19583,sectioned,sectioned_early
19584,sectioned,sectioned_early
19586,sectioned,sectioned_early
19587,sectioned,sectioned_early
19588,sectioned,sectioned_early
19589,sectioned,sectioned_early
19591,sectioned,sectioned_early
19592,sectioned,sectioned_early
19596,sectioned,sectioned_early
19597,sectioned,sectioned_early
19598,sectioned,sectioned_early
19599,sectioned,sectioned_early
19600,sectioned,sectioned_early
19604,sectioned,sectioned_early
19605,sectioned,sectioned_early
19607,sectioned,sectioned_early
19608,sectioned,sectioned_early
19609,sectioned,sectioned_early
19610,sectioned,sectioned_early
19611,sectioned,sectioned_early
19612,sectioned,sectioned_early
19613,sectioned,sectioned_early
19614,sectioned,sectioned_early
19615,sectioned,sectioned_early
19616,sectioned,sectioned_early
19617,sectioned,sectioned_early
19618,sectioned,sectioned_early
19619,sectioned,sectioned_early
19620,sectioned,sectioned_early
19621,sectioned,sectioned_early
19622,sectioned,sectioned_early
19644,sectioned,sectioned_early
19645,sectioned,sectioned_early
19646,sectioned,sectioned_early
19647,sectioned,sectioned_early
19648,sectioned,sectioned_early
19649,sectioned,sectioned_early
19650,sectioned,sectioned_early
19651,sectioned,sectioned_early
19652,sectioned,sectioned_early
19659,sectioned,sectioned_early
19660,sectioned,sectioned_early
19661,sectioned,sectioned_early
19662,sectioned,sectioned_early
19663,sectioned,sectioned_early
19664,sectioned,sectioned_early
19665,sectioned,sectioned_early
19666,sectioned,sectioned_early
19667,sectioned,sectioned_early
19668,sectioned,sectioned_early
19669,sectioned,sectioned_early
19670,sectioned,sectioned_early
19671,sectioned,sectioned_early
19672,sectioned,sectioned_early
19673,sectioned,sectioned_early
19674,sectioned,sectioned_early
19676,sectioned,sectioned_early
19677,sectioned,sectioned_early
19678,sectioned,sectioned_early
19679,sectioned,sectioned_early
19680,sectioned,sectioned_early
19681,sectioned,sectioned_early
19684,sectioned,sectioned_early
19686,sectioned,sectioned_early
19687,sectioned,sectioned_early
19688,sectioned,sectioned_early
19689,sectioned,sectioned_early
19690,sectioned,sectioned_early
19691,sectioned,sectioned_early
19692,sectioned,sectioned_early
19693,sectioned,sectioned_early
19694,sectioned,sectioned_early
19697,sectioned,sectioned_early
19698,sectioned,sectioned_early
19699,sectioned,sectioned_early
19700,sectioned,sectioned_early
19701,sectioned,sectioned_early
19702,sectioned,sectioned_early
19703,sectioned,sectioned_early
19704,sectioned,sectioned_early
19705,sectioned,sectioned_early
19706,sectioned,sectioned_early
19707,sectioned,sectioned_early
19708,sectioned,sectioned_early
19709,sectioned,sectioned_early
19710,sectioned,sectioned_early
19711,sectioned,sectioned_early
19712,sectioned,sectioned_early
19713,sectioned,sectioned_early
19714,sectioned,sectioned_early
19715,sectioned,sectioned_early
19716,sectioned,sectioned_early
19717,sectioned,sectioned_early
19718,sectioned,sectioned_early
19719,sectioned,sectioned_early
19720,sectioned,sectioned_early
19721,sectioned,sectioned_early
19722,sectioned,sectioned_early
19725,sectioned,sectioned_early
19728,sectioned,sectioned_early
19732,sectioned,sectioned_early
19733,sectioned,sectioned_early
19734,sectioned,sectioned_early
19735,sectioned,sectioned_early
19737,sectioned,sectioned_early
19738,sectioned,sectioned_early
19739,sectioned,sectioned_early
19740,sectioned,sectioned_early
19741,sectioned,sectioned_early
19742,sectioned,sectioned_early
19743,sectioned,sectioned_early
19744,sectioned,sectioned_early
19747,sectioned,sectioned_early
19748,sectioned,sectioned_early
19752,sectioned,sectioned_early
19755,sectioned,sectioned_early
19756,sectioned,sectioned_early
19757,sectioned,sectioned_early
19760,sectioned,sectioned_early
19763,sectioned,sectioned_early
19765,sectioned,sectioned_early
19766,sectioned,sectioned_early
19767,sectioned,sectioned_early
19769,sectioned,sectioned_early
19770,sectioned,sectioned_early
19771,sectioned,sectioned_early
19772,sectioned,sectioned_early
19773,sectioned,sectioned_early
19774,sectioned,sectioned_early
19775,sectioned,sectioned_early
19777,sectioned,sectioned_early
19778,sectioned,sectioned_early
19779,sectioned,sectioned_early
19780,sectioned,sectioned_early
19781,sectioned,sectioned_early
19782,sectioned,sectioned_early
19783,sectioned,sectioned_early
19784,sectioned,sectioned_early
19785,sectioned,sectioned_early
19786,sectioned,sectioned_early
19787,sectioned,sectioned_early
19788,sectioned,sectioned_early
19789,sectioned,sectioned_early
19790,sectioned,sectioned_early
19791,sectioned,sectioned_early
19793,sectioned,sectioned_early
19795,sectioned,sectioned_early
19796,sectioned,sectioned_early
19797,sectioned,sectioned_early
19798,sectioned,sectioned_early
19799,sectioned,sectioned_early
19800,sectioned,sectioned_early
19801,sectioned,sectioned_early
19803,sectioned,sectioned_early
19804,sectioned,sectioned_early
19805,sectioned,sectioned_early
19806,sectioned,sectioned_early
19807,sectioned,sectioned_early
19808,sectioned,sectioned_early
19809,sectioned,sectioned_early
19810,sectioned,sectioned_early
19814,sectioned,sectioned_early
19815,sectioned,sectioned_early
19816,sectioned,sectioned_early
19817,sectioned,sectioned_early
19818,sectioned,sectioned_early
19819,sectioned,sectioned_early
19820,sectioned,sectioned_early
19822,sectioned,sectioned_early
19824,sectioned,sectioned_early
19825,sectioned,sectioned_early
19826,sectioned,sectioned_early
19827,sectioned,sectioned_early
19828,sectioned,sectioned_early
19829,sectioned,sectioned_early
19830,sectioned,sectioned_early
19831,sectioned,sectioned_early
19832,sectioned,sectioned_early
19833,sectioned,sectioned_early
19834,sectioned,sectioned_early
19835,sectioned,sectioned_early
19836,sectioned,sectioned_early
19838,sectioned,sectioned_early
19839,sectioned,sectioned_early
19840,sectioned,sectioned_early
19841,sectioned,sectioned_early
19842,sectioned,sectioned_early
19844,sectioned,sectioned_early
19846,sectioned,sectioned_early
19847,sectioned,sectioned_early
19848,sectioned,sectioned_early
19849,sectioned,sectioned_early
19850,sectioned,sectioned_early
19851,sectioned,sectioned_early
19852,sectioned,sectioned_early
19853,sectioned,sectioned_early
19854,sectioned,sectioned_early
19855,sectioned,sectioned_early
19856,sectioned,sectioned_early
19857,sectioned,sectioned_early
19858,sectioned,sectioned_early
19859,sectioned,sectioned_early
19860,sectioned,sectioned_early
19861,sectioned,sectioned_early
19863,sectioned,sectioned_early
19864,sectioned,sectioned_early
19865,sectioned,sectioned_early
19866,sectioned,sectioned_early
19867,sectioned,sectioned_early
19868,sectioned,sectioned_early
19871,sectioned,sectioned_early
19873,sectioned,sectioned_early
19874,sectioned,sectioned_early
19875,sectioned,sectioned_early
19876,sectioned,sectioned_early
19877,sectioned,sectioned_early
19879,sectioned,sectioned_early
19880,sectioned,sectioned_early
19881,sectioned,sectioned_early
19882,sectioned,sectioned_early
19883,sectioned,sectioned_early
19884,sectioned,sectioned_early
19885,sectioned,sectioned_early
19886,sectioned,sectioned_early
19887,sectioned,sectioned_early
19888,sectioned,sectioned_early
19889,sectioned,sectioned_early
19890,sectioned,sectioned_early
19891,sectioned,sectioned_early
19893,sectioned,sectioned_early
19894,sectioned,sectioned_early
19895,sectioned,sectioned_early
19896,sectioned,sectioned_early
19900,sectioned,sectioned_early
19901,sectioned,sectioned_early
19902,sectioned,sectioned_early
19903,sectioned,sectioned_early
19904,sectioned,sectioned_early
19905,sectioned,sectioned_early
19906,sectioned,sectioned_early
19907,sectioned,sectioned_early
19908,sectioned,sectioned_early
19909,sectioned,sectioned_early
19910,sectioned,sectioned_early
19911,sectioned,sectioned_early
19912,sectioned,sectioned_early
19913,sectioned,sectioned_early
19914,sectioned,sectioned_early
19915,sectioned,sectioned_early
19916,sectioned,sectioned_early
19917,sectioned,sectioned_early
19918,sectioned,sectioned_early
19919,sectioned,sectioned_early
19920,sectioned,sectioned_early
19921,sectioned,sectioned_early
19922,sectioned,sectioned_early
19923,sectioned,sectioned_early
19924,sectioned,sectioned_early
19925,sectioned,sectioned_early
19927,sectioned,sectioned_early
19928,sectioned,sectioned_early
19929,sectioned,sectioned_early
19930,sectioned,sectioned_early
19931,sectioned,sectioned_early
19932,sectioned,sectioned_early
19933,sectioned,sectioned_early
19934,sectioned,sectioned_early
19936,sectioned,sectioned_early
19937,sectioned,sectioned_early
19938,sectioned,sectioned_early
19939,sectioned,sectioned_early
19940,sectioned,sectioned_early
19941,sectioned,sectioned_early
19943,sectioned,sectioned_early
19944,sectioned,sectioned_early
19946,sectioned,sectioned_early
19947,sectioned,sectioned_early
19948,sectioned,sectioned_early
19949,sectioned,sectioned_early
19950,sectioned,sectioned_early
19951,sectioned,sectioned_early
19952,sectioned,sectioned_early
19953,sectioned,sectioned_early
19954,sectioned,sectioned_early
19955,sectioned,sectioned_early
19957,sectioned,sectioned_early
19958,sectioned,sectioned_early
19959,sectioned,sectioned_early
19961,sectioned,sectioned_early
19962,sectioned,sectioned_early
19964,sectioned,sectioned_early
19965,sectioned,sectioned_early
19967,sectioned,sectioned_early
19968,sectioned,sectioned_early
19969,sectioned,sectioned_early
19970,sectioned,sectioned_early
19971,sectioned,sectioned_early
19972,sectioned,sectioned_early
19974,sectioned,sectioned_early
19975,sectioned,sectioned_early
19976,sectioned,sectioned_early
19978,sectioned,sectioned_early
19979,sectioned,sectioned_early
19980,sectioned,sectioned_early
19981,sectioned,sectioned_early
19982,sectioned,sectioned_early
19983,sectioned,sectioned_early
19984,sectioned,sectioned_early
19985,sectioned,sectioned_early
19986,sectioned,sectioned_early
19987,sectioned,sectioned_early
19988,sectioned,sectioned_early
19989,sectioned,sectioned_early
19990,sectioned,sectioned_early
19991,sectioned,sectioned_early
19992,sectioned,sectioned_early
20002,sectioned,sectioned_early
20004,sectioned,sectioned_early
20005,sectioned,sectioned_early
20006,sectioned,sectioned_early
20008,sectioned,sectioned_early
20010,sectioned,sectioned_early
20012,sectioned,sectioned_early
20013,sectioned,sectioned_early
20014,sectioned,sectioned_early
20015,sectioned,sectioned_early
20017,sectioned,sectioned_early
20018,sectioned,sectioned_early
20019,sectioned,sectioned_early
20020,sectioned,sectioned_early
20021,sectioned,sectioned_early
20022,sectioned,sectioned_early
20023,sectioned,sectioned_early
20024,sectioned,sectioned_early
20025,sectioned,sectioned_early
20027,sectioned,sectioned_early
20028,sectioned,sectioned_early
20029,sectioned,sectioned_early
20030,sectioned,sectioned_early
20032,sectioned,sectioned_early
20034,sectioned,sectioned_early
20037,sectioned,sectioned_early
20039,sectioned,sectioned_early
20040,sectioned,sectioned_early
20041,sectioned,sectioned_early
20042,sectioned,sectioned_early
20043,sectioned,sectioned_early
20044,sectioned,sectioned_early
20045,sectioned,sectioned_early
20046,sectioned,sectioned_early
20047,sectioned,sectioned_early
20048,sectioned,sectioned_early
20049,sectioned,sectioned_early
20050,sectioned,sectioned_early
20051,sectioned,sectioned_early
20052,sectioned,sectioned_early
20053,sectioned,sectioned_early
20054,sectioned,sectioned_early
20056,sectioned,sectioned_early
20057,sectioned,sectioned_early
20058,sectioned,sectioned_early
20059,sectioned,sectioned_early
20060,sectioned,sectioned_early
20061,sectioned,sectioned_early
20062,sectioned,sectioned_early
20063,sectioned,sectioned_early
20064,sectioned,sectioned_early
20065,sectioned,sectioned_early
20066,sectioned,sectioned_early
20067,sectioned,sectioned_early
20068,sectioned,sectioned_early
20069,sectioned,sectioned_early
20070,sectioned,sectioned_early
20071,sectioned,sectioned_early
20072,sectioned,sectioned_early
20073,sectioned,sectioned_early
20074,sectioned,sectioned_early
20075,sectioned,sectioned_early
20076,sectioned,sectioned_early
20077,sectioned,sectioned_early
20078,sectioned,sectioned_early
20079,sectioned,sectioned_early
20080,sectioned,sectioned_early
20081,sectioned,sectioned_early
20082,sectioned,sectioned_early
20083,sectioned,sectioned_early
20084,sectioned,sectioned_early
20085,sectioned,sectioned_early
20086,sectioned,sectioned_early
20087,sectioned,sectioned_early
20088,sectioned,sectioned_early
20089,sectioned,sectioned_early
20090,sectioned,sectioned_early
20091,sectioned,sectioned_early
20092,sectioned,sectioned_early
20093,sectioned,sectioned_early
20094,sectioned,sectioned_early
20095,sectioned,sectioned_early
20096,sectioned,sectioned_early
20097,sectioned,sectioned_early
20098,sectioned,sectioned_early
20099,sectioned,sectioned_early
20100,sectioned,sectioned_early
20101,sectioned,sectioned_early
20102,sectioned,sectioned_early
20103,sectioned,sectioned_early
20104,sectioned,sectioned_early
20105,sectioned,sectioned_early
20106,sectioned,sectioned_early
20107,sectioned,sectioned_early
20108,sectioned,sectioned_early
20109,sectioned,sectioned_early
20110,sectioned,sectioned_early
20111,sectioned,sectioned_early
20112,sectioned,sectioned_early
20113,sectioned,sectioned_early
20114,sectioned,sectioned_early
20115,sectioned,sectioned_early
20116,sectioned,sectioned_early
20117,sectioned,sectioned_early
20118,sectioned,sectioned_early
20119,sectioned,sectioned_early
20120,sectioned,sectioned_early
20121,sectioned,sectioned_early
20122,sectioned,sectioned_early
20123,sectioned,sectioned_early
20124,sectioned,sectioned_early
20125,sectioned,sectioned_early
20126,sectioned,sectioned_early
20127,sectioned,sectioned_early
20128,sectioned,sectioned_early
20129,sectioned,sectioned_early
20130,sectioned,sectioned_early
20131,sectioned,sectioned_early
20132,sectioned,sectioned_early
20133,sectioned,sectioned_early
20134,sectioned,sectioned_early
20135,sectioned,sectioned_early
20136,sectioned,sectioned_early
20137,sectioned,sectioned_early
20138,sectioned,sectioned_early
20139,sectioned,sectioned_early
20140,sectioned,sectioned_early
20141,sectioned,sectioned_early
20142,sectioned,sectioned_early
20143,sectioned,sectioned_early
20144,sectioned,sectioned_early
20147,sectioned,sectioned_early
20148,sectioned,sectioned_early
20150,sectioned,sectioned_early
20152,sectioned,sectioned_early
20153,sectioned,sectioned_early
20154,sectioned,sectioned_early
20155,sectioned,sectioned_early
20156,sectioned,sectioned_early
20157,sectioned,sectioned_early
20158,sectioned,sectioned_early
20159,sectioned,sectioned_early
20160,sectioned,sectioned_early
20161,sectioned,sectioned_early
20162,sectioned,sectioned_early
20163,sectioned,sectioned_early
20164,sectioned,sectioned_early
20165,sectioned,sectioned_early
20166,sectioned,sectioned_early
20167,sectioned,sectioned_early
20168,sectioned,sectioned_early
20169,sectioned,sectioned_early
20170,sectioned,sectioned_early
20171,sectioned,sectioned_early
20172,sectioned,sectioned_early
20173,sectioned,sectioned_early
20174,sectioned,sectioned_early
20175,sectioned,sectioned_early
20176,sectioned,sectioned_early
20177,sectioned,sectioned_early
20178,sectioned,sectioned_early
20179,sectioned,sectioned_early
20180,sectioned,sectioned_early
20181,sectioned,sectioned_early
20182,sectioned,sectioned_early
20183,sectioned,sectioned_early
20184,sectioned,sectioned_early
20185,sectioned,sectioned_early
20186,sectioned,sectioned_early
20187,sectioned,sectioned_early
20188,sectioned,sectioned_early
20189,sectioned,sectioned_early
20190,sectioned,sectioned_early
20191,sectioned,sectioned_early
20192,sectioned,sectioned_early
20193,sectioned,sectioned_early
20194,sectioned,sectioned_early
20195,sectioned,sectioned_early
20197,sectioned,sectioned_early
20198,sectioned,sectioned_early
20199,sectioned,sectioned_early
20200,sectioned,sectioned_early
20201,sectioned,sectioned_early
20202,sectioned,sectioned_early
20203,sectioned,sectioned_early
20204,sectioned,sectioned_early
20205,sectioned,sectioned_early
20210,sectioned,sectioned_early
20211,sectioned,sectioned_early
20212,sectioned,sectioned_early
20213,sectioned,sectioned_early
20214,sectioned,sectioned_early
20215,sectioned,sectioned_early
20217,sectioned,sectioned_early
20218,sectioned,sectioned_early
20219,sectioned,sectioned_early
20220,sectioned,sectioned_early
20221,sectioned,sectioned_early
20223,sectioned,sectioned_early
20224,sectioned,sectioned_early
20225,sectioned,sectioned_early
20226,sectioned,sectioned_early
20227,sectioned,sectioned_early
20230,sectioned,sectioned_early
20231,sectioned,sectioned_early
20232,sectioned,sectioned_early
20233,sectioned,sectioned_early
20234,sectioned,sectioned_early
20235,sectioned,sectioned_early
20236,sectioned,sectioned_early
20237,sectioned,sectioned_early
20238,sectioned,sectioned_early
20239,sectioned,sectioned_early
20240,sectioned,sectioned_early
20241,sectioned,sectioned_early
20242,sectioned,sectioned_early
20244,sectioned,sectioned_early
20246,sectioned,sectioned_early
20247,sectioned,sectioned_early
20248,sectioned,sectioned_early
20249,sectioned,sectioned_early
20250,sectioned,sectioned_early
20251,sectioned,sectioned_early
20252,sectioned,sectioned_early
20253,sectioned,sectioned_early
20255,sectioned,sectioned_early
20256,sectioned,sectioned_early
20257,sectioned,sectioned_early
20258,sectioned,sectioned_early
20259,sectioned,sectioned_early
20261,sectioned,sectioned_early
20262,sectioned,sectioned_early
20263,sectioned,sectioned_early
20264,sectioned,sectioned_early
20266,sectioned,sectioned_early
20270,sectioned,sectioned_early
20271,sectioned,sectioned_early
20272,sectioned,sectioned_early
20274,sectioned,sectioned_early
20275,sectioned,sectioned_early
20276,sectioned,sectioned_early
20277,sectioned,sectioned_early
20278,sectioned,sectioned_early
20279,sectioned,sectioned_early
20280,sectioned,sectioned_early
20281,sectioned,sectioned_early
20282,sectioned,sectioned_early
20283,sectioned,sectioned_early
20284,sectioned,sectioned_early
20285,sectioned,sectioned_early
20286,sectioned,sectioned_early
20287,sectioned,sectioned_early
20288,sectioned,sectioned_early
20290,sectioned,sectioned_early
20291,sectioned,sectioned_early
20292,sectioned,sectioned_early
20293,sectioned,sectioned_early
20294,sectioned,sectioned_early
20295,sectioned,sectioned_early
20296,sectioned,sectioned_early
20297,sectioned,sectioned_early
20298,sectioned,sectioned_early
20299,sectioned,sectioned_early
20300,sectioned,sectioned_early
20301,sectioned,sectioned_early
20302,sectioned,sectioned_early
20303,sectioned,sectioned_early
20304,sectioned,sectioned_early
20305,sectioned,sectioned_early
20306,sectioned,sectioned_early
20307,sectioned,sectioned_early
20308,sectioned,sectioned_early
20309,sectioned,sectioned_early
20310,sectioned,sectioned_early
20311,sectioned,sectioned_early
20312,sectioned,sectioned_early
20313,sectioned,sectioned_early
20314,sectioned,sectioned_early
20315,sectioned,sectioned_early
20316,sectioned,sectioned_early
20317,sectioned,sectioned_early
20318,sectioned,sectioned_early
20319,sectioned,sectioned_early
20320,sectioned,sectioned_early
20321,sectioned,sectioned_early
20322,sectioned,sectioned_early
20323,sectioned,sectioned_early
20324,sectioned,sectioned_early
20325,sectioned,sectioned_early
20326,sectioned,sectioned_early
20327,sectioned,sectioned_early
20328,sectioned,sectioned_early
20329,sectioned,sectioned_early
20331,sectioned,sectioned_early
20332,sectioned,sectioned_early
20333,sectioned,sectioned_early
20334,sectioned,sectioned_early
20335,sectioned,sectioned_early
20336,sectioned,sectioned_early
20337,sectioned,sectioned_early
20338,sectioned,sectioned_early
20339,sectioned,sectioned_early
20340,sectioned,sectioned_early
20341,sectioned,sectioned_early
20343,sectioned,sectioned_early
20344,sectioned,sectioned_early
20346,sectioned,sectioned_early
20347,sectioned,sectioned_early
20349,sectioned,sectioned_early
20351,sectioned,sectioned_early
20352,sectioned,sectioned_early
20353,sectioned,sectioned_early
20354,sectioned,sectioned_early
20355,sectioned,sectioned_early
20356,sectioned,sectioned_early
20357,sectioned,sectioned_early
20358,sectioned,sectioned_early
20359,sectioned,sectioned_early
20360,sectioned,sectioned_early
20361,sectioned,sectioned_early
20362,sectioned,sectioned_early
20363,sectioned,sectioned_early
20364,sectioned,sectioned_early
20365,sectioned,sectioned_early
20366,sectioned,sectioned_early
20367,sectioned,sectioned_early
20368,sectioned,sectioned_early
20369,sectioned,sectioned_early
20370,sectioned,sectioned_early
20371,sectioned,sectioned_early
20372,sectioned,sectioned_early
20373,sectioned,sectioned_early
20374,sectioned,sectioned_early
20375,sectioned,sectioned_early
20379,sectioned,sectioned_early
20380,sectioned,sectioned_early
20382,sectioned,sectioned_early
20383,sectioned,sectioned_early
20384,sectioned,sectioned_early
20385,sectioned,sectioned_early
20386,sectioned,sectioned_early
20387,sectioned,sectioned_early
20388,sectioned,sectioned_early
20391,sectioned,sectioned_early
20392,sectioned,sectioned_early
20395,sectioned,sectioned_early
20396,sectioned,sectioned_early
20397,sectioned,sectioned_early
20398,sectioned,sectioned_early
20400,sectioned,sectioned_early
20401,sectioned,sectioned_early
20402,sectioned,sectioned_early
20404,sectioned,sectioned_early
20406,sectioned,sectioned_early
20408,sectioned,sectioned_early
20409,sectioned,sectioned_early
20410,sectioned,sectioned_early
20411,sectioned,sectioned_early
20412,sectioned,sectioned_early
20413,sectioned,sectioned_early
20414,sectioned,sectioned_early
20415,sectioned,sectioned_early
20416,sectioned,sectioned_early
20417,sectioned,sectioned_early
20418,sectioned,sectioned_early
20419,sectioned,sectioned_early
20420,sectioned,sectioned_early
20421,sectioned,sectioned_early
20422,sectioned,sectioned_early
20423,sectioned,sectioned_early
20424,sectioned,sectioned_early
20425,sectioned,sectioned_early
20426,sectioned,sectioned_early
20427,sectioned,sectioned_early
20428,sectioned,sectioned_early
20429,sectioned,sectioned_early
20430,sectioned,sectioned_early
20431,sectioned,sectioned_early
20432,sectioned,sectioned_early
20433,sectioned,sectioned_early
20434,sectioned,sectioned_early
20436,sectioned,sectioned_early
20437,sectioned,sectioned_early
20438,sectioned,sectioned_early
20440,sectioned,sectioned_early
20441,sectioned,sectioned_early
20442,sectioned,sectioned_early
20443,sectioned,sectioned_early
20444,sectioned,sectioned_early
20445,sectioned,sectioned_early
20447,sectioned,sectioned_early
20448,sectioned,sectioned_early
20449,sectioned,sectioned_early
20450,sectioned,sectioned_early
20451,sectioned,sectioned_early
20452,sectioned,sectioned_early
20453,sectioned,sectioned_early
20454,sectioned,sectioned_early
20457,sectioned,sectioned_early
20458,sectioned,sectioned_early
20459,sectioned,sectioned_early
20460,sectioned,sectioned_early
20461,sectioned,sectioned_early
20462,sectioned,sectioned_early
20463,sectioned,sectioned_early
20465,sectioned,sectioned_early
20466,sectioned,sectioned_early
20467,sectioned,sectioned_early
20468,sectioned,sectioned_early
20469,sectioned,sectioned_early
20470,sectioned,sectioned_early
20471,sectioned,sectioned_early
20472,sectioned,sectioned_early
20474,sectioned,sectioned_early
20475,sectioned,sectioned_early
20476,sectioned,sectioned_early
20477,sectioned,sectioned_early
20478,sectioned,sectioned_early
20479,sectioned,sectioned_early
20480,sectioned,sectioned_early
20481,sectioned,sectioned_early
20482,sectioned,sectioned_early
20483,sectioned,sectioned_early
20484,sectioned,sectioned_early
20486,sectioned,sectioned_early
20487,sectioned,sectioned_early
20488,sectioned,sectioned_early
20489,sectioned,sectioned_early
20492,sectioned,sectioned_early
20493,sectioned,sectioned_early
20495,sectioned,sectioned_early
20496,sectioned,sectioned_early
20497,sectioned,sectioned_early
20498,sectioned,sectioned_early
20499,sectioned,sectioned_early
20500,sectioned,sectioned_early
20501,sectioned,sectioned_early
20502,sectioned,sectioned_early
20504,sectioned,sectioned_early
20505,sectioned,sectioned_early
20506,sectioned,sectioned_early
20507,sectioned,sectioned_early
20508,sectioned,sectioned_early
20509,sectioned,sectioned_early
20511,sectioned,sectioned_early
20512,sectioned,sectioned_early
20513,sectioned,sectioned_early
20514,sectioned,sectioned_early
20515,sectioned,sectioned_early
20516,sectioned,sectioned_early
20517,sectioned,sectioned_early
20519,sectioned,sectioned_early
20520,sectioned,sectioned_early
20522,sectioned,sectioned_early
20523,sectioned,sectioned_early
20524,sectioned,sectioned_early
20525,sectioned,sectioned_early
20527,sectioned,sectioned_early
20528,sectioned,sectioned_early
20529,sectioned,sectioned_early
20530,sectioned,sectioned_early
20531,sectioned,sectioned_early
20532,sectioned,sectioned_early
20533,sectioned,sectioned_early
20534,sectioned,sectioned_early
20535,sectioned,sectioned_early
20536,sectioned,sectioned_early
20537,sectioned,sectioned_early
20538,sectioned,sectioned_early
20539,sectioned,sectioned_early
20540,sectioned,sectioned_early
20541,sectioned,sectioned_early
20542,sectioned,sectioned_early
20543,sectioned,sectioned_early
20544,sectioned,sectioned_early
20545,sectioned,sectioned_early
20546,sectioned,sectioned_early
20547,sectioned,sectioned_early
20548,sectioned,sectioned_early
20551,sectioned,sectioned_early
20552,sectioned,sectioned_early
20553,sectioned,sectioned_early
20555,sectioned,sectioned_early
20557,sectioned,sectioned_early
20558,sectioned,sectioned_early
20559,sectioned,sectioned_early
20560,sectioned,sectioned_early
20561,sectioned,sectioned_early
20562,sectioned,sectioned_early
20563,sectioned,sectioned_early
20564,sectioned,sectioned_early
20565,sectioned,sectioned_early
20566,sectioned,sectioned_early
20568,sectioned,sectioned_early
20572,sectioned,sectioned_early
20573,sectioned,sectioned_early
20575,sectioned,sectioned_early
20577,sectioned,sectioned_early
20578,sectioned,sectioned_early
20579,sectioned,sectioned_early
20580,sectioned,sectioned_early
20581,sectioned,sectioned_early
20583,sectioned,sectioned_early
20584,sectioned,sectioned_early
20585,sectioned,sectioned_early
20586,sectioned,sectioned_early
20587,sectioned,sectioned_early
20588,sectioned,sectioned_early
20589,sectioned,sectioned_early
20590,sectioned,sectioned_early
20592,sectioned,sectioned_early
20593,sectioned,sectioned_early
20597,sectioned,sectioned_early
20598,sectioned,sectioned_early
20600,sectioned,sectioned_early
20601,sectioned,sectioned_early
20602,sectioned,sectioned_early
20603,sectioned,sectioned_early
20604,sectioned,sectioned_early
20605,sectioned,sectioned_early
20606,sectioned,sectioned_early
20607,sectioned,sectioned_early
20608,sectioned,sectioned_early
20609,sectioned,sectioned_early
20610,sectioned,sectioned_early
20611,sectioned,sectioned_early
20612,sectioned,sectioned_early
20613,sectioned,sectioned_early
20614,sectioned,sectioned_early
20615,sectioned,sectioned_early
20616,sectioned,sectioned_early
20618,sectioned,sectioned_early
20619,sectioned,sectioned_early
20620,sectioned,sectioned_early
20621,sectioned,sectioned_early
20622,sectioned,sectioned_early
20623,sectioned,sectioned_early
20624,sectioned,sectioned_early
20625,sectioned,sectioned_early
20628,sectioned,sectioned_early
20629,sectioned,sectioned_early
20630,sectioned,sectioned_early
20632,sectioned,sectioned_early
20633,sectioned,sectioned_early
20634,sectioned,sectioned_early
20635,sectioned,sectioned_early
20636,sectioned,sectioned_early
20638,sectioned,sectioned_early
20639,sectioned,sectioned_early
20640,sectioned,sectioned_early
20641,sectioned,sectioned_early
20643,sectioned,sectioned_early
20644,sectioned,sectioned_early
20645,sectioned,sectioned_early
20646,sectioned,sectioned_early
20647,sectioned,sectioned_early
20648,sectioned,sectioned_early
20649,sectioned,sectioned_early
20650,sectioned,sectioned_early
20651,sectioned,sectioned_early
20652,sectioned,sectioned_early
20653,sectioned,sectioned_early
20654,sectioned,sectioned_early
20655,sectioned,sectioned_early
20656,sectioned,sectioned_early
20658,sectioned,sectioned_early
20659,sectioned,sectioned_early
20660,sectioned,sectioned_early
20661,sectioned,sectioned_early
20662,sectioned,sectioned_early
20680,sectioned,sectioned_early
20685,sectioned,sectioned_early
20686,sectioned,sectioned_early
20687,sectioned,sectioned_early
20690,sectioned,sectioned_early
20691,sectioned,sectioned_early
20692,sectioned,sectioned_early
20695,sectioned,sectioned_early
20696,sectioned,sectioned_early
20697,sectioned,sectioned_early
20698,sectioned,sectioned_early
20699,sectioned,sectioned_early
20700,sectioned,sectioned_early
20701,sectioned,sectioned_early
20702,sectioned,sectioned_early
20703,sectioned,sectioned_early
20704,sectioned,sectioned_early
20705,sectioned,sectioned_early
20706,sectioned,sectioned_early
20707,sectioned,sectioned_early
20708,sectioned,sectioned_early
20709,sectioned,sectioned_early
20710,sectioned,sectioned_early
20711,sectioned,sectioned_early
20712,sectioned,sectioned_early
20713,sectioned,sectioned_early
20714,sectioned,sectioned_early
20715,sectioned,sectioned_early
20716,sectioned,sectioned_early
20717,sectioned,sectioned_early
20719,sectioned,sectioned_early
20721,sectioned,sectioned_early
20722,sectioned,sectioned_early
20724,sectioned,sectioned_early
20726,sectioned,sectioned_early
20730,sectioned,sectioned_early
20731,sectioned,sectioned_early
20732,sectioned,sectioned_early
20734,sectioned,sectioned_early
20736,sectioned,sectioned_early
20737,sectioned,sectioned_early
20738,sectioned,sectioned_early
20739,sectioned,sectioned_early
20740,sectioned,sectioned_early
20741,sectioned,sectioned_early
20742,sectioned,sectioned_early
20743,sectioned,sectioned_early
20744,sectioned,sectioned_early
20745,sectioned,sectioned_early
20746,sectioned,sectioned_early
20747,sectioned,sectioned_early
20748,sectioned,sectioned_early
20749,sectioned,sectioned_early
20750,sectioned,sectioned_early
20751,sectioned,sectioned_early
20752,sectioned,sectioned_early
20753,sectioned,sectioned_early
20754,sectioned,sectioned_early
20755,sectioned,sectioned_early
20756,sectioned,sectioned_early
20757,sectioned,sectioned_early
20758,sectioned,sectioned_early
20759,sectioned,sectioned_early
20760,sectioned,sectioned_early
20761,sectioned,sectioned_early
20762,sectioned,sectioned_early
20763,sectioned,sectioned_early
20766,sectioned,sectioned_early
20768,sectioned,sectioned_early
20769,sectioned,sectioned_early
20770,sectioned,sectioned_early
20771,sectioned,sectioned_early
20772,sectioned,sectioned_early
20773,sectioned,sectioned_early
20776,sectioned,sectioned_early
20777,sectioned,sectioned_early
20778,sectioned,sectioned_early
20779,sectioned,sectioned_early
20780,sectioned,sectioned_early
20781,sectioned,sectioned_early
20782,sectioned,sectioned_early
20783,sectioned,sectioned_early
20784,sectioned,sectioned_early
20785,sectioned,sectioned_early
20786,sectioned,sectioned_early
20787,sectioned,sectioned_early
20789,sectioned,sectioned_early
20792,sectioned,sectioned_early
20793,sectioned,sectioned_early
20794,sectioned,sectioned_early
20795,sectioned,sectioned_early
20796,sectioned,sectioned_early
20797,sectioned,sectioned_early
20798,sectioned,sectioned_early
20799,sectioned,sectioned_early
20801,sectioned,sectioned_early
20802,sectioned,sectioned_early
20803,sectioned,sectioned_early
20804,sectioned,sectioned_early
20805,sectioned,sectioned_early
20806,sectioned,sectioned_early
20807,sectioned,sectioned_early
20808,sectioned,sectioned_early
20809,sectioned,sectioned_early
20810,sectioned,sectioned_early
20811,sectioned,sectioned_early
20812,sectioned,sectioned_early
20814,sectioned,sectioned_early
20815,sectioned,sectioned_early
20816,sectioned,sectioned_early
20817,sectioned,sectioned_early
20818,sectioned,sectioned_early
20819,sectioned,sectioned_early
20820,sectioned,sectioned_early
20821,sectioned,sectioned_early
20822,sectioned,sectioned_early
20823,sectioned,sectioned_early
20824,sectioned,sectioned_early
20825,sectioned,sectioned_early
20826,sectioned,sectioned_early
20827,sectioned,sectioned_early
20828,sectioned,sectioned_early
20829,sectioned,sectioned_early
20830,sectioned,sectioned_early
20831,sectioned,sectioned_early
20832,sectioned,sectioned_early
20833,sectioned,sectioned_early
20834,sectioned,sectioned_early
20835,sectioned,sectioned_early
20836,sectioned,sectioned_early
20837,sectioned,sectioned_early
20838,sectioned,sectioned_early
20840,sectioned,sectioned_early
20841,sectioned,sectioned_early
20842,sectioned,sectioned_early
20843,sectioned,sectioned_early
20844,sectioned,sectioned_early
20845,sectioned,sectioned_early
20846,sectioned,sectioned_early
20847,sectioned,sectioned_early
20849,sectioned,sectioned_early
20851,sectioned,sectioned_early
20852,sectioned,sectioned_early
20853,sectioned,sectioned_early
20854,sectioned,sectioned_early
20855,sectioned,sectioned_early
20857,sectioned,sectioned_early
20858,sectioned,sectioned_early
20859,sectioned,sectioned_early
20860,sectioned,sectioned_early
20861,sectioned,sectioned_early
20863,sectioned,sectioned_early
20864,sectioned,sectioned_early
20865,sectioned,sectioned_early
20866,sectioned,sectioned_early
20867,sectioned,sectioned_early
20868,sectioned,sectioned_early
20869,sectioned,sectioned_early
20870,sectioned,sectioned_early
20871,sectioned,sectioned_early
20872,sectioned,sectioned_early
20874,sectioned,sectioned_early
20875,sectioned,sectioned_early
20877,sectioned,sectioned_early
20878,sectioned,sectioned_early
20879,sectioned,sectioned_early
20880,sectioned,sectioned_early
20881,sectioned,sectioned_early
20882,sectioned,sectioned_early
20883,sectioned,sectioned_early
20884,sectioned,sectioned_early
20885,sectioned,sectioned_early
20886,sectioned,sectioned_early
20887,sectioned,sectioned_early
20888,sectioned,sectioned_early
20889,sectioned,sectioned_early
20890,sectioned,sectioned_early
20891,sectioned,sectioned_early
20892,sectioned,sectioned_early
20893,sectioned,sectioned_early
20894,sectioned,sectioned_early
20895,sectioned,sectioned_early
20896,sectioned,sectioned_early
20897,sectioned,sectioned_early
20898,sectioned,sectioned_early
20901,sectioned,sectioned_early
20902,sectioned,sectioned_early
20903,sectioned,sectioned_early
20905,sectioned,sectioned_early
20906,sectioned,sectioned_early
20907,sectioned,sectioned_early
20909,sectioned,sectioned_early
20911,sectioned,sectioned_early
20912,sectioned,sectioned_early
20914,sectioned,sectioned_early
20915,sectioned,sectioned_early
20916,sectioned,sectioned_early
20917,sectioned,sectioned_early
20918,sectioned,sectioned_early
20919,sectioned,sectioned_early
20920,sectioned,sectioned_early
20921,sectioned,sectioned_early
20922,sectioned,sectioned_early
20923,sectioned,sectioned_early
20924,sectioned,sectioned_early
20925,sectioned,sectioned_early
20926,sectioned,sectioned_early
20927,sectioned,sectioned_early
20928,sectioned,sectioned_early
20929,sectioned,sectioned_early
20930,sectioned,sectioned_early
20931,sectioned,sectioned_early
20932,sectioned,sectioned_early
20933,sectioned,sectioned_early
20934,sectioned,sectioned_early
20935,sectioned,sectioned_early
20936,sectioned,sectioned_early
20937,sectioned,sectioned_early
20939,sectioned,sectioned_early
20940,sectioned,sectioned_early
20942,sectioned,sectioned_early
20944,sectioned,sectioned_early
20945,sectioned,sectioned_early
20946,sectioned,sectioned_early
20947,sectioned,sectioned_early
20950,sectioned,sectioned_early
20952,sectioned,sectioned_early
20954,sectioned,sectioned_early
20955,sectioned,sectioned_early
20956,sectioned,sectioned_early
20957,sectioned,sectioned_early
20958,sectioned,sectioned_early
20959,sectioned,sectioned_early
20960,sectioned,sectioned_early
20961,sectioned,sectioned_early
20962,sectioned,sectioned_early
20964,sectioned,sectioned_early
20965,sectioned,sectioned_early
20967,sectioned,sectioned_early
20968,sectioned,sectioned_early
20969,sectioned,sectioned_early
20970,sectioned,sectioned_early
20971,sectioned,sectioned_early
20972,sectioned,sectioned_early
20973,sectioned,sectioned_early
20974,sectioned,sectioned_early
20975,sectioned,sectioned_early
20976,sectioned,sectioned_early
20977,sectioned,sectioned_early
20978,sectioned,sectioned_early
20979,sectioned,sectioned_early
20980,sectioned,sectioned_early
20981,sectioned,sectioned_early
20982,sectioned,sectioned_early
20983,sectioned,sectioned_early
20984,sectioned,sectioned_early
20986,sectioned,sectioned_early
20987,sectioned,sectioned_early
20988,sectioned,sectioned_early
20989,sectioned,sectioned_early
20991,sectioned,sectioned_early
20992,sectioned,sectioned_early
20993,sectioned,sectioned_early
20995,sectioned,sectioned_early
20996,sectioned,sectioned_early
20997,sectioned,sectioned_early
20998,sectioned,sectioned_early
20999,sectioned,sectioned_early
21000,sectioned,sectioned_early
21001,sectioned,sectioned_early
21004,sectioned,sectioned_early
21005,sectioned,sectioned_early
21006,sectioned,sectioned_early
21007,sectioned,sectioned_early
21009,sectioned,sectioned_early
21010,sectioned,sectioned_early
21011,sectioned,sectioned_early
21012,sectioned,sectioned_early
21013,sectioned,sectioned_early
21014,sectioned,sectioned_early
21015,sectioned,sectioned_early
21016,sectioned,sectioned_early
21017,sectioned,sectioned_early
21018,sectioned,sectioned_early
21019,sectioned,sectioned_early
21020,sectioned,sectioned_early
21021,sectioned,sectioned_early
21022,sectioned,sectioned_early
21023,sectioned,sectioned_early
21024,sectioned,sectioned_early
21025,sectioned,sectioned_early
21026,sectioned,sectioned_early
21027,sectioned,sectioned_early
21028,sectioned,sectioned_early
21029,sectioned,sectioned_early
21030,sectioned,sectioned_early
21031,sectioned,sectioned_early
21032,sectioned,sectioned_early
21033,sectioned,sectioned_early
21034,sectioned,sectioned_early
21035,sectioned,sectioned_early
21036,sectioned,sectioned_early
21037,sectioned,sectioned_early
21038,sectioned,sectioned_early
21039,sectioned,sectioned_early
21042,sectioned,sectioned_early
21045,sectioned,sectioned_early
21046,sectioned,sectioned_early
21047,sectioned,sectioned_early
21048,sectioned,sectioned_early
21049,sectioned,sectioned_early
21050,sectioned,sectioned_early
21051,sectioned,sectioned_early
21052,sectioned,sectioned_early
21053,sectioned,sectioned_early
21054,sectioned,sectioned_early
21055,sectioned,sectioned_early
21056,sectioned,sectioned_early
21057,sectioned,sectioned_early
21058,sectioned,sectioned_early
21059,sectioned,sectioned_early
21060,sectioned,sectioned_early
21061,sectioned,sectioned_early
21062,sectioned,sectioned_early
21063,sectioned,sectioned_early
21064,sectioned,sectioned_early
21065,sectioned,sectioned_early
21066,sectioned,sectioned_early
21067,sectioned,sectioned_early
21068,sectioned,sectioned_early
21069,sectioned,sectioned_early
21070,sectioned,sectioned_early
21071,sectioned,sectioned_early
21072,sectioned,sectioned_early
21073,sectioned,sectioned_early
21074,sectioned,sectioned_early
21075,sectioned,sectioned_early
21076,sectioned,sectioned_early
21077,sectioned,sectioned_early
21078,sectioned,sectioned_early
21079,sectioned,sectioned_early
21080,sectioned,sectioned_early
21081,sectioned,sectioned_early
21082,sectioned,sectioned_early
21083,sectioned,sectioned_early
21085,sectioned,sectioned_early
21086,sectioned,sectioned_early
21087,sectioned,sectioned_early
21088,sectioned,sectioned_early
21089,sectioned,sectioned_early
21090,sectioned,sectioned_early
21091,sectioned,sectioned_early
21092,sectioned,sectioned_early
21093,sectioned,sectioned_early
21094,sectioned,sectioned_early
21095,sectioned,sectioned_early
21096,sectioned,sectioned_early
21097,sectioned,sectioned_early
21102,sectioned,sectioned_early
21103,sectioned,sectioned_early
21104,sectioned,sectioned_early
21105,sectioned,sectioned_early
21106,sectioned,sectioned_early
21107,sectioned,sectioned_early
21108,sectioned,sectioned_early
21109,sectioned,sectioned_early
21110,sectioned,sectioned_early
21111,sectioned,sectioned_early
21112,sectioned,sectioned_early
21113,sectioned,sectioned_early
21114,sectioned,sectioned_early
21115,sectioned,sectioned_early
21116,sectioned,sectioned_early
21117,sectioned,sectioned_early
21118,sectioned,sectioned_early
21119,sectioned,sectioned_early
21120,sectioned,sectioned_early
21121,sectioned,sectioned_early
21122,sectioned,sectioned_early
21123,sectioned,sectioned_early
21124,sectioned,sectioned_early
21126,sectioned,sectioned_early
21127,sectioned,sectioned_early
21128,sectioned,sectioned_early
21129,sectioned,sectioned_early
21130,sectioned,sectioned_early
21131,sectioned,sectioned_early
21132,sectioned,sectioned_early
21133,sectioned,sectioned_early
21134,sectioned,sectioned_early
21135,sectioned,sectioned_early
21136,sectioned,sectioned_early
21137,sectioned,sectioned_early
21139,sectioned,sectioned_early
21142,sectioned,sectioned_early
21143,sectioned,sectioned_early
21144,sectioned,sectioned_early
21145,sectioned,sectioned_early
21146,sectioned,sectioned_early
21147,sectioned,sectioned_early
21148,sectioned,sectioned_early
21149,sectioned,sectioned_early
21150,sectioned,sectioned_early
21151,sectioned,sectioned_early
21152,sectioned,sectioned_early
21153,sectioned,sectioned_early
21155,sectioned,sectioned_early
21156,sectioned,sectioned_early
21157,sectioned,sectioned_early
21158,sectioned,sectioned_early
21159,sectioned,sectioned_early
21160,sectioned,sectioned_early
21161,sectioned,sectioned_early
21162,sectioned,sectioned_early
21163,sectioned,sectioned_early
21164,sectioned,sectioned_early
21165,sectioned,sectioned_early
21167,sectioned,sectioned_early
21168,sectioned,sectioned_early
21171,sectioned,sectioned_early
21172,sectioned,sectioned_early
21173,sectioned,sectioned_early
21174,sectioned,sectioned_early
21176,sectioned,sectioned_early
21177,sectioned,sectioned_early
21178,sectioned,sectioned_early
21179,sectioned,sectioned_early
21180,sectioned,sectioned_early
21181,sectioned,sectioned_early
21183,sectioned,sectioned_early
21184,sectioned,sectioned_modern
21185,sectioned,sectioned_modern
21188,sectioned,sectioned_modern
21189,sectioned,sectioned_modern
21190,sectioned,sectioned_modern
21191,sectioned,sectioned_modern
21192,sectioned,sectioned_modern
21193,sectioned,sectioned_modern
21194,sectioned,sectioned_modern
21195,sectioned,sectioned_modern
21196,sectioned,sectioned_modern
21197,sectioned,sectioned_modern
21198,sectioned,sectioned_modern
21199,sectioned,sectioned_modern
21200,sectioned,sectioned_modern
21201,sectioned,sectioned_modern
21202,sectioned,sectioned_modern
21203,sectioned,sectioned_modern
21204,sectioned,sectioned_modern
21205,sectioned,sectioned_early
21206,sectioned,sectioned_modern
21207,sectioned,sectioned_modern
21208,sectioned,sectioned_modern
21209,sectioned,sectioned_modern
21210,sectioned,sectioned_modern
21211,sectioned,sectioned_modern
21212,sectioned,sectioned_modern
21213,sectioned,sectioned_modern
21214,sectioned,sectioned_modern
21215,sectioned,sectioned_modern
21217,sectioned,sectioned_modern
21218,sectioned,sectioned_modern
21219,sectioned,sectioned_modern
21221,sectioned,sectioned_modern
21222,sectioned,sectioned_modern
21224,sectioned,sectioned_modern
21225,sectioned,sectioned_modern
21226,sectioned,sectioned_modern
21227,sectioned,sectioned_modern
21228,sectioned,sectioned_modern
21229,sectioned,sectioned_modern
21230,sectioned,sectioned_modern
21231,sectioned,sectioned_modern
21232,sectioned,sectioned_modern
21233,sectioned,sectioned_modern
21234,sectioned,sectioned_modern
21235,sectioned,sectioned_modern
21236,sectioned,sectioned_early
21237,sectioned,sectioned_modern
21238,sectioned,sectioned_modern
21239,sectioned,sectioned_modern
21240,sectioned,sectioned_modern
21242,sectioned,sectioned_modern
21243,sectioned,sectioned_early
21244,sectioned,sectioned_early
21245,sectioned,sectioned_modern
21246,sectioned,sectioned_modern
21247,sectioned,sectioned_modern
21248,sectioned,sectioned_modern
21249,sectioned,sectioned_early
21251,sectioned,sectioned_modern
21252,sectioned,sectioned_modern
21253,sectioned,sectioned_modern
21254,sectioned,sectioned_modern
21255,sectioned,sectioned_early
21257,sectioned,sectioned_modern
21258,sectioned,sectioned_modern
21259,sectioned,sectioned_modern
21260,sectioned,sectioned_modern
21261,sectioned,sectioned_modern
21262,sectioned,sectioned_modern
21263,sectioned,sectioned_early
21264,sectioned,sectioned_modern
21265,sectioned,sectioned_modern
21266,sectioned,sectioned_modern
21267,sectioned,sectioned_modern
21268,sectioned,sectioned_modern
21269,sectioned,sectioned_early
21271,sectioned,sectioned_modern
21274,sectioned,sectioned_modern
21276,sectioned,sectioned_modern
21278,sectioned,sectioned_early
21279,sectioned,sectioned_modern
21280,sectioned,sectioned_modern
21281,sectioned,sectioned_early
21282,sectioned,sectioned_modern
21283,sectioned,sectioned_modern
21284,sectioned,sectioned_modern
21285,sectioned,sectioned_modern
21286,sectioned,sectioned_early
21287,sectioned,sectioned_modern
21288,sectioned,sectioned_modern
21291,sectioned,sectioned_modern
21292,sectioned,sectioned_early
21293,sectioned,sectioned_modern
21294,sectioned,sectioned_modern
21295,sectioned,sectioned_modern
21296,sectioned,sectioned_modern
21297,sectioned,sectioned_modern
21298,sectioned,sectioned_modern
21299,sectioned,sectioned_modern
21300,sectioned,sectioned_modern
21302,sectioned,sectioned_modern
21304,sectioned,sectioned_modern
21305,sectioned,sectioned_modern
21306,sectioned,sectioned_modern
21307,sectioned,sectioned_modern
21308,sectioned,sectioned_modern
21309,sectioned,sectioned_modern
21311,sectioned,sectioned_modern
21314,sectioned,sectioned_modern
21315,sectioned,sectioned_modern
21316,sectioned,sectioned_modern
21317,sectioned,sectioned_modern
21318,sectioned,sectioned_modern
21319,sectioned,sectioned_modern
21320,sectioned,sectioned_modern
21321,sectioned,sectioned_modern
21322,sectioned,sectioned_modern
21323,sectioned,sectioned_early
21327,sectioned,sectioned_modern
21328,sectioned,sectioned_modern
21329,sectioned,sectioned_modern
21330,sectioned,sectioned_modern
21331,sectioned,sectioned_modern
21333,sectioned,sectioned_modern
21334,sectioned,sectioned_modern
21336,sectioned,sectioned_modern
21338,sectioned,sectioned_modern
21339,sectioned,sectioned_modern
21340,sectioned,sectioned_modern
21341,sectioned,sectioned_modern
21342,sectioned,sectioned_modern
21343,sectioned,sectioned_modern
21344,sectioned,sectioned_modern
21345,sectioned,sectioned_modern
21346,sectioned,sectioned_modern
21347,sectioned,sectioned_modern
21348,sectioned,sectioned_modern
21349,sectioned,sectioned_modern
21350,sectioned,sectioned_early
21351,sectioned,sectioned_modern
21352,sectioned,sectioned_modern
21353,sectioned,sectioned_modern
21354,sectioned,sectioned_modern
21355,sectioned,sectioned_modern
21356,sectioned,sectioned_modern
21357,sectioned,sectioned_modern
21358,sectioned,sectioned_modern
21359,sectioned,sectioned_early
21360,sectioned,sectioned_modern
21362,sectioned,sectioned_modern
21363,sectioned,sectioned_modern
21364,sectioned,sectioned_modern
21365,sectioned,sectioned_early
21366,sectioned,sectioned_modern
21367,sectioned,sectioned_modern
21369,sectioned,sectioned_modern
21370,sectioned,sectioned_modern
21371,sectioned,sectioned_early
21372,sectioned,sectioned_modern
21373,sectioned,sectioned_modern
21375,sectioned,sectioned_modern
21376,sectioned,sectioned_modern
21378,sectioned,sectioned_modern
21379,sectioned,sectioned_modern
21381,sectioned,sectioned_modern
21382,sectioned,sectioned_modern
21384,sectioned,sectioned_modern
21385,sectioned,sectioned_early
21386,sectioned,sectioned_modern
21387,sectioned,sectioned_early
21388,sectioned,sectioned_modern
21389,sectioned,sectioned_modern
21390,sectioned,sectioned_modern
21391,sectioned,sectioned_modern
21392,sectioned,sectioned_modern
21393,sectioned,sectioned_modern
21396,sectioned,sectioned_modern
21397,sectioned,sectioned_modern
21398,sectioned,sectioned_modern
21399,sectioned,sectioned_modern
21400,sectioned,sectioned_early
21401,sectioned,sectioned_modern
21404,sectioned,sectioned_modern
21405,sectioned,sectioned_early
21406,sectioned,sectioned_modern
21407,sectioned,sectioned_early
21409,sectioned,sectioned_early
21410,sectioned,sectioned_modern
21411,sectioned,sectioned_modern
21412,sectioned,sectioned_modern
21413,sectioned,sectioned_modern
21414,sectioned,sectioned_early
21415,sectioned,sectioned_modern
21416,sectioned,sectioned_modern
21417,sectioned,sectioned_modern
21418,sectioned,sectioned_early
21419,sectioned,sectioned_modern
21422,sectioned,sectioned_early
21423,sectioned,sectioned_modern
21425,sectioned,sectioned_modern
21426,sectioned,sectioned_modern
21427,sectioned,sectioned_early
21428,sectioned,sectioned_modern
21429,sectioned,sectioned_early
21430,sectioned,sectioned_modern
21431,sectioned,sectioned_modern
21432,sectioned,sectioned_modern
21433,sectioned,sectioned_modern
21434,sectioned,sectioned_modern
21435,sectioned,sectioned_early
21437,sectioned,sectioned_modern
21439,sectioned,sectioned_modern
21440,sectioned,sectioned_modern
21441,sectioned,sectioned_modern
21442,sectioned,sectioned_modern
21443,sectioned,sectioned_modern
21444,sectioned,sectioned_early
21445,sectioned,sectioned_early
21446,sectioned,sectioned_early
21447,sectioned,sectioned_modern
21448,sectioned,sectioned_modern
21449,sectioned,sectioned_modern
21450,sectioned,sectioned_modern
21451,sectioned,sectioned_modern
21452,sectioned,sectioned_modern
21453,sectioned,sectioned_modern
21454,sectioned,sectioned_modern
21455,sectioned,sectioned_modern
21456,sectioned,sectioned_early
21457,sectioned,sectioned_early
21458,sectioned,sectioned_modern
21460,sectioned,sectioned_modern
21461,sectioned,sectioned_modern
21462,sectioned,sectioned_modern
21464,sectioned,sectioned_modern
21465,sectioned,sectioned_modern
21466,sectioned,sectioned_early
21467,sectioned,sectioned_modern
21468,sectioned,sectioned_modern
21470,sectioned,sectioned_modern
21472,sectioned,sectioned_modern
21473,sectioned,sectioned_modern
21474,sectioned,sectioned_early
21476,sectioned,sectioned_modern
21477,sectioned,sectioned_modern
21478,sectioned,sectioned_modern
21483,sectioned,sectioned_modern
21484,sectioned,sectioned_modern
21485,sectioned,sectioned_early
21486,sectioned,sectioned_early
21487,sectioned,sectioned_modern
21490,sectioned,sectioned_modern
21491,sectioned,sectioned_modern
21492,sectioned,sectioned_modern
21495,sectioned,sectioned_modern
21496,sectioned,sectioned_early
21498,sectioned,sectioned_early
21499,sectioned,sectioned_modern
21501,sectioned,sectioned_modern
21502,sectioned,sectioned_modern
21503,sectioned,sectioned_modern
21504,sectioned,sectioned_modern
21506,sectioned,sectioned_modern
21507,sectioned,sectioned_early
21508,sectioned,sectioned_modern
21510,sectioned,sectioned_modern
21511,sectioned,sectioned_modern
21512,sectioned,sectioned_modern
21513,sectioned,sectioned_modern
21514,sectioned,sectioned_modern
21515,sectioned,sectioned_modern
21516,sectioned,sectioned_modern
21517,sectioned,sectioned_modern
21518,sectioned,sectioned_modern
21519,sectioned,sectioned_modern
21520,sectioned,sectioned_modern
21521,sectioned,sectioned_modern
21522,sectioned,sectioned_modern
21524,sectioned,sectioned_modern
21525,sectioned,sectioned_modern
21526,sectioned,sectioned_modern
21527,sectioned,sectioned_early
21528,sectioned,sectioned_modern
21532,sectioned,sectioned_modern
21533,sectioned,sectioned_modern
21534,sectioned,sectioned_early
21536,sectioned,sectioned_modern
21537,sectioned,sectioned_modern
21538,sectioned,sectioned_modern
21539,sectioned,sectioned_modern
21540,sectioned,sectioned_modern
21541,sectioned,sectioned_modern
21542,sectioned,sectioned_early
21543,sectioned,sectioned_modern
21545,sectioned,sectioned_modern
21546,sectioned,sectioned_modern
21547,sectioned,sectioned_modern
21548,sectioned,sectioned_modern
21549,sectioned,sectioned_modern
21550,sectioned,sectioned_modern
21551,sectioned,sectioned_modern
21555,sectioned,sectioned_modern
21558,sectioned,sectioned_modern
21559,sectioned,sectioned_modern
21560,sectioned,sectioned_modern
21561,sectioned,sectioned_modern
21562,sectioned,sectioned_modern
21563,sectioned,sectioned_modern
21564,sectioned,sectioned_modern
21565,sectioned,sectioned_modern
21566,sectioned,sectioned_modern
21567,sectioned,sectioned_modern
21568,sectioned,sectioned_modern
21569,sectioned,sectioned_modern
21570,sectioned,sectioned_modern
21571,sectioned,sectioned_modern
21572,sectioned,sectioned_modern
21573,sectioned,sectioned_early
21574,sectioned,sectioned_modern
21575,sectioned,sectioned_modern
21576,sectioned,sectioned_modern
21577,sectioned,sectioned_modern
21578,sectioned,sectioned_early
21579,sectioned,sectioned_modern
21580,sectioned,sectioned_early
21581,sectioned,sectioned_early
21582,sectioned,sectioned_early
21583,sectioned,sectioned_modern
21584,sectioned,sectioned_early
21585,sectioned,sectioned_early
21587,sectioned,sectioned_modern
21589,sectioned,sectioned_early
21590,sectioned,sectioned_modern
21591,sectioned,sectioned_modern
21592,sectioned,sectioned_modern
21593,sectioned,sectioned_modern
21594,sectioned,sectioned_modern
21596,sectioned,sectioned_modern
21597,sectioned,sectioned_early
21598,sectioned,sectioned_early
21599,sectioned,sectioned_early
21600,sectioned,sectioned_early
21601,sectioned,sectioned_modern
21602,sectioned,sectioned_modern
21603,sectioned,sectioned_modern
21604,sectioned,sectioned_early
21605,sectioned,sectioned_early
21607,sectioned,sectioned_modern
21608,sectioned,sectioned_modern
21609,sectioned,sectioned_modern
21610,sectioned,sectioned_early
21611,sectioned,sectioned_modern
21612,sectioned,sectioned_early
21614,sectioned,sectioned_modern
21615,sectioned,sectioned_early
21616,sectioned,sectioned_early
21617,sectioned,sectioned_early
21619,sectioned,sectioned_early
21621,sectioned,sectioned_early
21622,sectioned,sectioned_early
21623,sectioned,sectioned_early
21624,sectioned,sectioned_early
21625,sectioned,sectioned_early
21626,sectioned,sectioned_early
21627,sectioned,sectioned_early
21629,sectioned,sectioned_early
21630,sectioned,sectioned_early
21631,sectioned,sectioned_early
21632,sectioned,sectioned_early
21633,sectioned,sectioned_early
21634,sectioned,sectioned_early
21636,sectioned,sectioned_early
21638,sectioned,sectioned_early
21639,sectioned,sectioned_early
21640,sectioned,sectioned_early
21641,sectioned,sectioned_early
21642,sectioned,sectioned_early
21643,sectioned,sectioned_early
21644,sectioned,sectioned_early
21645,sectioned,sectioned_early
21646,sectioned,sectioned_early
21648,sectioned,sectioned_early
21649,sectioned,sectioned_early
21650,sectioned,sectioned_early
21652,sectioned,sectioned_early
21653,sectioned,sectioned_early
21674,sectioned,sectioned_modern
21675,sectioned,sectioned_early
21676,sectioned,sectioned_early
21677,sectioned,sectioned_early
21679,sectioned,sectioned_early
21680,sectioned,sectioned_early
21682,sectioned,sectioned_early
21684,sectioned,sectioned_early
21685,sectioned,sectioned_early
21686,sectioned,sectioned_early
21688,sectioned,sectioned_early
21690,sectioned,sectioned_early
21691,sectioned,sectioned_early
21693,sectioned,sectioned_early
21696,sectioned,sectioned_early
21697,sectioned,sectioned_early
21698,sectioned,sectioned_early
21700,sectioned,sectioned_early
21701,sectioned,sectioned_early
21702,sectioned,sectioned_early
21703,sectioned,sectioned_early
21706,sectioned,sectioned_early
21707,sectioned,sectioned_early
21709,sectioned,sectioned_early
21712,sectioned,sectioned_modern
21713,sectioned,sectioned_modern
21714,sectioned,sectioned_modern
21715,sectioned,sectioned_modern
21716,sectioned,sectioned_modern
21718,sectioned,sectioned_modern
21719,sectioned,sectioned_modern
21720,sectioned,sectioned_modern
21722,sectioned,sectioned_modern
21725,sectioned,sectioned_modern
21726,sectioned,sectioned_modern
21727,sectioned,sectioned_modern
21728,sectioned,sectioned_early
21731,sectioned,sectioned_modern
21732,sectioned,sectioned_modern
21733,sectioned,sectioned_modern
21734,sectioned,sectioned_modern
21735,sectioned,sectioned_early
21736,sectioned,sectioned_modern
21737,sectioned,sectioned_modern
21739,sectioned,sectioned_modern
21740,sectioned,sectioned_modern
21741,sectioned,sectioned_modern
21742,sectioned,sectioned_early
21743,sectioned,sectioned_early
21744,sectioned,sectioned_modern
21745,sectioned,sectioned_modern
21746,sectioned,sectioned_modern
21747,sectioned,sectioned_modern
21748,sectioned,sectioned_modern
21749,sectioned,sectioned_early
21750,sectioned,sectioned_modern
21752,sectioned,sectioned_modern
21753,sectioned,sectioned_modern
21754,sectioned,sectioned_modern
21755,sectioned,sectioned_modern
21756,sectioned,sectioned_early
21757,sectioned,sectioned_modern
21758,sectioned,sectioned_modern
21759,sectioned,sectioned_modern
21760,sectioned,sectioned_modern
21761,sectioned,sectioned_modern
21762,sectioned,sectioned_early
21763,sectioned,sectioned_modern
21764,sectioned,sectioned_modern
21765,sectioned,sectioned_modern
21766,sectioned,sectioned_modern
21767,sectioned,sectioned_modern
21768,sectioned,sectioned_modern
21770,sectioned,sectioned_modern
21771,sectioned,sectioned_modern
21772,sectioned,sectioned_modern
21773,sectioned,sectioned_modern
21774,sectioned,sectioned_modern
21775,sectioned,sectioned_modern
21777,sectioned,sectioned_modern
21779,sectioned,sectioned_modern
21780,sectioned,sectioned_modern
21781,sectioned,sectioned_modern
21782,sectioned,sectioned_modern
21783,sectioned,sectioned_modern
21784,sectioned,sectioned_modern
21785,sectioned,sectioned_modern
21786,sectioned,sectioned_modern
21787,sectioned,sectioned_modern
21789,sectioned,sectioned_modern
21790,sectioned,sectioned_modern
21791,sectioned,sectioned_modern
21792,sectioned,sectioned_modern
21793,sectioned,sectioned_modern
21794,sectioned,sectioned_modern
21795,sectioned,sectioned_modern
21796,sectioned,sectioned_modern
21797,sectioned,sectioned_modern
21798,sectioned,sectioned_modern
21799,sectioned,sectioned_modern
21800,sectioned,sectioned_modern
21801,sectioned,sectioned_modern
21802,sectioned,sectioned_modern
21803,sectioned,sectioned_modern
21804,sectioned,sectioned_modern
21805,sectioned,sectioned_modern
21806,sectioned,sectioned_modern
21807,sectioned,sectioned_modern
21809,sectioned,sectioned_modern
21811,sectioned,sectioned_modern
21812,sectioned,sectioned_modern
21813,sectioned,sectioned_modern
21814,sectioned,sectioned_modern
21815,sectioned,sectioned_modern
21816,sectioned,sectioned_modern
21817,sectioned,sectioned_modern
21818,sectioned,sectioned_modern
21819,sectioned,sectioned_modern
21820,sectioned,sectioned_modern
21822,sectioned,sectioned_modern
21823,sectioned,sectioned_modern
21824,sectioned,sectioned_modern
21825,sectioned,sectioned_modern
21826,sectioned,sectioned_modern
21827,sectioned,sectioned_modern
21828,sectioned,sectioned_modern
21829,sectioned,sectioned_modern
21830,sectioned,sectioned_modern
21831,sectioned,sectioned_modern
21832,sectioned,sectioned_modern
21833,sectioned,sectioned_modern
21834,sectioned,sectioned_modern
21835,sectioned,sectioned_modern
21836,sectioned,sectioned_modern
21837,sectioned,sectioned_modern
21838,sectioned,sectioned_modern
21839,sectioned,sectioned_modern
21840,sectioned,sectioned_modern
21841,sectioned,sectioned_modern
21842,sectioned,sectioned_modern
21843,sectioned,sectioned_modern
21844,sectioned,sectioned_modern
21845,sectioned,sectioned_modern
21848,sectioned,sectioned_modern
21849,sectioned,sectioned_modern
21850,sectioned,sectioned_modern
21851,sectioned,sectioned_modern
21853,sectioned,sectioned_modern
21854,sectioned,sectioned_modern
21855,sectioned,sectioned_modern
21856,sectioned,sectioned_modern
21858,sectioned,sectioned_modern
21859,sectioned,sectioned_modern
21860,sectioned,sectioned_modern
21861,sectioned,sectioned_modern
21862,sectioned,sectioned_modern
21863,sectioned,sectioned_modern
21864,sectioned,sectioned_modern
21866,sectioned,sectioned_modern
21868,sectioned,sectioned_modern
21869,sectioned,sectioned_modern
21871,sectioned,sectioned_modern
21872,sectioned,sectioned_modern
21873,sectioned,sectioned_modern
21874,sectioned,sectioned_modern
21875,sectioned,sectioned_modern
21876,sectioned,sectioned_modern
21877,sectioned,sectioned_modern
21878,sectioned,sectioned_modern
21879,sectioned,sectioned_modern
21880,sectioned,sectioned_modern
21881,sectioned,sectioned_modern
21882,sectioned,sectioned_modern
21883,sectioned,sectioned_modern
21884,sectioned,sectioned_modern
21885,sectioned,sectioned_modern
21886,sectioned,sectioned_modern
21887,sectioned,sectioned_modern
21888,sectioned,sectioned_modern
21889,sectioned,sectioned_modern
21890,sectioned,sectioned_modern
21891,sectioned,sectioned_modern
21892,sectioned,sectioned_modern
21893,sectioned,sectioned_modern
21895,sectioned,sectioned_modern
21896,sectioned,sectioned_modern
21897,sectioned,sectioned_modern
21898,sectioned,sectioned_modern
21899,sectioned,sectioned_modern
21900,sectioned,sectioned_modern
21901,sectioned,sectioned_modern
21902,sectioned,sectioned_modern
21904,sectioned,sectioned_modern
21905,sectioned,sectioned_modern
21906,sectioned,sectioned_modern
21907,sectioned,sectioned_modern
21909,sectioned,sectioned_modern
21910,sectioned,sectioned_modern
21911,sectioned,sectioned_modern
21912,sectioned,sectioned_modern
21914,sectioned,sectioned_modern
21915,sectioned,sectioned_modern
21916,sectioned,sectioned_modern
21917,sectioned,sectioned_modern
21918,sectioned,sectioned_modern
21920,sectioned,sectioned_modern
21921,sectioned,sectioned_modern
21924,sectioned,sectioned_modern
21925,sectioned,sectioned_modern
21926,sectioned,sectioned_modern
21927,sectioned,sectioned_modern
21928,sectioned,sectioned_modern
21929,sectioned,sectioned_modern
21930,sectioned,sectioned_modern
21931,sectioned,sectioned_modern
21932,sectioned,sectioned_modern
21933,sectioned,sectioned_modern
21934,sectioned,sectioned_modern
21936,sectioned,sectioned_modern
21937,sectioned,sectioned_modern
21938,sectioned,sectioned_modern
21939,sectioned,sectioned_modern
21940,sectioned,sectioned_modern
21941,sectioned,sectioned_modern
21942,sectioned,sectioned_modern
21943,sectioned,sectioned_modern
21944,sectioned,sectioned_modern
21945,sectioned,sectioned_modern
21946,sectioned,sectioned_modern
21947,sectioned,sectioned_modern
21948,sectioned,sectioned_modern
21949,sectioned,sectioned_modern
21950,sectioned,sectioned_modern
21951,sectioned,sectioned_modern
21952,sectioned,sectioned_modern
21953,sectioned,sectioned_modern
21954,sectioned,sectioned_modern
21955,sectioned,sectioned_modern
21956,sectioned,sectioned_modern
21957,sectioned,sectioned_modern
21958,sectioned,sectioned_modern
21959,sectioned,sectioned_modern
21960,sectioned,sectioned_modern
21961,sectioned,sectioned_modern
21962,sectioned,sectioned_modern
21963,sectioned,sectioned_modern
21964,sectioned,sectioned_modern
21965,sectioned,sectioned_modern
21966,sectioned,sectioned_modern
21967,sectioned,sectioned_modern
21968,sectioned,sectioned_modern
21969,sectioned,sectioned_modern
21970,sectioned,sectioned_modern
21971,sectioned,sectioned_modern
21972,sectioned,sectioned_modern
21974,sectioned,sectioned_modern
21975,sectioned,sectioned_modern
21976,sectioned,sectioned_modern
21977,sectioned,sectioned_modern
21978,sectioned,sectioned_modern
21979,sectioned,sectioned_modern
21980,sectioned,sectioned_modern
21981,sectioned,sectioned_modern
21982,sectioned,sectioned_modern
21983,sectioned,sectioned_modern
21984,sectioned,sectioned_modern
21985,sectioned,sectioned_modern
21986,sectioned,sectioned_modern
21987,sectioned,sectioned_modern
21989,sectioned,sectioned_modern
21990,sectioned,sectioned_modern
21991,sectioned,sectioned_modern
21992,sectioned,sectioned_modern
21993,sectioned,sectioned_modern
21994,sectioned,sectioned_modern
21996,sectioned,sectioned_modern
21997,sectioned,sectioned_modern
21998,sectioned,sectioned_modern
21999,sectioned,sectioned_modern
22000,sectioned,sectioned_modern
22002,sectioned,sectioned_modern
22003,sectioned,sectioned_modern
22004,sectioned,sectioned_modern
22005,sectioned,sectioned_modern
22006,sectioned,sectioned_modern
22007,sectioned,sectioned_modern
22008,sectioned,sectioned_modern
22009,sectioned,sectioned_modern
22010,sectioned,sectioned_modern
22011,sectioned,sectioned_modern
22012,sectioned,sectioned_modern
22013,sectioned,sectioned_modern
22014,sectioned,sectioned_modern
22015,sectioned,sectioned_modern
22016,sectioned,sectioned_modern
22018,sectioned,sectioned_modern
22019,sectioned,sectioned_modern
22020,sectioned,sectioned_modern
22021,sectioned,sectioned_modern
22022,sectioned,sectioned_modern
22023,sectioned,sectioned_modern
22024,sectioned,sectioned_modern
22025,sectioned,sectioned_modern
22026,sectioned,sectioned_modern
22027,sectioned,sectioned_modern
22028,sectioned,sectioned_modern
22029,sectioned,sectioned_modern
22030,sectioned,sectioned_modern
22031,sectioned,sectioned_modern
22033,sectioned,sectioned_modern
22034,sectioned,sectioned_modern
22035,sectioned,sectioned_modern
22037,sectioned,sectioned_modern
22038,sectioned,sectioned_modern
22039,sectioned,sectioned_modern
22040,sectioned,sectioned_modern
22041,sectioned,sectioned_modern
22042,sectioned,sectioned_modern
22043,sectioned,sectioned_modern
22044,sectioned,sectioned_modern
22045,sectioned,sectioned_modern
22047,sectioned,sectioned_modern
22048,sectioned,sectioned_modern
22049,sectioned,sectioned_modern
22050,sectioned,sectioned_modern
22051,sectioned,sectioned_modern
22053,sectioned,sectioned_modern
22054,sectioned,sectioned_modern
22055,sectioned,sectioned_modern
22056,sectioned,sectioned_modern
22057,sectioned,sectioned_modern
22058,sectioned,sectioned_modern
22059,sectioned,sectioned_modern
22060,sectioned,sectioned_modern
22061,sectioned,sectioned_modern
22062,sectioned,sectioned_modern
22063,sectioned,sectioned_modern
22064,sectioned,sectioned_modern
22065,sectioned,sectioned_modern
22066,sectioned,sectioned_modern
22067,sectioned,sectioned_modern
22068,sectioned,sectioned_modern
22069,sectioned,sectioned_modern
22070,sectioned,sectioned_modern
22071,sectioned,sectioned_modern
22073,sectioned,sectioned_modern
22074,sectioned,sectioned_modern
22075,sectioned,sectioned_modern
22076,sectioned,sectioned_modern
22077,sectioned,sectioned_modern
22078,sectioned,sectioned_modern
22079,sectioned,sectioned_modern
22080,sectioned,sectioned_modern
22081,sectioned,sectioned_modern
22082,sectioned,sectioned_modern
22083,sectioned,sectioned_modern
22084,sectioned,sectioned_modern
22085,sectioned,sectioned_modern
22086,sectioned,sectioned_modern
22087,sectioned,sectioned_modern
22088,sectioned,sectioned_modern
22089,sectioned,sectioned_modern
22090,sectioned,sectioned_modern
22091,sectioned,sectioned_modern
22092,sectioned,sectioned_modern
22093,sectioned,sectioned_modern
22094,sectioned,sectioned_modern
22095,sectioned,sectioned_modern
22096,sectioned,sectioned_modern
22097,sectioned,sectioned_modern
22098,sectioned,sectioned_modern
22099,sectioned,sectioned_modern
22100,sectioned,sectioned_modern
22101,sectioned,sectioned_modern
22105,sectioned,sectioned_modern
22106,sectioned,sectioned_modern
22107,sectioned,sectioned_modern
22108,sectioned,sectioned_modern
22111,sectioned,sectioned_modern
22112,sectioned,sectioned_modern
22113,sectioned,sectioned_modern
22114,sectioned,sectioned_modern
22115,sectioned,sectioned_modern
22116,sectioned,sectioned_modern
22117,sectioned,sectioned_modern
22118,sectioned,sectioned_modern
22119,sectioned,sectioned_modern
22120,sectioned,sectioned_modern
22121,sectioned,sectioned_modern
22122,sectioned,sectioned_modern
22123,sectioned,sectioned_modern
22124,sectioned,sectioned_modern
22125,sectioned,sectioned_modern
22126,sectioned,sectioned_modern
22127,sectioned,sectioned_modern
22128,sectioned,sectioned_modern
22129,sectioned,sectioned_modern
22130,sectioned,sectioned_modern
22131,sectioned,sectioned_modern
22132,sectioned,sectioned_modern
22133,sectioned,sectioned_modern
22134,sectioned,sectioned_modern
22135,sectioned,sectioned_modern
22136,sectioned,sectioned_modern
22137,sectioned,sectioned_modern
22138,sectioned,sectioned_modern
22139,sectioned,sectioned_modern
22140,sectioned,sectioned_modern
22141,sectioned,sectioned_modern
22142,sectioned,sectioned_modern
22143,sectioned,sectioned_modern
22144,sectioned,sectioned_modern
22145,sectioned,sectioned_modern
22146,sectioned,sectioned_modern
22147,sectioned,sectioned_modern
22148,sectioned,sectioned_modern
22149,sectioned,sectioned_modern
22151,sectioned,sectioned_modern
22152,sectioned,sectioned_modern
22153,sectioned,sectioned_modern
22154,sectioned,sectioned_modern
22155,sectioned,sectioned_modern
22156,sectioned,sectioned_modern
22157,sectioned,sectioned_modern
22158,sectioned,sectioned_modern
22159,sectioned,sectioned_modern
22160,sectioned,sectioned_modern
22162,sectioned,sectioned_modern
22163,sectioned,sectioned_modern
22164,sectioned,sectioned_modern
22165,sectioned,sectioned_modern
22166,sectioned,sectioned_modern
22167,sectioned,sectioned_modern
22168,sectioned,sectioned_modern
22169,sectioned,sectioned_modern
22170,sectioned,sectioned_modern
22171,sectioned,sectioned_modern
22172,sectioned,sectioned_modern
22173,sectioned,sectioned_modern
22174,sectioned,sectioned_modern
22175,sectioned,sectioned_modern
22176,sectioned,sectioned_modern
22177,sectioned,sectioned_modern
22178,sectioned,sectioned_modern
22179,sectioned,sectioned_modern
22180,sectioned,sectioned_modern
22181,sectioned,sectioned_modern
22182,sectioned,sectioned_modern
22183,sectioned,sectioned_modern
22184,sectioned,sectioned_modern
22185,sectioned,sectioned_modern
22186,sectioned,sectioned_modern
22187,sectioned,sectioned_modern
22188,sectioned,sectioned_modern
22189,sectioned,sectioned_modern
22190,sectioned,sectioned_modern
22191,sectioned,sectioned_modern
22192,sectioned,sectioned_modern
22193,sectioned,sectioned_modern
22194,sectioned,sectioned_modern
22195,sectioned,sectioned_modern
22196,sectioned,sectioned_modern
22197,sectioned,sectioned_modern
22198,sectioned,sectioned_modern
22199,sectioned,sectioned_modern
22200,sectioned,sectioned_modern
22201,sectioned,sectioned_modern
22202,sectioned,sectioned_modern
22204,sectioned,sectioned_modern
22205,sectioned,sectioned_modern
22206,sectioned,sectioned_modern
22207,sectioned,sectioned_modern
22208,sectioned,sectioned_modern
22209,sectioned,sectioned_modern
22210,sectioned,sectioned_modern
22211,sectioned,sectioned_modern
22213,sectioned,sectioned_modern
22214,sectioned,sectioned_modern
22215,sectioned,sectioned_modern
22217,sectioned,sectioned_modern
22218,sectioned,sectioned_modern
22219,sectioned,sectioned_modern
22220,sectioned,sectioned_modern
22222,sectioned,sectioned_modern
22223,sectioned,sectioned_modern
22224,sectioned,sectioned_modern
22225,sectioned,sectioned_modern
22226,sectioned,sectioned_modern
22227,sectioned,sectioned_modern
22228,sectioned,sectioned_modern
22229,sectioned,sectioned_modern
22230,sectioned,sectioned_modern
22231,sectioned,sectioned_modern
22232,sectioned,sectioned_modern
22233,sectioned,sectioned_modern
22234,sectioned,sectioned_modern
22235,sectioned,sectioned_modern
22236,sectioned,sectioned_modern
22237,sectioned,sectioned_modern
22238,sectioned,sectioned_modern
22239,sectioned,sectioned_modern
22240,sectioned,sectioned_modern
22241,sectioned,sectioned_modern
22243,sectioned,sectioned_modern
22244,sectioned,sectioned_modern
22245,sectioned,sectioned_modern
22249,sectioned,sectioned_modern
22250,sectioned,sectioned_modern
22251,sectioned,sectioned_modern
22252,sectioned,sectioned_modern
22257,sectioned,sectioned_modern
22258,sectioned,sectioned_modern
22260,sectioned,sectioned_modern
22261,sectioned,sectioned_modern
22263,sectioned,sectioned_modern
22264,sectioned,sectioned_modern
22265,sectioned,sectioned_modern
22266,sectioned,sectioned_modern
22267,sectioned,sectioned_modern
22268,sectioned,sectioned_modern
22270,sectioned,sectioned_modern
22271,sectioned,sectioned_modern
22272,sectioned,sectioned_modern
22273,sectioned,sectioned_modern
22274,sectioned,sectioned_modern
22275,sectioned,sectioned_modern
22276,sectioned,sectioned_modern
22278,sectioned,sectioned_modern
22279,sectioned,sectioned_modern
22280,sectioned,sectioned_modern
22281,sectioned,sectioned_modern
22282,sectioned,sectioned_modern
22283,sectioned,sectioned_modern
22285,sectioned,sectioned_modern
22287,sectioned,sectioned_modern
22288,sectioned,sectioned_modern
22289,sectioned,sectioned_modern
22290,sectioned,sectioned_modern
22291,sectioned,sectioned_modern
22292,sectioned,sectioned_modern
22293,sectioned,sectioned_modern
22294,sectioned,sectioned_modern
22295,sectioned,sectioned_modern
22296,sectioned,sectioned_modern
22297,sectioned,sectioned_modern
22303,sectioned,sectioned_modern
22304,sectioned,sectioned_modern
22305,sectioned,sectioned_modern
22306,sectioned,sectioned_modern
22307,sectioned,sectioned_modern
22308,sectioned,sectioned_modern
22309,sectioned,sectioned_modern
22310,sectioned,sectioned_modern
22311,sectioned,sectioned_modern
22313,sectioned,sectioned_modern
22314,sectioned,sectioned_modern
22315,sectioned,sectioned_modern
22316,sectioned,sectioned_modern
22317,sectioned,sectioned_modern
22318,sectioned,sectioned_modern
22319,sectioned,sectioned_modern
22320,sectioned,sectioned_modern
22324,sectioned,sectioned_modern
22326,sectioned,sectioned_modern
22327,sectioned,sectioned_modern
22328,sectioned,sectioned_modern
22329,sectioned,sectioned_modern
22330,sectioned,sectioned_modern
22331,sectioned,sectioned_modern
22332,sectioned,sectioned_modern
22333,sectioned,sectioned_modern
22334,sectioned,sectioned_modern
22339,sectioned,sectioned_modern
22340,sectioned,sectioned_modern
22341,sectioned,sectioned_modern
22342,sectioned,sectioned_modern
22343,sectioned,sectioned_modern
22344,sectioned,sectioned_modern
22345,sectioned,sectioned_modern
22346,sectioned,sectioned_modern
22347,sectioned,sectioned_modern
22348,sectioned,sectioned_modern
22349,sectioned,sectioned_modern
22350,sectioned,sectioned_modern
22352,sectioned,sectioned_modern
22353,sectioned,sectioned_modern
22354,sectioned,sectioned_modern
22355,sectioned,sectioned_modern
22356,sectioned,sectioned_modern
22357,sectioned,sectioned_modern
22358,sectioned,sectioned_modern
22359,sectioned,sectioned_modern
22360,sectioned,sectioned_modern
22361,sectioned,sectioned_modern
22362,sectioned,sectioned_modern
22363,sectioned,sectioned_modern
22364,sectioned,sectioned_modern
22365,sectioned,sectioned_modern
22366,sectioned,sectioned_modern
22367,sectioned,sectioned_modern
22368,sectioned,sectioned_modern
22369,sectioned,sectioned_modern
22370,sectioned,sectioned_modern
22371,sectioned,sectioned_modern
22372,sectioned,sectioned_modern
22374,sectioned,sectioned_modern
22375,sectioned,sectioned_modern
22378,sectioned,sectioned_modern
22381,sectioned,sectioned_modern
22382,sectioned,sectioned_modern
22385,sectioned,sectioned_modern
22386,sectioned,sectioned_modern
22387,sectioned,sectioned_modern
22388,sectioned,sectioned_modern
22389,sectioned,sectioned_modern
22390,sectioned,sectioned_modern
22392,sectioned,sectioned_modern
22393,sectioned,sectioned_modern
22394,sectioned,sectioned_modern
22395,sectioned,sectioned_modern
22396,sectioned,sectioned_modern
22397,sectioned,sectioned_modern
22398,sectioned,sectioned_modern
22399,sectioned,sectioned_modern
22401,sectioned,sectioned_modern
22402,sectioned,sectioned_modern
22403,sectioned,sectioned_modern
22404,sectioned,sectioned_modern
22405,sectioned,sectioned_modern
22406,sectioned,sectioned_modern
22407,sectioned,sectioned_modern
22408,sectioned,sectioned_modern
22409,sectioned,sectioned_modern
22410,sectioned,sectioned_modern
22411,sectioned,sectioned_modern
22412,sectioned,sectioned_modern
22413,sectioned,sectioned_modern
22414,sectioned,sectioned_modern
22415,sectioned,sectioned_modern
22418,sectioned,sectioned_modern
22419,sectioned,sectioned_modern
22420,sectioned,sectioned_modern
22422,sectioned,sectioned_modern
22423,sectioned,sectioned_modern
22424,sectioned,sectioned_modern
22425,sectioned,sectioned_modern
22426,sectioned,sectioned_modern
22427,sectioned,sectioned_modern
22428,sectioned,sectioned_modern
22429,sectioned,sectioned_modern
22430,sectioned,sectioned_modern
22431,sectioned,sectioned_modern
22432,sectioned,sectioned_modern
22433,sectioned,sectioned_modern
22434,sectioned,sectioned_modern
22436,sectioned,sectioned_modern
22437,sectioned,sectioned_modern
22438,sectioned,sectioned_modern
22439,sectioned,sectioned_modern
22440,sectioned,sectioned_modern
22441,sectioned,sectioned_modern
22442,sectioned,sectioned_modern
22443,sectioned,sectioned_modern
22444,sectioned,sectioned_modern
22448,sectioned,sectioned_modern
22449,sectioned,sectioned_modern
22450,sectioned,sectioned_modern
22451,sectioned,sectioned_modern
22452,sectioned,sectioned_modern
22453,sectioned,sectioned_modern
22454,sectioned,sectioned_modern
22455,sectioned,sectioned_modern
22456,sectioned,sectioned_modern
22457,sectioned,sectioned_modern
22458,sectioned,sectioned_modern
22459,sectioned,sectioned_modern
22461,sectioned,sectioned_modern
22462,sectioned,sectioned_modern
22463,sectioned,sectioned_modern
22464,sectioned,sectioned_modern
22465,sectioned,sectioned_modern
22467,sectioned,sectioned_modern
22468,sectioned,sectioned_modern
22469,sectioned,sectioned_modern
22471,sectioned,sectioned_modern
22472,sectioned,sectioned_modern
22473,sectioned,sectioned_modern
22474,sectioned,sectioned_modern
22475,sectioned,sectioned_modern
22476,sectioned,sectioned_modern
22477,sectioned,sectioned_modern
22479,sectioned,sectioned_modern
22482,sectioned,sectioned_modern
22484,sectioned,sectioned_modern
22485,sectioned,sectioned_modern
22487,sectioned,sectioned_modern
22488,sectioned,sectioned_modern
22489,sectioned,sectioned_modern
22490,sectioned,sectioned_modern
22492,sectioned,sectioned_modern
22493,sectioned,sectioned_modern
22494,sectioned,sectioned_modern
22496,sectioned,sectioned_modern
22497,sectioned,sectioned_modern
22498,sectioned,sectioned_modern
22499,sectioned,sectioned_modern
22501,sectioned,sectioned_modern
22502,sectioned,sectioned_modern
22503,sectioned,sectioned_modern
22506,sectioned,sectioned_modern
22508,sectioned,sectioned_modern
22510,sectioned,sectioned_modern
22511,sectioned,sectioned_modern
22512,sectioned,sectioned_modern
22513,sectioned,sectioned_modern
22515,sectioned,sectioned_modern
22516,sectioned,sectioned_modern
22517,sectioned,sectioned_modern
22518,sectioned,sectioned_modern
22519,sectioned,sectioned_modern
22521,sectioned,sectioned_modern
22522,sectioned,sectioned_modern
22523,sectioned,sectioned_modern
22524,sectioned,sectioned_modern
22525,sectioned,sectioned_modern
22527,sectioned,sectioned_modern
22528,sectioned,sectioned_modern
22529,sectioned,sectioned_modern
22530,sectioned,sectioned_modern
22531,sectioned,sectioned_modern
22532,sectioned,sectioned_modern
22533,sectioned,sectioned_modern
22534,sectioned,sectioned_modern
22535,sectioned,sectioned_modern
22536,sectioned,sectioned_modern
22537,sectioned,sectioned_modern
22538,sectioned,sectioned_modern
22539,sectioned,sectioned_modern
22540,sectioned,sectioned_modern
22542,sectioned,sectioned_modern
22543,sectioned,sectioned_modern
22545,sectioned,sectioned_modern
22546,sectioned,sectioned_modern
22547,sectioned,sectioned_modern
22548,sectioned,sectioned_modern
22549,sectioned,sectioned_modern
22551,sectioned,sectioned_modern
22552,sectioned,sectioned_modern
22553,sectioned,sectioned_modern
22555,sectioned,sectioned_modern
22556,sectioned,sectioned_modern
22557,sectioned,sectioned_modern
22558,sectioned,sectioned_modern
22559,sectioned,sectioned_modern
22560,sectioned,sectioned_modern
22561,sectioned,sectioned_modern
22566,sectioned,sectioned_modern
22568,sectioned,sectioned_modern
22569,sectioned,sectioned_modern
22570,sectioned,sectioned_modern
22571,sectioned,sectioned_modern
22572,sectioned,sectioned_modern
22573,sectioned,sectioned_modern
22574,sectioned,sectioned_modern
22575,sectioned,sectioned_modern
22576,sectioned,sectioned_modern
22577,sectioned,sectioned_modern
22578,sectioned,sectioned_modern
22580,sectioned,sectioned_modern
22581,sectioned,sectioned_modern
22582,sectioned,sectioned_modern
22583,sectioned,sectioned_modern
22584,sectioned,sectioned_modern
22585,sectioned,sectioned_modern
22586,sectioned,sectioned_modern
22587,sectioned,sectioned_modern
22588,sectioned,sectioned_modern
22589,sectioned,sectioned_modern
22590,sectioned,sectioned_modern
22591,sectioned,sectioned_modern
22592,sectioned,sectioned_modern
22593,sectioned,sectioned_modern
22594,sectioned,sectioned_modern
22595,sectioned,sectioned_modern
22596,sectioned,sectioned_modern
22597,sectioned,sectioned_modern
22598,sectioned,sectioned_modern
22599,sectioned,sectioned_modern
22601,sectioned,sectioned_modern
22602,sectioned,sectioned_modern
22603,sectioned,sectioned_modern
22604,sectioned,sectioned_modern
22605,sectioned,sectioned_modern
22606,sectioned,sectioned_modern
22607,sectioned,sectioned_modern
22608,sectioned,sectioned_modern
22609,sectioned,sectioned_modern
22610,sectioned,sectioned_modern
22611,sectioned,sectioned_modern
22612,sectioned,sectioned_modern
22613,sectioned,sectioned_modern
22616,sectioned,sectioned_modern
22617,sectioned,sectioned_modern
22618,sectioned,sectioned_modern
22619,sectioned,sectioned_modern
22620,sectioned,sectioned_modern
22621,sectioned,sectioned_modern
22622,sectioned,sectioned_modern
22626,sectioned,sectioned_modern
22627,sectioned,sectioned_modern
22628,sectioned,sectioned_modern
22633,sectioned,sectioned_modern
22634,sectioned,sectioned_modern
22635,sectioned,sectioned_modern
22636,sectioned,sectioned_modern
22638,sectioned,sectioned_modern
22639,sectioned,sectioned_modern
22640,sectioned,sectioned_modern
22641,sectioned,sectioned_modern
22642,sectioned,sectioned_modern
22643,sectioned,sectioned_modern
22644,sectioned,sectioned_modern
22645,sectioned,sectioned_modern
22646,sectioned,sectioned_modern
22647,sectioned,sectioned_modern
22648,sectioned,sectioned_modern
22649,sectioned,sectioned_modern
22650,sectioned,sectioned_modern
22651,sectioned,sectioned_modern
22652,sectioned,sectioned_modern
22653,sectioned,sectioned_modern
22654,sectioned,sectioned_modern
22655,sectioned,sectioned_modern
22656,sectioned,sectioned_modern
22657,sectioned,sectioned_modern
22658,sectioned,sectioned_modern
22659,sectioned,sectioned_modern
22660,sectioned,sectioned_modern
22661,sectioned,sectioned_modern
22662,sectioned,sectioned_modern
22663,sectioned,sectioned_modern
22665,sectioned,sectioned_modern
22666,sectioned,sectioned_modern
22667,sectioned,sectioned_modern
22668,sectioned,sectioned_modern
22669,sectioned,sectioned_modern
22671,sectioned,sectioned_modern
22672,sectioned,sectioned_modern
22674,sectioned,sectioned_modern
22695,sectioned,sectioned_modern
22696,sectioned,sectioned_modern
22697,sectioned,sectioned_modern
22698,sectioned,sectioned_modern
22699,sectioned,sectioned_modern
22700,sectioned,sectioned_modern
22701,sectioned,sectioned_modern
22702,sectioned,sectioned_modern
22706,sectioned,sectioned_modern
22707,sectioned,sectioned_modern
22708,sectioned,sectioned_modern
22709,sectioned,sectioned_modern
22711,sectioned,sectioned_modern
22712,sectioned,sectioned_modern
22713,sectioned,sectioned_modern
22714,sectioned,sectioned_modern
22715,sectioned,sectioned_modern
22716,sectioned,sectioned_modern
22717,sectioned,sectioned_modern
22719,sectioned,sectioned_modern
22720,sectioned,sectioned_modern
22721,sectioned,sectioned_modern
22722,sectioned,sectioned_modern
22723,sectioned,sectioned_modern
22724,sectioned,sectioned_modern
22725,sectioned,sectioned_modern
22726,sectioned,sectioned_modern
22727,sectioned,sectioned_modern
22728,sectioned,sectioned_modern
22729,sectioned,sectioned_modern
22732,sectioned,sectioned_modern
22733,sectioned,sectioned_modern
22734,sectioned,sectioned_modern
22735,sectioned,sectioned_modern
22736,sectioned,sectioned_modern
22737,sectioned,sectioned_modern
22738,sectioned,sectioned_modern
22739,sectioned,sectioned_modern
22740,sectioned,sectioned_modern
22741,sectioned,sectioned_modern
22742,sectioned,sectioned_modern
22743,sectioned,sectioned_modern
22744,sectioned,sectioned_modern
22746,sectioned,sectioned_modern
22748,sectioned,sectioned_modern
22749,sectioned,sectioned_modern
22750,sectioned,sectioned_modern
22751,sectioned,sectioned_modern
22752,sectioned,sectioned_modern
22753,sectioned,sectioned_modern
22754,sectioned,sectioned_modern
22755,sectioned,sectioned_modern
22756,sectioned,sectioned_modern
22757,sectioned,sectioned_modern
22758,sectioned,sectioned_modern
22759,sectioned,sectioned_modern
22760,sectioned,sectioned_modern
22761,sectioned,sectioned_modern
22762,sectioned,sectioned_modern
22763,sectioned,sectioned_modern
22764,sectioned,sectioned_modern
22765,sectioned,sectioned_modern
22766,sectioned,sectioned_modern
22767,sectioned,sectioned_modern
22768,sectioned,sectioned_modern
22769,sectioned,sectioned_modern
22770,sectioned,sectioned_modern
22771,sectioned,sectioned_modern
22772,sectioned,sectioned_modern
22773,sectioned,sectioned_modern
22775,sectioned,sectioned_modern
22776,sectioned,sectioned_modern
22777,sectioned,sectioned_modern
22778,sectioned,sectioned_modern
22780,sectioned,sectioned_modern
22781,sectioned,sectioned_modern
22784,sectioned,sectioned_modern
22785,sectioned,sectioned_modern
22786,sectioned,sectioned_modern
22787,sectioned,sectioned_modern
22788,sectioned,sectioned_modern
22789,sectioned,sectioned_modern
22790,sectioned,sectioned_modern
22791,sectioned,sectioned_modern
22792,sectioned,sectioned_modern
22793,sectioned,sectioned_modern
22794,sectioned,sectioned_modern
22795,sectioned,sectioned_modern
22796,sectioned,sectioned_modern
22798,sectioned,sectioned_modern
22799,sectioned,sectioned_modern
22800,sectioned,sectioned_modern
22801,sectioned,sectioned_modern
22802,sectioned,sectioned_modern
22803,sectioned,sectioned_modern
22804,sectioned,sectioned_modern
22805,sectioned,sectioned_modern
22806,sectioned,sectioned_modern
22808,sectioned,sectioned_modern
22809,sectioned,sectioned_modern
22810,sectioned,sectioned_modern
22812,sectioned,sectioned_modern
22813,sectioned,sectioned_modern
22814,sectioned,sectioned_modern
22815,sectioned,sectioned_modern
22816,sectioned,sectioned_modern
22817,sectioned,sectioned_modern
22819,sectioned,sectioned_modern
22820,sectioned,sectioned_modern
22821,sectioned,sectioned_modern
22822,sectioned,sectioned_modern
22823,sectioned,sectioned_modern
22824,sectioned,sectioned_modern
22825,sectioned,sectioned_modern
22826,sectioned,sectioned_modern
22827,sectioned,sectioned_modern
22828,sectioned,sectioned_modern
22829,sectioned,sectioned_modern
22830,sectioned,sectioned_modern
22831,sectioned,sectioned_modern
22832,sectioned,sectioned_modern
22833,sectioned,sectioned_modern
22834,sectioned,sectioned_modern
22835,sectioned,sectioned_modern
22836,sectioned,sectioned_modern
22837,sectioned,sectioned_modern
22838,sectioned,sectioned_modern
22841,sectioned,sectioned_modern
22842,sectioned,sectioned_modern
22844,sectioned,sectioned_modern
22845,sectioned,sectioned_modern
22846,sectioned,sectioned_modern
22847,sectioned,sectioned_modern
22848,sectioned,sectioned_modern
22849,sectioned,sectioned_modern
22850,sectioned,sectioned_modern
22851,sectioned,sectioned_modern
22852,sectioned,sectioned_modern
22853,sectioned,sectioned_modern
22854,sectioned,sectioned_modern
22855,sectioned,sectioned_modern
22856,sectioned,sectioned_modern
22857,sectioned,sectioned_modern
22858,sectioned,sectioned_modern
22859,sectioned,sectioned_modern
22860,sectioned,sectioned_modern
22861,sectioned,sectioned_modern
22862,sectioned,sectioned_modern
22864,sectioned,sectioned_modern
22866,sectioned,sectioned_modern
22867,sectioned,sectioned_modern
22868,sectioned,sectioned_modern
22869,sectioned,sectioned_modern
22870,sectioned,sectioned_modern
22871,sectioned,sectioned_modern
22873,sectioned,sectioned_modern
22874,sectioned,sectioned_modern
22875,sectioned,sectioned_modern
22876,sectioned,sectioned_modern
22877,sectioned,sectioned_modern
22879,sectioned,sectioned_modern
22880,sectioned,sectioned_modern
22881,sectioned,sectioned_modern
22882,sectioned,sectioned_modern
22883,sectioned,sectioned_modern
22884,sectioned,sectioned_modern
22885,sectioned,sectioned_modern
22886,sectioned,sectioned_modern
22887,sectioned,sectioned_modern
22889,sectioned,sectioned_modern
22890,sectioned,sectioned_modern
22891,sectioned,sectioned_modern
22892,sectioned,sectioned_modern
22893,sectioned,sectioned_modern
22894,sectioned,sectioned_modern
22895,sectioned,sectioned_modern
22896,sectioned,sectioned_modern
22897,sectioned,sectioned_modern
22898,sectioned,sectioned_modern
22900,sectioned,sectioned_modern
22902,sectioned,sectioned_modern
22903,sectioned,sectioned_modern
22904,sectioned,sectioned_modern
22905,sectioned,sectioned_modern
22906,sectioned,sectioned_modern
22909,sectioned,sectioned_modern
22911,sectioned,sectioned_modern
22912,sectioned,sectioned_modern
22913,sectioned,sectioned_modern
22914,sectioned,sectioned_modern
22915,sectioned,sectioned_modern
22919,sectioned,sectioned_modern
22920,sectioned,sectioned_modern
22921,sectioned,sectioned_modern
22923,sectioned,sectioned_modern
22924,sectioned,sectioned_modern
22925,sectioned,sectioned_modern
22926,sectioned,sectioned_modern
22927,sectioned,sectioned_modern
22928,sectioned,sectioned_modern
22929,sectioned,sectioned_modern
22932,sectioned,sectioned_modern
22933,sectioned,sectioned_modern
22934,sectioned,sectioned_modern
22935,sectioned,sectioned_modern
22936,sectioned,sectioned_modern
22937,sectioned,sectioned_modern
22938,sectioned,sectioned_modern
22939,sectioned,sectioned_modern
22941,sectioned,sectioned_modern
22944,sectioned,sectioned_modern
22947,sectioned,sectioned_modern
22948,sectioned,sectioned_modern
22949,sectioned,sectioned_modern
22950,sectioned,sectioned_modern
22951,sectioned,sectioned_modern
22952,sectioned,sectioned_modern
22953,sectioned,sectioned_modern
22954,sectioned,sectioned_modern
22955,sectioned,sectioned_modern
22956,sectioned,sectioned_modern
22957,sectioned,sectioned_modern
22958,sectioned,sectioned_modern
22959,sectioned,sectioned_modern
22960,sectioned,sectioned_modern
22961,sectioned,sectioned_modern
22963,sectioned,sectioned_modern
22964,sectioned,sectioned_modern
22965,sectioned,sectioned_modern
22966,sectioned,sectioned_modern
22967,sectioned,sectioned_modern
22968,sectioned,sectioned_modern
22969,sectioned,sectioned_modern
22970,sectioned,sectioned_modern
22972,sectioned,sectioned_modern
22974,sectioned,sectioned_modern
22977,sectioned,sectioned_modern
22978,sectioned,sectioned_modern
22979,sectioned,sectioned_modern
22980,sectioned,sectioned_modern
22981,sectioned,sectioned_modern
22982,sectioned,sectioned_modern
22983,sectioned,sectioned_modern
22984,sectioned,sectioned_modern
22985,sectioned,sectioned_modern
22987,sectioned,sectioned_modern
22988,sectioned,sectioned_modern
22989,sectioned,sectioned_modern
22990,sectioned,sectioned_modern
22991,sectioned,sectioned_modern
22992,sectioned,sectioned_modern
22993,sectioned,sectioned_modern
22994,sectioned,sectioned_modern
22995,sectioned,sectioned_modern
22996,sectioned,sectioned_modern
22997,sectioned,sectioned_modern
22998,sectioned,sectioned_modern
22999,sectioned,sectioned_modern
23001,sectioned,sectioned_modern
23002,sectioned,sectioned_modern
23003,sectioned,sectioned_modern
23004,sectioned,sectioned_modern
23005,sectioned,sectioned_modern
23006,sectioned,sectioned_modern
23007,sectioned,sectioned_modern
23008,sectioned,sectioned_modern
23009,sectioned,sectioned_modern
23010,sectioned,sectioned_modern
23011,sectioned,sectioned_modern
23012,sectioned,sectioned_modern
23013,sectioned,sectioned_modern
23014,sectioned,sectioned_modern
23015,sectioned,sectioned_modern
23017,sectioned,sectioned_modern
23018,sectioned,sectioned_modern
23019,sectioned,sectioned_modern
23020,sectioned,sectioned_modern
23021,sectioned,sectioned_modern
23022,sectioned,sectioned_modern
23023,sectioned,sectioned_modern
23024,sectioned,sectioned_modern
23025,sectioned,sectioned_modern
23026,sectioned,sectioned_modern
23027,sectioned,sectioned_modern
23028,sectioned,sectioned_modern
23029,sectioned,sectioned_modern
23030,sectioned,sectioned_modern
23031,sectioned,sectioned_modern
23032,sectioned,sectioned_modern
23033,sectioned,sectioned_modern
23034,sectioned,sectioned_modern
23035,sectioned,sectioned_modern
23036,sectioned,sectioned_modern
23037,sectioned,sectioned_modern
23038,sectioned,sectioned_modern
23039,sectioned,sectioned_modern
23041,sectioned,sectioned_modern
23042,sectioned,sectioned_modern
23044,sectioned,sectioned_modern
23045,sectioned,sectioned_modern
23046,sectioned,sectioned_modern
23048,sectioned,sectioned_modern
23050,sectioned,sectioned_modern
23051,sectioned,sectioned_modern
23053,sectioned,sectioned_modern
23055,sectioned,sectioned_modern
23058,sectioned,sectioned_modern
23059,sectioned,sectioned_modern
23060,sectioned,sectioned_modern
23062,sectioned,sectioned_modern
23063,sectioned,sectioned_modern
23064,sectioned,sectioned_modern
23065,sectioned,sectioned_modern
23066,sectioned,sectioned_modern
23067,sectioned,sectioned_modern
23068,sectioned,sectioned_modern
23069,sectioned,sectioned_modern
23071,sectioned,sectioned_modern
23072,sectioned,sectioned_modern
23073,sectioned,sectioned_modern
23074,sectioned,sectioned_modern
23075,sectioned,sectioned_modern
23076,sectioned,sectioned_modern
23077,sectioned,sectioned_modern
23078,sectioned,sectioned_modern
23079,sectioned,sectioned_modern
23080,sectioned,sectioned_modern
23081,sectioned,sectioned_modern
23082,sectioned,sectioned_modern
23083,sectioned,sectioned_modern
23084,sectioned,sectioned_modern
23085,sectioned,sectioned_modern
23086,sectioned,sectioned_modern
23087,sectioned,sectioned_modern
23088,sectioned,sectioned_modern
23089,sectioned,sectioned_modern
23090,sectioned,sectioned_modern
23091,sectioned,sectioned_modern
23092,sectioned,sectioned_modern
23093,sectioned,sectioned_modern
23094,sectioned,sectioned_modern
23095,sectioned,sectioned_modern
23096,sectioned,sectioned_modern
23097,sectioned,sectioned_modern
23099,sectioned,sectioned_modern
23101,sectioned,sectioned_modern
23102,sectioned,sectioned_modern
23103,sectioned,sectioned_modern
23104,sectioned,sectioned_modern
23105,sectioned,sectioned_modern
23106,sectioned,sectioned_modern
23107,sectioned,sectioned_modern
23108,sectioned,sectioned_modern
23109,sectioned,sectioned_modern
23110,sectioned,sectioned_modern
23111,sectioned,sectioned_modern
23112,sectioned,sectioned_modern
23113,sectioned,sectioned_modern
23114,sectioned,sectioned_modern
23115,sectioned,sectioned_modern
23116,sectioned,sectioned_modern
23130,sectioned,sectioned_modern
23131,sectioned,sectioned_modern
23132,sectioned,sectioned_modern
23133,sectioned,sectioned_modern
23134,sectioned,sectioned_modern
23135,sectioned,sectioned_modern
23136,sectioned,sectioned_modern
23139,sectioned,sectioned_modern
23140,sectioned,sectioned_modern
23141,sectioned,sectioned_modern
23142,sectioned,sectioned_modern
23144,sectioned,sectioned_modern
23145,sectioned,sectioned_modern
23146,sectioned,sectioned_modern
23147,sectioned,sectioned_modern
23148,sectioned,sectioned_modern
23149,sectioned,sectioned_modern
23150,sectioned,sectioned_modern
23152,sectioned,sectioned_modern
23154,sectioned,sectioned_modern
23155,sectioned,sectioned_modern
23156,sectioned,sectioned_modern
23157,sectioned,sectioned_modern
23158,sectioned,sectioned_modern
23159,sectioned,sectioned_modern
23160,sectioned,sectioned_modern
23161,sectioned,sectioned_modern
23162,sectioned,sectioned_modern
23163,sectioned,sectioned_modern
23164,sectioned,sectioned_modern
23165,sectioned,sectioned_modern
23166,sectioned,sectioned_modern
23168,sectioned,sectioned_modern
23169,sectioned,sectioned_modern
23171,sectioned,sectioned_modern
23172,sectioned,sectioned_modern
23173,sectioned,sectioned_modern
23174,sectioned,sectioned_modern
23176,sectioned,sectioned_modern
23177,sectioned,sectioned_modern
23178,sectioned,sectioned_modern
23179,sectioned,sectioned_modern
23180,sectioned,sectioned_modern
23181,sectioned,sectioned_modern
23182,sectioned,sectioned_modern
23183,sectioned,sectioned_modern
23184,sectioned,sectioned_modern
23185,sectioned,sectioned_modern
23186,sectioned,sectioned_modern
23187,sectioned,sectioned_modern
23188,sectioned,sectioned_modern
23189,sectioned,sectioned_modern
23190,sectioned,sectioned_modern
23191,sectioned,sectioned_modern
23192,sectioned,sectioned_modern
23193,sectioned,sectioned_modern
23194,sectioned,sectioned_modern
23195,sectioned,sectioned_modern
23196,sectioned,sectioned_modern
23197,sectioned,sectioned_modern
23198,sectioned,sectioned_modern
23199,sectioned,sectioned_modern
23200,sectioned,sectioned_modern
23201,sectioned,sectioned_modern
23202,sectioned,sectioned_modern
23203,sectioned,sectioned_modern
23204,sectioned,sectioned_modern
23205,sectioned,sectioned_modern
23206,sectioned,sectioned_modern
23207,sectioned,sectioned_modern
23208,sectioned,sectioned_modern
23209,sectioned,sectioned_modern
23212,sectioned,sectioned_modern
23214,sectioned,sectioned_modern
23215,sectioned,sectioned_modern
23217,sectioned,sectioned_modern
23218,sectioned,sectioned_modern
23220,sectioned,sectioned_modern
23221,sectioned,sectioned_modern
23222,sectioned,sectioned_modern
23223,sectioned,sectioned_modern
23225,sectioned,sectioned_modern
23226,sectioned,sectioned_modern
23227,sectioned,sectioned_modern
23229,sectioned,sectioned_modern
23230,sectioned,sectioned_modern
23232,sectioned,sectioned_modern
23233,sectioned,sectioned_modern
23234,sectioned,sectioned_modern
23237,sectioned,sectioned_modern
23238,sectioned,sectioned_modern
23240,sectioned,sectioned_modern
23241,sectioned,sectioned_modern
23243,sectioned,sectioned_modern
23244,sectioned,sectioned_modern
23245,sectioned,sectioned_modern
23246,sectioned,sectioned_modern
23247,sectioned,sectioned_modern
23249,sectioned,sectioned_modern
23250,sectioned,sectioned_modern
23252,sectioned,sectioned_modern
23253,sectioned,sectioned_modern
23254,sectioned,sectioned_modern
23255,sectioned,sectioned_modern
23256,sectioned,sectioned_modern
23257,sectioned,sectioned_modern
23258,sectioned,sectioned_modern
23259,sectioned,sectioned_modern
23260,sectioned,sectioned_modern
23261,sectioned,sectioned_modern
23263,sectioned,sectioned_modern
23264,sectioned,sectioned_modern
23265,sectioned,sectioned_modern
23266,sectioned,sectioned_modern
23267,sectioned,sectioned_modern
23269,sectioned,sectioned_modern
23270,sectioned,sectioned_modern
23271,sectioned,sectioned_modern
23272,sectioned,sectioned_modern
23273,sectioned,sectioned_modern
23274,sectioned,sectioned_modern
23275,sectioned,sectioned_modern
23276,sectioned,sectioned_modern
23277,sectioned,sectioned_modern
23279,sectioned,sectioned_modern
23280,sectioned,sectioned_modern
23281,sectioned,sectioned_modern
23282,sectioned,sectioned_modern
23283,sectioned,sectioned_modern
23284,sectioned,sectioned_modern
23285,sectioned,sectioned_modern
23286,sectioned,sectioned_modern
23287,sectioned,sectioned_modern
23288,sectioned,sectioned_modern
23289,sectioned,sectioned_modern
23290,sectioned,sectioned_modern
23291,sectioned,sectioned_modern
23292,sectioned,sectioned_modern
23293,sectioned,sectioned_modern
23295,sectioned,sectioned_modern
23297,sectioned,sectioned_modern
23298,sectioned,sectioned_modern
23299,sectioned,sectioned_modern
23300,sectioned,sectioned_modern
23301,sectioned,sectioned_modern
23302,sectioned,sectioned_modern
23303,sectioned,sectioned_modern
23304,sectioned,sectioned_modern
23305,sectioned,sectioned_modern
23306,sectioned,sectioned_modern
23307,sectioned,sectioned_modern
23308,sectioned,sectioned_modern
23309,sectioned,sectioned_modern
23310,sectioned,sectioned_modern
23311,sectioned,sectioned_modern
23312,sectioned,sectioned_modern
23313,sectioned,sectioned_modern
23314,sectioned,sectioned_modern
23316,sectioned,sectioned_modern
23317,sectioned,sectioned_modern
23320,sectioned,sectioned_modern
23321,sectioned,sectioned_modern
23322,sectioned,sectioned_modern
23323,sectioned,sectioned_modern
23325,sectioned,sectioned_modern
23326,sectioned,sectioned_modern
23327,sectioned,sectioned_modern
23330,sectioned,sectioned_modern
23331,sectioned,sectioned_modern
23333,sectioned,sectioned_modern
23334,sectioned,sectioned_modern
23335,sectioned,sectioned_modern
23336,sectioned,sectioned_modern
23337,sectioned,sectioned_modern
23338,sectioned,sectioned_modern
23339,sectioned,sectioned_modern
23340,sectioned,sectioned_modern
23341,sectioned,sectioned_modern
23342,sectioned,sectioned_modern
23343,sectioned,sectioned_modern
23344,sectioned,sectioned_modern
23345,sectioned,sectioned_modern
23346,sectioned,sectioned_modern
23348,sectioned,sectioned_modern
23349,sectioned,sectioned_modern
23350,sectioned,sectioned_modern
23351,sectioned,sectioned_modern
23352,sectioned,sectioned_modern
23353,sectioned,sectioned_modern
23354,sectioned,sectioned_modern
23355,sectioned,sectioned_modern
23356,sectioned,sectioned_modern
23357,sectioned,sectioned_modern
23358,sectioned,sectioned_modern
23359,sectioned,sectioned_modern
23362,sectioned,sectioned_modern
23363,sectioned,sectioned_modern
23364,sectioned,sectioned_modern
23365,sectioned,sectioned_modern
23366,sectioned,sectioned_modern
23367,sectioned,sectioned_modern
23368,sectioned,sectioned_modern
23369,sectioned,sectioned_modern
23370,sectioned,sectioned_modern
23371,sectioned,sectioned_modern
23372,sectioned,sectioned_modern
23373,sectioned,sectioned_modern
23374,sectioned,sectioned_modern
23375,sectioned,sectioned_modern
23376,sectioned,sectioned_modern
23380,sectioned,sectioned_modern
23381,sectioned,sectioned_modern
23382,sectioned,sectioned_modern
23383,sectioned,sectioned_modern
23384,sectioned,sectioned_modern
23385,sectioned,sectioned_modern
23386,sectioned,sectioned_modern
23387,sectioned,sectioned_modern
23388,sectioned,sectioned_modern
23389,sectioned,sectioned_modern
23390,sectioned,sectioned_modern
23391,sectioned,sectioned_modern
23392,sectioned,sectioned_modern
23393,sectioned,sectioned_modern
23394,sectioned,sectioned_modern
23395,sectioned,sectioned_modern
23396,sectioned,sectioned_modern
23397,sectioned,sectioned_modern
23398,sectioned,sectioned_modern
23399,sectioned,sectioned_modern
23400,sectioned,sectioned_modern
23401,sectioned,sectioned_modern
23402,sectioned,sectioned_modern
23403,sectioned,sectioned_modern
23404,sectioned,sectioned_modern
23405,sectioned,sectioned_modern
23406,sectioned,sectioned_modern
23407,sectioned,sectioned_modern
23408,sectioned,sectioned_modern
23409,sectioned,sectioned_modern
23410,sectioned,sectioned_modern
23411,sectioned,sectioned_modern
23412,sectioned,sectioned_modern
23413,sectioned,sectioned_modern
23414,sectioned,sectioned_modern
23415,sectioned,sectioned_modern
23416,sectioned,sectioned_modern
23417,sectioned,sectioned_modern
23418,sectioned,sectioned_modern
23420,sectioned,sectioned_modern
23423,sectioned,sectioned_modern
23424,sectioned,sectioned_modern
23425,sectioned,sectioned_modern
23426,sectioned,sectioned_modern
23427,sectioned,sectioned_modern
23428,sectioned,sectioned_modern
23429,sectioned,sectioned_modern
23431,sectioned,sectioned_modern
23432,sectioned,sectioned_modern
23433,sectioned,sectioned_modern
23434,sectioned,sectioned_modern
23435,sectioned,sectioned_modern
23436,sectioned,sectioned_modern
23437,sectioned,sectioned_modern
23438,sectioned,sectioned_modern
23440,sectioned,sectioned_modern
23441,sectioned,sectioned_modern
23442,sectioned,sectioned_modern
23443,sectioned,sectioned_modern
23444,sectioned,sectioned_modern
23446,sectioned,sectioned_modern
23447,sectioned,sectioned_modern
23448,sectioned,sectioned_modern
23449,sectioned,sectioned_modern
23450,sectioned,sectioned_modern
23451,sectioned,sectioned_modern
23452,sectioned,sectioned_modern
23453,sectioned,sectioned_modern
23454,sectioned,sectioned_modern
23455,sectioned,sectioned_modern
23456,sectioned,sectioned_modern
23457,sectioned,sectioned_modern
23458,sectioned,sectioned_modern
23459,sectioned,sectioned_modern
23460,sectioned,sectioned_modern
23461,sectioned,sectioned_modern
23464,sectioned,sectioned_modern
23465,sectioned,sectioned_modern
23466,sectioned,sectioned_modern
23467,sectioned,sectioned_modern
23468,sectioned,sectioned_modern
23469,sectioned,sectioned_modern
23470,sectioned,sectioned_modern
23471,sectioned,sectioned_modern
23472,sectioned,sectioned_modern
23473,sectioned,sectioned_modern
23474,sectioned,sectioned_modern
23476,sectioned,sectioned_modern
23477,sectioned,sectioned_modern
23478,sectioned,sectioned_modern
23479,sectioned,sectioned_modern
23480,sectioned,sectioned_modern
23481,sectioned,sectioned_modern
23482,sectioned,sectioned_modern
23483,sectioned,sectioned_modern
23484,sectioned,sectioned_modern
23485,sectioned,sectioned_modern
23486,sectioned,sectioned_modern
23487,sectioned,sectioned_modern
23488,sectioned,sectioned_modern
23489,sectioned,sectioned_modern
23491,sectioned,sectioned_modern
23492,sectioned,sectioned_modern
23493,sectioned,sectioned_modern
23494,sectioned,sectioned_modern
23495,sectioned,sectioned_modern
23496,sectioned,sectioned_modern
23497,sectioned,sectioned_modern
23498,sectioned,sectioned_modern
23499,sectioned,sectioned_modern
23505,sectioned,sectioned_modern
23506,sectioned,sectioned_modern
23507,sectioned,sectioned_modern
23508,sectioned,sectioned_modern
23509,sectioned,sectioned_modern
23510,sectioned,sectioned_modern
23511,sectioned,sectioned_modern
23513,sectioned,sectioned_modern
23514,sectioned,sectioned_modern
23515,sectioned,sectioned_modern
23517,sectioned,sectioned_modern
23518,sectioned,sectioned_modern
23519,sectioned,sectioned_modern
23520,sectioned,sectioned_modern
23521,sectioned,sectioned_modern
23522,sectioned,sectioned_modern
23524,sectioned,sectioned_modern
23525,sectioned,sectioned_modern
23526,sectioned,sectioned_modern
23527,sectioned,sectioned_modern
23528,sectioned,sectioned_modern
23529,sectioned,sectioned_modern
23530,sectioned,sectioned_modern
23531,sectioned,sectioned_modern
23532,sectioned,sectioned_modern
23533,sectioned,sectioned_modern
23536,sectioned,sectioned_modern
23537,sectioned,sectioned_modern
23538,sectioned,sectioned_modern
23539,sectioned,sectioned_modern
23541,sectioned,sectioned_modern
23543,sectioned,sectioned_modern
23544,sectioned,sectioned_modern
23545,sectioned,sectioned_modern
23546,sectioned,sectioned_modern
23547,sectioned,sectioned_modern
23551,sectioned,sectioned_modern
23552,sectioned,sectioned_modern
23553,sectioned,sectioned_modern
23554,sectioned,sectioned_modern
23555,sectioned,sectioned_modern
23556,sectioned,sectioned_modern
23557,sectioned,sectioned_modern
23558,sectioned,sectioned_modern
23559,sectioned,sectioned_modern
23560,sectioned,sectioned_modern
23561,sectioned,sectioned_modern
23562,sectioned,sectioned_modern
23563,sectioned,sectioned_modern
23564,sectioned,sectioned_modern
23565,sectioned,sectioned_modern
23566,sectioned,sectioned_modern
23568,sectioned,sectioned_modern
23569,sectioned,sectioned_modern
23570,sectioned,sectioned_modern
23572,sectioned,sectioned_modern
23573,sectioned,sectioned_modern
23575,sectioned,sectioned_modern
23576,sectioned,sectioned_modern
23577,sectioned,sectioned_modern
23578,sectioned,sectioned_modern
23580,sectioned,sectioned_modern
23581,sectioned,sectioned_modern
23582,sectioned,sectioned_modern
23583,sectioned,sectioned_modern
23584,sectioned,sectioned_modern
23606,sectioned,sectioned_modern
23607,sectioned,sectioned_modern
23608,sectioned,sectioned_modern
23609,sectioned,sectioned_modern
23610,sectioned,sectioned_modern
23612,sectioned,sectioned_modern
23613,sectioned,sectioned_modern
23614,sectioned,sectioned_modern
23615,sectioned,sectioned_modern
23616,sectioned,sectioned_modern
23617,sectioned,sectioned_modern
23618,sectioned,sectioned_modern
23619,sectioned,sectioned_modern
23620,sectioned,sectioned_modern
23621,sectioned,sectioned_modern
23622,sectioned,sectioned_modern
23623,sectioned,sectioned_modern
23625,sectioned,sectioned_modern
23626,sectioned,sectioned_modern
23627,sectioned,sectioned_modern
23628,sectioned,sectioned_modern
23629,sectioned,sectioned_modern
23630,sectioned,sectioned_modern
23631,sectioned,sectioned_modern
23632,sectioned,sectioned_modern
23633,sectioned,sectioned_modern
23634,sectioned,sectioned_modern
23635,sectioned,sectioned_modern
23637,sectioned,sectioned_modern
23638,sectioned,sectioned_modern
23639,sectioned,sectioned_modern
23640,sectioned,sectioned_modern
23641,sectioned,sectioned_modern
23642,sectioned,sectioned_modern
23643,sectioned,sectioned_modern
23644,sectioned,sectioned_modern
23645,sectioned,sectioned_modern
23646,sectioned,sectioned_modern
23647,sectioned,sectioned_modern
23648,sectioned,sectioned_modern
23649,sectioned,sectioned_modern
23651,sectioned,sectioned_modern
23652,sectioned,sectioned_modern
23653,sectioned,sectioned_modern
23655,sectioned,sectioned_modern
23656,sectioned,sectioned_modern
23657,sectioned,sectioned_modern
23658,sectioned,sectioned_modern
23659,sectioned,sectioned_modern
23660,sectioned,sectioned_modern
23661,sectioned,sectioned_modern
23662,sectioned,sectioned_modern
23663,sectioned,sectioned_modern
23664,sectioned,sectioned_modern
23665,sectioned,sectioned_modern
23666,sectioned,sectioned_modern
23667,sectioned,sectioned_modern
23668,sectioned,sectioned_modern
23669,sectioned,sectioned_modern
23671,sectioned,sectioned_modern
23672,sectioned,sectioned_modern
23674,sectioned,sectioned_modern
23675,sectioned,sectioned_modern
23676,sectioned,sectioned_modern
23677,sectioned,sectioned_modern
23678,sectioned,sectioned_modern
23679,sectioned,sectioned_modern
23681,sectioned,sectioned_modern
23682,sectioned,sectioned_modern
23683,sectioned,sectioned_modern
23684,sectioned,sectioned_modern
23686,sectioned,sectioned_modern
23687,sectioned,sectioned_modern
23688,sectioned,sectioned_modern
23690,sectioned,sectioned_modern
23691,sectioned,sectioned_modern
23692,sectioned,sectioned_modern
23693,sectioned,sectioned_modern
23694,sectioned,sectioned_modern
23695,sectioned,sectioned_modern
23696,sectioned,sectioned_modern
23697,sectioned,sectioned_modern
23698,sectioned,sectioned_modern
23699,sectioned,sectioned_modern
23700,sectioned,sectioned_modern
23701,sectioned,sectioned_modern
23702,sectioned,sectioned_modern
23703,sectioned,sectioned_modern
23705,sectioned,sectioned_modern
23706,sectioned,sectioned_modern
23707,sectioned,sectioned_modern
23708,sectioned,sectioned_modern
23709,sectioned,sectioned_modern
23710,sectioned,sectioned_modern
23711,sectioned,sectioned_modern
23712,sectioned,sectioned_modern
23713,sectioned,sectioned_modern
23714,sectioned,sectioned_modern
23715,sectioned,sectioned_modern
23718,sectioned,sectioned_modern
23719,sectioned,sectioned_modern
23720,sectioned,sectioned_modern
23721,sectioned,sectioned_modern
23722,sectioned,sectioned_modern
23723,sectioned,sectioned_modern
23724,sectioned,sectioned_modern
23725,sectioned,sectioned_modern
23726,sectioned,sectioned_modern
23727,sectioned,sectioned_modern
23728,sectioned,sectioned_modern
23729,sectioned,sectioned_modern
23730,sectioned,sectioned_modern
23731,sectioned,sectioned_modern
23732,sectioned,sectioned_modern
23733,sectioned,sectioned_modern
23734,sectioned,sectioned_modern
23735,sectioned,sectioned_modern
23736,sectioned,sectioned_modern
23737,sectioned,sectioned_modern
23738,sectioned,sectioned_modern
23740,sectioned,sectioned_modern
23741,sectioned,sectioned_modern
23742,sectioned,sectioned_modern
23743,sectioned,sectioned_modern
23744,sectioned,sectioned_modern
23745,sectioned,sectioned_modern
23746,sectioned,sectioned_modern
23747,sectioned,sectioned_modern
23748,sectioned,sectioned_modern
23749,sectioned,sectioned_modern
23750,sectioned,sectioned_modern
23751,sectioned,sectioned_modern
23752,sectioned,sectioned_modern
23753,sectioned,sectioned_modern
23755,sectioned,sectioned_modern
23756,sectioned,sectioned_modern
23757,sectioned,sectioned_modern
23758,sectioned,sectioned_modern
23759,sectioned,sectioned_modern
23760,sectioned,sectioned_modern
23761,sectioned,sectioned_modern
23762,sectioned,sectioned_modern
23763,sectioned,sectioned_modern
23764,sectioned,sectioned_modern
23765,sectioned,sectioned_modern
23766,sectioned,sectioned_modern
23767,sectioned,sectioned_modern
23768,sectioned,sectioned_modern
23769,sectioned,sectioned_modern
23770,sectioned,sectioned_modern
23772,sectioned,sectioned_modern
23776,sectioned,sectioned_modern
23777,sectioned,sectioned_modern
23778,sectioned,sectioned_modern
23779,sectioned,sectioned_modern
23780,sectioned,sectioned_modern
23781,sectioned,sectioned_modern
23783,sectioned,sectioned_modern
23784,sectioned,sectioned_modern
23785,sectioned,sectioned_modern
23786,sectioned,sectioned_modern
23787,sectioned,sectioned_modern
23789,sectioned,sectioned_modern
23790,sectioned,sectioned_modern
23791,sectioned,sectioned_modern
23792,sectioned,sectioned_modern
23793,sectioned,sectioned_modern
23795,sectioned,sectioned_modern
23796,sectioned,sectioned_modern
23797,sectioned,sectioned_modern
23798,sectioned,sectioned_modern
23799,sectioned,sectioned_modern
23800,sectioned,sectioned_modern
23801,sectioned,sectioned_modern
23802,sectioned,sectioned_modern
23804,sectioned,sectioned_modern
23805,sectioned,sectioned_modern
23809,sectioned,sectioned_modern
23810,sectioned,sectioned_modern
23811,sectioned,sectioned_modern
23812,sectioned,sectioned_modern
23814,sectioned,sectioned_modern
23815,sectioned,sectioned_modern
23816,sectioned,sectioned_modern
23817,sectioned,sectioned_modern
23818,sectioned,sectioned_modern
23819,sectioned,sectioned_modern
23820,sectioned,sectioned_modern
23821,sectioned,sectioned_modern
23822,sectioned,sectioned_modern
23823,sectioned,sectioned_modern
23824,sectioned,sectioned_modern
23825,sectioned,sectioned_modern
23826,sectioned,sectioned_modern
23827,sectioned,sectioned_modern
23828,sectioned,sectioned_modern
23829,sectioned,sectioned_modern
23831,sectioned,sectioned_modern
23832,sectioned,sectioned_modern
23833,sectioned,sectioned_modern
23834,sectioned,sectioned_modern
23836,sectioned,sectioned_modern
23837,sectioned,sectioned_modern
23838,sectioned,sectioned_modern
23839,sectioned,sectioned_modern
23840,sectioned,sectioned_modern
23841,sectioned,sectioned_modern
23842,sectioned,sectioned_modern
23843,sectioned,sectioned_modern
23844,sectioned,sectioned_modern
23848,sectioned,sectioned_modern
23850,sectioned,sectioned_modern
23852,sectioned,sectioned_modern
23853,sectioned,sectioned_modern
23854,sectioned,sectioned_modern
23856,sectioned,sectioned_modern
23857,sectioned,sectioned_modern
23859,sectioned,sectioned_modern
23861,sectioned,sectioned_modern
23863,sectioned,sectioned_modern
23865,sectioned,sectioned_modern
23866,sectioned,sectioned_modern
23867,sectioned,sectioned_modern
23868,sectioned,sectioned_modern
23869,sectioned,sectioned_modern
23871,sectioned,sectioned_modern
23872,sectioned,sectioned_modern
23874,sectioned,sectioned_modern
23875,sectioned,sectioned_modern
23876,sectioned,sectioned_modern
23877,sectioned,sectioned_modern
23878,sectioned,sectioned_modern
23879,sectioned,sectioned_modern
23880,sectioned,sectioned_modern
23881,sectioned,sectioned_modern
23882,sectioned,sectioned_modern
23883,sectioned,sectioned_modern
23884,sectioned,sectioned_modern
23885,sectioned,sectioned_modern
23886,sectioned,sectioned_modern
23887,sectioned,sectioned_modern
23888,sectioned,sectioned_modern
23889,sectioned,sectioned_modern
23890,sectioned,sectioned_modern
23891,sectioned,sectioned_modern
23892,sectioned,sectioned_modern
23893,sectioned,sectioned_modern
23894,sectioned,sectioned_modern
23895,sectioned,sectioned_modern
23896,sectioned,sectioned_modern
23897,sectioned,sectioned_modern
23899,sectioned,sectioned_modern
23900,sectioned,sectioned_modern
23901,sectioned,sectioned_modern
23903,sectioned,sectioned_modern
23904,sectioned,sectioned_modern
23905,sectioned,sectioned_modern
23906,sectioned,sectioned_modern
23907,sectioned,sectioned_modern
23908,sectioned,sectioned_modern
23909,sectioned,sectioned_modern
23910,sectioned,sectioned_modern
23913,sectioned,sectioned_modern
23914,sectioned,sectioned_modern
23915,sectioned,sectioned_modern
23916,sectioned,sectioned_modern
23917,sectioned,sectioned_modern
23918,sectioned,sectioned_modern
23919,sectioned,sectioned_modern
23920,sectioned,sectioned_modern
23921,sectioned,sectioned_modern
23922,sectioned,sectioned_modern
23923,sectioned,sectioned_modern
23924,sectioned,sectioned_modern
23925,sectioned,sectioned_modern
23926,sectioned,sectioned_modern
23928,sectioned,sectioned_modern
23929,sectioned,sectioned_modern
23930,sectioned,sectioned_modern
23931,sectioned,sectioned_modern
23932,sectioned,sectioned_modern
23933,sectioned,sectioned_modern
23934,sectioned,sectioned_modern
23935,sectioned,sectioned_modern
23936,sectioned,sectioned_modern
23937,sectioned,sectioned_modern
23939,sectioned,sectioned_modern
23940,sectioned,sectioned_modern
23941,sectioned,sectioned_modern
23942,sectioned,sectioned_modern
23943,sectioned,sectioned_modern
23945,sectioned,sectioned_modern
23946,sectioned,sectioned_modern
23947,sectioned,sectioned_modern
23948,sectioned,sectioned_modern
23949,sectioned,sectioned_modern
23950,sectioned,sectioned_modern
23951,sectioned,sectioned_modern
23952,sectioned,sectioned_modern
23953,sectioned,sectioned_modern
23954,sectioned,sectioned_modern
23955,sectioned,sectioned_modern
23956,sectioned,sectioned_modern
23957,sectioned,sectioned_modern
23958,sectioned,sectioned_modern
23959,sectioned,sectioned_modern
23960,sectioned,sectioned_modern
23961,sectioned,sectioned_modern
23962,sectioned,sectioned_modern
23963,sectioned,sectioned_modern
23964,sectioned,sectioned_modern
23965,sectioned,sectioned_modern
23966,sectioned,sectioned_modern
23967,sectioned,sectioned_modern
23968,sectioned,sectioned_modern
23969,sectioned,sectioned_modern
23971,sectioned,sectioned_modern
23972,sectioned,sectioned_modern
23973,sectioned,sectioned_modern
23974,sectioned,sectioned_modern
23975,sectioned,sectioned_modern
23976,sectioned,sectioned_modern
23977,sectioned,sectioned_modern
23978,sectioned,sectioned_modern
23979,sectioned,sectioned_modern
23980,sectioned,sectioned_modern
23981,sectioned,sectioned_modern
23982,sectioned,sectioned_modern
23983,sectioned,sectioned_modern
23984,sectioned,sectioned_modern
23985,sectioned,sectioned_modern
23988,sectioned,sectioned_modern
23990,sectioned,sectioned_modern
23991,sectioned,sectioned_modern
23992,sectioned,sectioned_modern
23995,sectioned,sectioned_modern
23996,sectioned,sectioned_modern
23997,sectioned,sectioned_modern
23998,sectioned,sectioned_modern
23999,sectioned,sectioned_modern
24000,sectioned,sectioned_modern
24001,sectioned,sectioned_modern
24002,sectioned,sectioned_modern
24003,sectioned,sectioned_modern
24005,sectioned,sectioned_modern
24006,sectioned,sectioned_modern
24007,sectioned,sectioned_modern
24008,sectioned,sectioned_modern
24009,sectioned,sectioned_modern
24010,sectioned,sectioned_modern
24011,sectioned,sectioned_modern
24012,sectioned,sectioned_modern
24013,sectioned,sectioned_modern
24014,sectioned,sectioned_modern
24015,sectioned,sectioned_modern
24016,sectioned,sectioned_modern
24017,sectioned,sectioned_modern
24019,sectioned,sectioned_modern
24020,sectioned,sectioned_modern
24021,sectioned,sectioned_modern
24022,sectioned,sectioned_modern
24023,sectioned,sectioned_modern
24024,sectioned,sectioned_modern
24025,sectioned,sectioned_modern
24026,sectioned,sectioned_modern
24027,sectioned,sectioned_modern
24028,sectioned,sectioned_modern
24029,sectioned,sectioned_modern
24030,sectioned,sectioned_modern
24031,sectioned,sectioned_modern
24032,sectioned,sectioned_modern
24033,sectioned,sectioned_modern
24034,sectioned,sectioned_modern
24035,sectioned,sectioned_modern
24036,sectioned,sectioned_modern
24037,sectioned,sectioned_modern
24038,sectioned,sectioned_modern
24039,sectioned,sectioned_modern
24040,sectioned,sectioned_modern
24041,sectioned,sectioned_modern
24042,sectioned,sectioned_modern
24043,sectioned,sectioned_modern
24044,sectioned,sectioned_modern
24049,sectioned,sectioned_modern
24050,sectioned,sectioned_modern
24051,sectioned,sectioned_modern
24052,sectioned,sectioned_modern
24053,sectioned,sectioned_modern
24054,sectioned,sectioned_modern
24057,sectioned,sectioned_modern
24058,sectioned,sectioned_modern
24059,sectioned,sectioned_modern
24060,sectioned,sectioned_modern
24061,sectioned,sectioned_modern
24062,sectioned,sectioned_modern
24063,sectioned,sectioned_modern
24064,sectioned,sectioned_modern
24065,sectioned,sectioned_modern
24066,sectioned,sectioned_modern
24067,sectioned,sectioned_modern
24068,sectioned,sectioned_modern
24069,sectioned,sectioned_modern
24070,sectioned,sectioned_modern
24071,sectioned,sectioned_modern
24072,sectioned,sectioned_modern
24073,sectioned,sectioned_modern
24075,sectioned,sectioned_modern
24076,sectioned,sectioned_modern
24078,sectioned,sectioned_modern
24079,sectioned,sectioned_modern
24080,sectioned,sectioned_modern
24081,sectioned,sectioned_modern
24082,sectioned,sectioned_modern
24083,sectioned,sectioned_modern
24084,sectioned,sectioned_modern
24085,sectioned,sectioned_modern
24086,sectioned,sectioned_modern
24087,sectioned,sectioned_modern
24088,sectioned,sectioned_modern
24090,sectioned,sectioned_modern
24091,sectioned,sectioned_modern
24092,sectioned,sectioned_modern
24093,sectioned,sectioned_modern
24094,sectioned,sectioned_modern
24095,sectioned,sectioned_modern
24097,sectioned,sectioned_modern
24098,sectioned,sectioned_modern
24099,sectioned,sectioned_modern
24100,sectioned,sectioned_modern
24101,sectioned,sectioned_modern
24102,sectioned,sectioned_modern
24107,sectioned,sectioned_modern
24108,sectioned,sectioned_modern
24109,sectioned,sectioned_modern
24110,sectioned,sectioned_modern
24111,sectioned,sectioned_modern
24112,sectioned,sectioned_modern
24113,sectioned,sectioned_modern
24114,sectioned,sectioned_modern
24115,sectioned,sectioned_modern
24116,sectioned,sectioned_modern
24117,sectioned,sectioned_modern
24118,sectioned,sectioned_modern
24119,sectioned,sectioned_modern
24120,sectioned,sectioned_modern
24121,sectioned,sectioned_modern
24122,sectioned,sectioned_modern
24123,sectioned,sectioned_modern
24124,sectioned,sectioned_modern
24125,sectioned,sectioned_modern
24126,sectioned,sectioned_modern
24128,sectioned,sectioned_modern
24129,sectioned,sectioned_modern
24130,sectioned,sectioned_modern
24131,sectioned,sectioned_modern
24132,sectioned,sectioned_modern
24134,sectioned,sectioned_modern
24135,sectioned,sectioned_modern
24137,sectioned,sectioned_modern
24138,sectioned,sectioned_modern
24139,sectioned,sectioned_modern
24140,sectioned,sectioned_modern
24141,sectioned,sectioned_modern
24142,sectioned,sectioned_modern
24143,sectioned,sectioned_modern
24144,sectioned,sectioned_modern
24145,sectioned,sectioned_modern
24146,sectioned,sectioned_modern
24147,sectioned,sectioned_modern
24148,sectioned,sectioned_modern
24150,sectioned,sectioned_modern
24151,sectioned,sectioned_modern
24152,sectioned,sectioned_modern
24153,sectioned,sectioned_modern
24155,sectioned,sectioned_modern
24158,sectioned,sectioned_modern
24159,sectioned,sectioned_modern
24160,sectioned,sectioned_modern
24161,sectioned,sectioned_modern
24162,sectioned,sectioned_modern
24163,sectioned,sectioned_modern
24164,sectioned,sectioned_modern
24165,sectioned,sectioned_modern
24166,sectioned,sectioned_modern
24167,sectioned,sectioned_modern
24168,sectioned,sectioned_modern
24169,sectioned,sectioned_modern
24171,sectioned,sectioned_modern
24172,sectioned,sectioned_modern
24174,sectioned,sectioned_modern
24175,sectioned,sectioned_modern
24176,sectioned,sectioned_modern
24177,sectioned,sectioned_modern
24178,sectioned,sectioned_modern
24179,sectioned,sectioned_modern
24180,sectioned,sectioned_modern
24182,sectioned,sectioned_modern
24183,sectioned,sectioned_modern
24184,sectioned,sectioned_modern
24186,sectioned,sectioned_modern
24190,sectioned,sectioned_modern
24191,sectioned,sectioned_modern
24192,sectioned,sectioned_modern
24193,sectioned,sectioned_modern
24194,sectioned,sectioned_modern
24195,sectioned,sectioned_modern
24196,sectioned,sectioned_modern
24197,sectioned,sectioned_modern
24198,sectioned,sectioned_modern
24199,sectioned,sectioned_modern
24200,sectioned,sectioned_modern
24201,sectioned,sectioned_modern
24202,sectioned,sectioned_modern
24203,sectioned,sectioned_modern
24204,sectioned,sectioned_modern
24205,sectioned,sectioned_modern
24206,sectioned,sectioned_modern
24207,sectioned,sectioned_modern
24208,sectioned,sectioned_modern
24209,sectioned,sectioned_modern
24210,sectioned,sectioned_modern
24211,sectioned,sectioned_modern
24214,sectioned,sectioned_modern
24215,sectioned,sectioned_modern
24216,sectioned,sectioned_modern
24217,sectioned,sectioned_modern
24218,sectioned,sectioned_modern
24219,sectioned,sectioned_modern
24221,sectioned,sectioned_modern
24222,sectioned,sectioned_modern
24223,sectioned,sectioned_modern
24225,sectioned,sectioned_modern
24226,sectioned,sectioned_modern
24227,sectioned,sectioned_modern
24228,sectioned,sectioned_modern
24229,sectioned,sectioned_modern
24230,sectioned,sectioned_modern
24231,sectioned,sectioned_modern
24232,sectioned,sectioned_modern
24233,sectioned,sectioned_modern
24234,sectioned,sectioned_modern
24235,sectioned,sectioned_modern
24237,sectioned,sectioned_modern
24238,sectioned,sectioned_modern
24239,sectioned,sectioned_modern
24240,sectioned,sectioned_modern
24241,sectioned,sectioned_modern
24243,sectioned,sectioned_modern
24244,sectioned,sectioned_modern
24245,sectioned,sectioned_modern
24246,sectioned,sectioned_modern
24247,sectioned,sectioned_modern
24249,sectioned,sectioned_modern
24250,sectioned,sectioned_modern
24251,sectioned,sectioned_modern
24252,sectioned,sectioned_modern
24253,sectioned,sectioned_modern
24254,sectioned,sectioned_modern
24255,sectioned,sectioned_modern
24256,sectioned,sectioned_modern
24257,sectioned,sectioned_modern
24258,sectioned,sectioned_modern
24259,sectioned,sectioned_modern
24260,sectioned,sectioned_modern
24261,sectioned,sectioned_modern
24262,sectioned,sectioned_modern
24263,sectioned,sectioned_modern
24264,sectioned,sectioned_modern
24266,sectioned,sectioned_modern
24267,sectioned,sectioned_modern
24268,sectioned,sectioned_modern
24270,sectioned,sectioned_modern
24271,sectioned,sectioned_modern
24272,sectioned,sectioned_modern
24273,sectioned,sectioned_modern
24275,sectioned,sectioned_modern
24276,sectioned,sectioned_modern
24277,sectioned,sectioned_modern
24278,sectioned,sectioned_modern
24282,sectioned,sectioned_modern
24283,sectioned,sectioned_modern
24284,sectioned,sectioned_modern
24285,sectioned,sectioned_modern
24286,sectioned,sectioned_modern
24287,sectioned,sectioned_modern
24288,sectioned,sectioned_modern
24289,sectioned,sectioned_modern
24290,sectioned,sectioned_modern
24291,sectioned,sectioned_modern
24292,sectioned,sectioned_modern
24293,sectioned,sectioned_modern
24294,sectioned,sectioned_modern
24295,sectioned,sectioned_modern
24296,sectioned,sectioned_modern
24298,sectioned,sectioned_modern
24299,sectioned,sectioned_modern
24303,sectioned,sectioned_modern
24305,sectioned,sectioned_modern
24306,sectioned,sectioned_modern
24308,sectioned,sectioned_modern
24309,sectioned,sectioned_modern
24310,sectioned,sectioned_modern
24311,sectioned,sectioned_modern
24312,sectioned,sectioned_modern
24314,sectioned,sectioned_modern
24315,sectioned,sectioned_modern
24316,sectioned,sectioned_modern
24317,sectioned,sectioned_modern
24318,sectioned,sectioned_modern
24319,sectioned,sectioned_modern
24320,sectioned,sectioned_modern
24321,sectioned,sectioned_modern
24322,sectioned,sectioned_modern
24326,sectioned,sectioned_modern
24327,sectioned,sectioned_modern
24329,sectioned,sectioned_modern
24330,sectioned,sectioned_modern
24331,sectioned,sectioned_modern
24332,sectioned,sectioned_modern
24333,sectioned,sectioned_modern
24334,sectioned,sectioned_modern
24335,sectioned,sectioned_modern
24336,sectioned,sectioned_modern
24337,sectioned,sectioned_modern
24338,sectioned,sectioned_modern
24339,sectioned,sectioned_modern
24340,sectioned,sectioned_modern
24341,sectioned,sectioned_modern
24342,sectioned,sectioned_modern
24343,sectioned,sectioned_modern
24344,sectioned,sectioned_modern
24345,sectioned,sectioned_modern
24346,sectioned,sectioned_modern
24347,sectioned,sectioned_modern
24348,sectioned,sectioned_modern
24349,sectioned,sectioned_modern
24350,sectioned,sectioned_modern
24351,sectioned,sectioned_modern
24352,sectioned,sectioned_modern
24353,sectioned,sectioned_modern
24354,sectioned,sectioned_modern
24355,sectioned,sectioned_modern
24356,sectioned,sectioned_modern
24357,sectioned,sectioned_modern
24358,sectioned,sectioned_modern
24359,sectioned,sectioned_modern
24360,sectioned,sectioned_modern
24362,sectioned,sectioned_modern
24363,sectioned,sectioned_modern
24365,sectioned,sectioned_modern
24366,sectioned,sectioned_modern
24367,sectioned,sectioned_modern
24369,sectioned,sectioned_modern
24370,sectioned,sectioned_modern
24371,sectioned,sectioned_modern
24372,sectioned,sectioned_modern
24373,sectioned,sectioned_modern
24374,sectioned,sectioned_modern
24378,sectioned,sectioned_modern
24379,sectioned,sectioned_modern
24380,sectioned,sectioned_modern
24381,sectioned,sectioned_modern
24382,sectioned,sectioned_modern
24383,sectioned,sectioned_modern
24386,sectioned,sectioned_modern
24387,sectioned,sectioned_modern
24388,sectioned,sectioned_modern
24389,sectioned,sectioned_modern
24390,sectioned,sectioned_modern
24391,sectioned,sectioned_modern
24392,sectioned,sectioned_modern
24393,sectioned,sectioned_modern
24394,sectioned,sectioned_modern
24395,sectioned,sectioned_modern
24396,sectioned,sectioned_modern
24422,sectioned,sectioned_modern
24423,sectioned,sectioned_modern
24424,sectioned,sectioned_modern
24425,sectioned,sectioned_modern
24426,sectioned,sectioned_modern
24427,sectioned,sectioned_modern
24428,sectioned,sectioned_modern
24429,sectioned,sectioned_modern
24430,sectioned,sectioned_modern
24431,sectioned,sectioned_modern
24432,sectioned,sectioned_modern
24434,sectioned,sectioned_modern
24436,sectioned,sectioned_modern
24437,sectioned,sectioned_modern
24438,sectioned,sectioned_modern
24439,sectioned,sectioned_modern
24440,sectioned,sectioned_modern
24441,sectioned,sectioned_modern
24442,sectioned,sectioned_modern
24443,sectioned,sectioned_modern
24444,sectioned,sectioned_modern
24445,sectioned,sectioned_modern
24446,sectioned,sectioned_modern
24447,sectioned,sectioned_modern
24448,sectioned,sectioned_modern
24449,sectioned,sectioned_modern
24450,sectioned,sectioned_modern
24452,sectioned,sectioned_modern
24453,sectioned,sectioned_modern
24454,sectioned,sectioned_modern
24457,sectioned,sectioned_modern
24460,sectioned,sectioned_modern
24461,sectioned,sectioned_modern
24462,sectioned,sectioned_modern
24463,sectioned,sectioned_modern
24464,sectioned,sectioned_modern
24465,sectioned,sectioned_modern
24466,sectioned,sectioned_modern
24467,sectioned,sectioned_modern
24468,sectioned,sectioned_modern
24469,sectioned,sectioned_modern
24470,sectioned,sectioned_modern
24471,sectioned,sectioned_modern
24472,sectioned,sectioned_modern
24473,sectioned,sectioned_modern
24474,sectioned,sectioned_modern
24475,sectioned,sectioned_modern
24476,sectioned,sectioned_modern
24480,sectioned,sectioned_modern
24481,sectioned,sectioned_modern
24482,sectioned,sectioned_modern
24483,sectioned,sectioned_modern
24485,sectioned,sectioned_modern
24486,sectioned,sectioned_modern
24487,sectioned,sectioned_modern
24488,sectioned,sectioned_modern
24489,sectioned,sectioned_modern
24490,sectioned,sectioned_modern
24491,sectioned,sectioned_modern
24492,sectioned,sectioned_modern
24493,sectioned,sectioned_modern
24494,sectioned,sectioned_modern
24495,sectioned,sectioned_modern
24497,sectioned,sectioned_modern
24498,sectioned,sectioned_modern
24499,sectioned,sectioned_modern
24500,sectioned,sectioned_modern
24501,sectioned,sectioned_modern
24503,sectioned,sectioned_modern
24504,sectioned,sectioned_modern
24505,sectioned,sectioned_modern
24506,sectioned,sectioned_modern
24507,sectioned,sectioned_modern
24508,sectioned,sectioned_modern
24509,sectioned,sectioned_modern
24510,sectioned,sectioned_modern
24512,sectioned,sectioned_modern
24514,sectioned,sectioned_modern
24515,sectioned,sectioned_modern
24516,sectioned,sectioned_modern
24517,sectioned,sectioned_modern
24518,sectioned,sectioned_modern
24519,sectioned,sectioned_modern
24520,sectioned,sectioned_modern
24521,sectioned,sectioned_modern
24524,sectioned,sectioned_modern
24526,sectioned,sectioned_modern
24527,sectioned,sectioned_modern
24528,sectioned,sectioned_modern
24529,sectioned,sectioned_modern
24530,sectioned,sectioned_modern
24531,sectioned,sectioned_modern
24532,sectioned,sectioned_modern
24533,sectioned,sectioned_modern
24534,sectioned,sectioned_modern
24535,sectioned,sectioned_modern
24536,sectioned,sectioned_modern
24537,sectioned,sectioned_modern
24538,sectioned,sectioned_modern
24539,sectioned,sectioned_modern
24540,sectioned,sectioned_modern
24541,sectioned,sectioned_modern
24542,sectioned,sectioned_modern
24543,sectioned,sectioned_modern
24544,sectioned,sectioned_modern
24545,sectioned,sectioned_modern
24546,sectioned,sectioned_modern
24547,sectioned,sectioned_modern
24548,sectioned,sectioned_modern
24549,sectioned,sectioned_modern
24550,sectioned,sectioned_modern
24551,sectioned,sectioned_modern
24552,sectioned,sectioned_modern
24554,sectioned,sectioned_modern
24555,sectioned,sectioned_modern
24556,sectioned,sectioned_modern
24557,sectioned,sectioned_modern
24558,sectioned,sectioned_modern
24559,sectioned,sectioned_modern
24560,sectioned,sectioned_modern
24561,sectioned,sectioned_modern
24562,sectioned,sectioned_modern
24563,sectioned,sectioned_modern
24564,sectioned,sectioned_modern
24565,sectioned,sectioned_modern
24566,sectioned,sectioned_modern
24567,sectioned,sectioned_modern
24568,sectioned,sectioned_modern
24569,sectioned,sectioned_modern
24570,sectioned,sectioned_modern
24571,sectioned,sectioned_modern
24572,sectioned,sectioned_modern
24573,sectioned,sectioned_modern
24575,sectioned,sectioned_modern
24576,sectioned,sectioned_modern
24577,sectioned,sectioned_modern
24578,sectioned,sectioned_modern
24579,sectioned,sectioned_modern
24582,sectioned,sectioned_modern
24583,sectioned,sectioned_modern
24584,sectioned,sectioned_modern
24585,sectioned,sectioned_modern
24587,sectioned,sectioned_modern
24588,sectioned,sectioned_modern
24589,sectioned,sectioned_modern
24590,sectioned,sectioned_modern
24591,sectioned,sectioned_modern
24592,sectioned,sectioned_modern
24593,sectioned,sectioned_modern
24594,sectioned,sectioned_modern
24595,sectioned,sectioned_modern
24598,sectioned,sectioned_modern
24599,sectioned,sectioned_modern
24602,sectioned,sectioned_modern
24603,sectioned,sectioned_modern
24604,sectioned,sectioned_modern
24605,sectioned,sectioned_modern
24606,sectioned,sectioned_modern
24607,sectioned,sectioned_modern
24608,sectioned,sectioned_modern
24609,sectioned,sectioned_modern
24610,sectioned,sectioned_modern
24612,sectioned,sectioned_modern
24613,sectioned,sectioned_modern
24616,sectioned,sectioned_modern
24617,sectioned,sectioned_modern
24618,sectioned,sectioned_modern
24619,sectioned,sectioned_modern
24620,sectioned,sectioned_modern
24621,sectioned,sectioned_modern
24622,sectioned,sectioned_modern
24623,sectioned,sectioned_modern
24624,sectioned,sectioned_modern
24625,sectioned,sectioned_modern
24626,sectioned,sectioned_modern
24627,sectioned,sectioned_modern
24629,sectioned,sectioned_modern
24631,sectioned,sectioned_modern
24632,sectioned,sectioned_modern
24635,sectioned,sectioned_modern
24637,sectioned,sectioned_modern
24639,sectioned,sectioned_modern
24640,sectioned,sectioned_modern
24642,sectioned,sectioned_modern
24643,sectioned,sectioned_modern
24644,sectioned,sectioned_modern
24645,sectioned,sectioned_modern
24647,sectioned,sectioned_modern
24650,sectioned,sectioned_modern
24651,sectioned,sectioned_modern
24652,sectioned,sectioned_modern
24653,sectioned,sectioned_modern
24654,sectioned,sectioned_modern
24664,sectioned,sectioned_modern
24666,sectioned,sectioned_modern
24667,sectioned,sectioned_modern
24668,sectioned,sectioned_modern
24669,sectioned,sectioned_modern
24670,sectioned,sectioned_modern
24671,sectioned,sectioned_modern
24672,sectioned,sectioned_modern
24673,sectioned,sectioned_modern
24674,sectioned,sectioned_modern
24675,sectioned,sectioned_modern
24676,sectioned,sectioned_modern
24677,sectioned,sectioned_modern
24678,sectioned,sectioned_modern
24679,sectioned,sectioned_modern
24680,sectioned,sectioned_modern
24681,sectioned,sectioned_modern
24682,sectioned,sectioned_modern
24683,sectioned,sectioned_modern
24684,sectioned,sectioned_modern
24685,sectioned,sectioned_modern
24686,sectioned,sectioned_modern
24687,sectioned,sectioned_modern
24688,sectioned,sectioned_modern
24689,sectioned,sectioned_modern
24690,sectioned,sectioned_modern
24691,sectioned,sectioned_modern
24692,sectioned,sectioned_modern
24694,sectioned,sectioned_modern
24695,sectioned,sectioned_modern
24696,sectioned,sectioned_modern
24697,sectioned,sectioned_modern
24698,sectioned,sectioned_modern
24699,sectioned,sectioned_modern
24700,sectioned,sectioned_modern
24701,sectioned,sectioned_modern
24703,sectioned,sectioned_modern
24704,sectioned,sectioned_modern
24705,sectioned,sectioned_modern
24706,sectioned,sectioned_modern
24707,sectioned,sectioned_modern
24712,sectioned,sectioned_modern
24717,sectioned,sectioned_modern
24718,sectioned,sectioned_modern
24719,sectioned,sectioned_modern
24720,sectioned,sectioned_modern
24721,sectioned,sectioned_modern
24723,sectioned,sectioned_modern
24726,sectioned,sectioned_modern
24728,sectioned,sectioned_modern
24731,sectioned,sectioned_modern
24732,sectioned,sectioned_modern
24733,sectioned,sectioned_modern
24734,sectioned,sectioned_modern
24735,sectioned,sectioned_modern
24736,sectioned,sectioned_modern
24738,sectioned,sectioned_modern
24739,sectioned,sectioned_modern
24740,sectioned,sectioned_modern
24741,sectioned,sectioned_modern
24743,sectioned,sectioned_modern
24744,sectioned,sectioned_modern
24745,sectioned,sectioned_modern
24747,sectioned,sectioned_modern
24748,sectioned,sectioned_modern
24749,sectioned,sectioned_modern
24750,sectioned,sectioned_modern
24751,sectioned,sectioned_modern
24752,sectioned,sectioned_modern
24753,sectioned,sectioned_modern
24754,sectioned,sectioned_modern
24755,sectioned,sectioned_modern
24756,sectioned,sectioned_modern
24757,sectioned,sectioned_modern
24758,sectioned,sectioned_modern
24759,sectioned,sectioned_modern
24760,sectioned,sectioned_modern
24761,sectioned,sectioned_modern
24762,sectioned,sectioned_modern
24763,sectioned,sectioned_modern
24764,sectioned,sectioned_modern
24767,sectioned,sectioned_modern
24769,sectioned,sectioned_modern
24770,sectioned,sectioned_modern
24771,sectioned,sectioned_modern
24772,sectioned,sectioned_modern
24774,sectioned,sectioned_modern
24778,sectioned,sectioned_modern
24779,sectioned,sectioned_modern
24780,sectioned,sectioned_modern
24782,sectioned,sectioned_modern
24783,sectioned,sectioned_modern
24785,sectioned,sectioned_modern
24786,sectioned,sectioned_modern
24787,sectioned,sectioned_modern
24792,sectioned,sectioned_modern
24794,sectioned,sectioned_modern
24796,sectioned,sectioned_modern
24799,sectioned,sectioned_modern
24800,sectioned,sectioned_modern
24801,sectioned,sectioned_modern
24803,sectioned,sectioned_modern
24804,sectioned,sectioned_modern
24806,sectioned,sectioned_modern
24808,sectioned,sectioned_modern
24810,sectioned,sectioned_modern
24811,sectioned,sectioned_modern
24812,sectioned,sectioned_modern
24814,sectioned,sectioned_modern
24815,sectioned,sectioned_modern
24816,sectioned,sectioned_modern
24817,sectioned,sectioned_modern
24818,sectioned,sectioned_modern
24819,sectioned,sectioned_modern
24820,sectioned,sectioned_modern
24821,sectioned,sectioned_modern
24822,sectioned,sectioned_modern
24823,sectioned,sectioned_modern
24825,sectioned,sectioned_modern
24826,sectioned,sectioned_modern
24827,sectioned,sectioned_modern
24828,sectioned,sectioned_modern
24829,sectioned,sectioned_modern
24830,sectioned,sectioned_modern
24831,sectioned,sectioned_modern
24832,sectioned,sectioned_modern
24833,sectioned,sectioned_modern
24835,sectioned,sectioned_modern
24836,sectioned,sectioned_modern
24838,sectioned,sectioned_modern
24839,sectioned,sectioned_modern
24840,sectioned,sectioned_modern
24841,sectioned,sectioned_modern
24842,sectioned,sectioned_modern
24843,sectioned,sectioned_modern
24845,sectioned,sectioned_modern
24846,sectioned,sectioned_modern
24847,sectioned,sectioned_modern
24849,sectioned,sectioned_modern
24850,sectioned,sectioned_modern
24851,sectioned,sectioned_modern
24852,sectioned,sectioned_modern
24853,sectioned,sectioned_modern
24854,sectioned,sectioned_modern
24856,sectioned,sectioned_modern
24858,sectioned,sectioned_modern
24859,sectioned,sectioned_modern
24860,sectioned,sectioned_modern
24861,sectioned,sectioned_modern
24863,sectioned,sectioned_modern
24865,sectioned,sectioned_modern
24866,sectioned,sectioned_modern
24868,sectioned,sectioned_modern
24869,sectioned,sectioned_modern
24870,sectioned,sectioned_modern
24871,sectioned,sectioned_modern
24872,sectioned,sectioned_modern
24873,sectioned,sectioned_modern
24874,sectioned,sectioned_modern
24877,sectioned,sectioned_modern
24878,sectioned,sectioned_modern
24879,sectioned,sectioned_modern
24880,sectioned,sectioned_modern
24881,sectioned,sectioned_modern
24883,sectioned,sectioned_modern
24884,sectioned,sectioned_modern
24885,sectioned,sectioned_modern
24886,sectioned,sectioned_modern
24887,sectioned,sectioned_modern
24888,sectioned,sectioned_modern
24889,sectioned,sectioned_modern
24890,sectioned,sectioned_modern
24891,sectioned,sectioned_modern
24892,sectioned,sectioned_modern
24893,sectioned,sectioned_modern
24894,sectioned,sectioned_modern
24895,sectioned,sectioned_modern
24896,sectioned,sectioned_modern
24897,sectioned,sectioned_modern
24898,sectioned,sectioned_modern
24900,sectioned,sectioned_modern
24901,sectioned,sectioned_modern
24902,sectioned,sectioned_modern
24903,sectioned,sectioned_modern
24904,sectioned,sectioned_modern
24905,sectioned,sectioned_modern
24906,sectioned,sectioned_modern
24907,sectioned,sectioned_modern
24908,sectioned,sectioned_modern
24909,sectioned,sectioned_modern
24911,sectioned,sectioned_modern
24912,sectioned,sectioned_modern
24913,sectioned,sectioned_modern
24914,sectioned,sectioned_modern
24915,sectioned,sectioned_modern
24916,sectioned,sectioned_modern
24917,sectioned,sectioned_modern
24918,sectioned,sectioned_modern
24919,sectioned,sectioned_modern
24920,sectioned,sectioned_modern
24921,sectioned,sectioned_modern
24922,sectioned,sectioned_modern
24923,sectioned,sectioned_modern
24924,sectioned,sectioned_modern
24925,sectioned,sectioned_modern
24926,sectioned,sectioned_modern
24927,sectioned,sectioned_modern
24928,sectioned,sectioned_modern
24931,sectioned,sectioned_modern
24932,sectioned,sectioned_modern
24933,sectioned,sectioned_modern
24934,sectioned,sectioned_modern
24935,sectioned,sectioned_modern
24937,sectioned,sectioned_modern
24938,sectioned,sectioned_modern
24939,sectioned,sectioned_modern
24940,sectioned,sectioned_modern
24941,sectioned,sectioned_modern
24942,sectioned,sectioned_modern
24945,sectioned,sectioned_modern
24947,sectioned,sectioned_modern
24949,sectioned,sectioned_modern
24951,sectioned,sectioned_modern
24952,sectioned,sectioned_modern
24953,sectioned,sectioned_modern
24954,sectioned,sectioned_modern
24956,sectioned,sectioned_modern
24957,sectioned,sectioned_modern
24958,sectioned,sectioned_modern
24959,sectioned,sectioned_modern
24960,sectioned,sectioned_modern
24961,sectioned,sectioned_modern
24962,sectioned,sectioned_modern
24963,sectioned,sectioned_modern
24964,sectioned,sectioned_modern
24965,sectioned,sectioned_modern
24966,sectioned,sectioned_modern
24967,sectioned,sectioned_modern
24968,sectioned,sectioned_modern
24969,sectioned,sectioned_modern
24970,sectioned,sectioned_modern
24971,sectioned,sectioned_modern
24972,sectioned,sectioned_modern
24973,sectioned,sectioned_modern
24974,sectioned,sectioned_modern
24975,sectioned,sectioned_modern
24976,sectioned,sectioned_modern
24977,sectioned,sectioned_modern
24978,sectioned,sectioned_modern
24979,sectioned,sectioned_modern
24980,sectioned,sectioned_modern
24981,sectioned,sectioned_modern
24982,sectioned,sectioned_modern
24983,sectioned,sectioned_modern
24985,sectioned,sectioned_modern
24986,sectioned,sectioned_modern
24987,sectioned,sectioned_modern
24988,sectioned,sectioned_modern
24989,sectioned,sectioned_modern
24991,sectioned,sectioned_modern
24992,sectioned,sectioned_modern
24993,sectioned,sectioned_modern
24995,sectioned,sectioned_modern
24999,sectioned,sectioned_modern
25000,sectioned,sectioned_modern
25001,sectioned,sectioned_modern
25002,sectioned,sectioned_modern
25003,sectioned,sectioned_modern
25004,sectioned,sectioned_modern
25005,sectioned,sectioned_modern
25007,sectioned,sectioned_modern
25008,sectioned,sectioned_modern
25011,sectioned,sectioned_modern
25013,sectioned,sectioned_modern
25015,sectioned,sectioned_modern
25016,sectioned,sectioned_modern
25017,sectioned,sectioned_modern
25018,sectioned,sectioned_modern
25020,sectioned,sectioned_modern
25022,sectioned,sectioned_modern
25023,sectioned,sectioned_modern
25024,sectioned,sectioned_modern
25028,sectioned,sectioned_modern
25029,sectioned,sectioned_modern
25030,sectioned,sectioned_modern
25031,sectioned,sectioned_modern
25032,sectioned,sectioned_modern
25035,sectioned,sectioned_modern
25036,sectioned,sectioned_modern
25037,sectioned,sectioned_modern
25038,sectioned,sectioned_modern
25039,sectioned,sectioned_modern
25044,sectioned,sectioned_modern
25046,sectioned,sectioned_modern
25047,sectioned,sectioned_modern
25048,sectioned,sectioned_modern
25050,sectioned,sectioned_modern
25051,sectioned,sectioned_modern
25052,sectioned,sectioned_modern
25054,sectioned,sectioned_modern
25056,sectioned,sectioned_modern
25057,sectioned,sectioned_modern
25058,sectioned,sectioned_modern
25059,sectioned,sectioned_modern
25060,sectioned,sectioned_modern
25061,sectioned,sectioned_modern
25062,sectioned,sectioned_modern
25063,sectioned,sectioned_modern
25064,sectioned,sectioned_modern
25065,sectioned,sectioned_modern
25066,sectioned,sectioned_modern
25067,sectioned,sectioned_modern
25068,sectioned,sectioned_modern
25069,sectioned,sectioned_modern
25070,sectioned,sectioned_modern
25072,sectioned,sectioned_modern
25080,sectioned,sectioned_modern
25081,sectioned,sectioned_modern
25082,sectioned,sectioned_modern
25083,sectioned,sectioned_modern
25085,sectioned,sectioned_modern
25086,sectioned,sectioned_modern
25087,sectioned,sectioned_modern
25090,sectioned,sectioned_modern
25091,sectioned,sectioned_modern
25092,sectioned,sectioned_modern
25093,sectioned,sectioned_modern
25094,sectioned,sectioned_modern
25095,sectioned,sectioned_modern
25096,sectioned,sectioned_modern
25097,sectioned,sectioned_modern
25098,sectioned,sectioned_modern
25100,sectioned,sectioned_modern
25101,sectioned,sectioned_modern
25102,sectioned,sectioned_modern
25103,sectioned,sectioned_modern
25104,sectioned,sectioned_modern
25105,sectioned,sectioned_modern
25106,sectioned,sectioned_modern
25107,sectioned,sectioned_modern
25108,sectioned,sectioned_modern
25109,sectioned,sectioned_modern
25110,sectioned,sectioned_modern
25111,sectioned,sectioned_modern
25112,sectioned,sectioned_modern
25114,sectioned,sectioned_modern
25115,sectioned,sectioned_modern
25116,sectioned,sectioned_modern
25117,sectioned,sectioned_modern
25118,sectioned,sectioned_modern
25119,sectioned,sectioned_modern
25120,sectioned,sectioned_modern
25121,sectioned,sectioned_modern
25122,sectioned,sectioned_modern
25123,sectioned,sectioned_modern
25124,sectioned,sectioned_modern
25125,sectioned,sectioned_modern
25126,sectioned,sectioned_modern
25127,sectioned,sectioned_modern
25128,sectioned,sectioned_modern
25129,sectioned,sectioned_modern
25130,sectioned,sectioned_modern
25131,sectioned,sectioned_modern
25132,sectioned,sectioned_modern
25133,sectioned,sectioned_modern
25134,sectioned,sectioned_modern
25135,sectioned,sectioned_modern
25136,sectioned,sectioned_modern
25137,sectioned,sectioned_modern
25138,sectioned,sectioned_modern
25139,sectioned,sectioned_modern
25140,sectioned,sectioned_modern
25141,sectioned,sectioned_modern
25142,sectioned,sectioned_modern
25143,sectioned,sectioned_modern
25144,sectioned,sectioned_modern
25147,sectioned,sectioned_modern
25148,sectioned,sectioned_modern
25149,sectioned,sectioned_modern
25150,sectioned,sectioned_modern
25151,sectioned,sectioned_modern
25152,sectioned,sectioned_modern
25153,sectioned,sectioned_modern
25155,sectioned,sectioned_modern
25156,sectioned,sectioned_modern
25157,sectioned,sectioned_modern
25158,sectioned,sectioned_modern
25159,sectioned,sectioned_modern
25160,sectioned,sectioned_modern
25162,sectioned,sectioned_modern
25163,sectioned,sectioned_modern
25164,sectioned,sectioned_modern
25166,sectioned,sectioned_modern
25167,sectioned,sectioned_modern
25168,sectioned,sectioned_modern
25169,sectioned,sectioned_modern
25170,sectioned,sectioned_modern
25172,sectioned,sectioned_modern
25173,sectioned,sectioned_modern
25174,sectioned,sectioned_modern
25175,sectioned,sectioned_modern
25176,sectioned,sectioned_modern
25177,sectioned,sectioned_modern
25178,sectioned,sectioned_modern
25179,sectioned,sectioned_modern
25180,sectioned,sectioned_modern
25182,sectioned,sectioned_modern
25183,sectioned,sectioned_modern
25184,sectioned,sectioned_modern
25186,sectioned,sectioned_modern
25187,sectioned,sectioned_modern
25188,sectioned,sectioned_modern
25190,sectioned,sectioned_modern
25191,sectioned,sectioned_modern
25192,sectioned,sectioned_modern
25193,sectioned,sectioned_modern
25194,sectioned,sectioned_modern
25195,sectioned,sectioned_modern
25196,sectioned,sectioned_modern
25197,sectioned,sectioned_modern
25198,sectioned,sectioned_modern
25199,sectioned,sectioned_modern
25200,sectioned,sectioned_modern
25201,sectioned,sectioned_modern
25202,sectioned,sectioned_modern
25203,sectioned,sectioned_modern
25204,sectioned,sectioned_modern
25205,sectioned,sectioned_modern
25207,sectioned,sectioned_modern
25210,sectioned,sectioned_modern
25211,sectioned,sectioned_modern
25212,sectioned,sectioned_modern
25213,sectioned,sectioned_modern
25214,sectioned,sectioned_modern
25215,sectioned,sectioned_modern
25217,sectioned,sectioned_modern
25218,sectioned,sectioned_modern
25220,sectioned,sectioned_modern
25221,sectioned,sectioned_modern
25222,sectioned,sectioned_modern
25223,sectioned,sectioned_modern
25224,sectioned,sectioned_modern
25225,sectioned,sectioned_modern
25226,sectioned,sectioned_modern
25227,sectioned,sectioned_modern
25228,sectioned,sectioned_modern
25229,sectioned,sectioned_modern
25231,sectioned,sectioned_modern
25232,sectioned,sectioned_modern
25233,sectioned,sectioned_modern
25234,sectioned,sectioned_modern
25235,sectioned,sectioned_modern
25236,sectioned,sectioned_modern
25237,sectioned,sectioned_modern
25238,sectioned,sectioned_modern
25239,sectioned,sectioned_modern
25240,sectioned,sectioned_modern
25241,sectioned,sectioned_modern
25242,sectioned,sectioned_modern
25243,sectioned,sectioned_modern
25244,sectioned,sectioned_modern
25245,sectioned,sectioned_modern
25247,sectioned,sectioned_modern
25251,sectioned,sectioned_modern
25252,sectioned,sectioned_modern
25254,sectioned,sectioned_modern
25255,sectioned,sectioned_modern
25257,sectioned,sectioned_modern
25279,sectioned,sectioned_modern
25282,sectioned,sectioned_modern
25284,sectioned,sectioned_modern
25285,sectioned,sectioned_modern
25289,sectioned,sectioned_modern
25290,sectioned,sectioned_modern
25291,sectioned,sectioned_modern
25292,sectioned,sectioned_modern
25293,sectioned,sectioned_modern
25295,sectioned,sectioned_modern
25296,sectioned,sectioned_modern
25297,sectioned,sectioned_modern
25298,sectioned,sectioned_modern
25299,sectioned,sectioned_modern
25301,sectioned,sectioned_modern
25302,sectioned,sectioned_modern
25303,sectioned,sectioned_modern
25304,sectioned,sectioned_modern
25305,sectioned,sectioned_modern
25306,sectioned,sectioned_modern
25307,sectioned,sectioned_modern
25308,sectioned,sectioned_modern
25309,sectioned,sectioned_modern
25310,sectioned,sectioned_modern
25311,sectioned,sectioned_modern
25312,sectioned,sectioned_modern
25313,sectioned,sectioned_modern
25316,sectioned,sectioned_modern
25317,sectioned,sectioned_modern
25318,sectioned,sectioned_modern
25319,sectioned,sectioned_modern
25321,sectioned,sectioned_modern
25325,sectioned,sectioned_modern
25326,sectioned,sectioned_modern
25327,sectioned,sectioned_modern
25328,sectioned,sectioned_modern
25329,sectioned,sectioned_modern
25330,sectioned,sectioned_modern
25331,sectioned,sectioned_modern
25332,sectioned,sectioned_modern
25334,sectioned,sectioned_modern
25335,sectioned,sectioned_modern
25336,sectioned,sectioned_modern
25337,sectioned,sectioned_modern
25338,sectioned,sectioned_modern
25339,sectioned,sectioned_modern
25341,sectioned,sectioned_modern
25342,sectioned,sectioned_modern
25343,sectioned,sectioned_modern
25344,sectioned,sectioned_modern
25345,sectioned,sectioned_modern
25346,sectioned,sectioned_modern
25347,sectioned,sectioned_modern
25348,sectioned,sectioned_modern
25349,sectioned,sectioned_modern
25350,sectioned,sectioned_modern
25351,sectioned,sectioned_modern
25352,sectioned,sectioned_modern
25353,sectioned,sectioned_modern
25354,sectioned,sectioned_modern
25355,sectioned,sectioned_modern
25356,sectioned,sectioned_modern
25359,sectioned,sectioned_modern
25360,sectioned,sectioned_modern
25363,sectioned,sectioned_modern
25365,sectioned,sectioned_modern
25366,sectioned,sectioned_modern
25367,sectioned,sectioned_modern
25368,sectioned,sectioned_modern
25369,sectioned,sectioned_modern
25370,sectioned,sectioned_modern
25371,sectioned,sectioned_modern
25372,sectioned,sectioned_modern
25373,sectioned,sectioned_modern
25374,sectioned,sectioned_modern
25375,sectioned,sectioned_modern
25376,sectioned,sectioned_modern
25377,sectioned,sectioned_modern
25378,sectioned,sectioned_modern
25379,sectioned,sectioned_modern
25380,sectioned,sectioned_modern
25381,sectioned,sectioned_modern
25383,sectioned,sectioned_modern
25384,sectioned,sectioned_modern
25386,sectioned,sectioned_modern
25388,sectioned,sectioned_modern
25390,sectioned,sectioned_modern
25391,sectioned,sectioned_modern
25392,sectioned,sectioned_modern
25393,sectioned,sectioned_modern
25394,sectioned,sectioned_modern
25396,sectioned,sectioned_modern
25397,sectioned,sectioned_modern
25398,sectioned,sectioned_modern
25399,sectioned,sectioned_modern
25400,sectioned,sectioned_modern
25402,sectioned,sectioned_modern
25403,sectioned,sectioned_modern
25405,sectioned,sectioned_modern
25406,sectioned,sectioned_modern
25407,sectioned,sectioned_modern
25409,sectioned,sectioned_modern
25414,sectioned,sectioned_modern
25415,sectioned,sectioned_modern
25416,sectioned,sectioned_modern
25417,sectioned,sectioned_modern
25418,sectioned,sectioned_modern
25419,sectioned,sectioned_modern
25420,sectioned,sectioned_modern
25421,sectioned,sectioned_modern
25422,sectioned,sectioned_modern
25423,sectioned,sectioned_modern
25424,sectioned,sectioned_modern
25425,sectioned,sectioned_modern
25426,sectioned,sectioned_modern
25429,sectioned,sectioned_modern
25430,sectioned,sectioned_modern
25431,sectioned,sectioned_modern
25432,sectioned,sectioned_modern
25433,sectioned,sectioned_modern
25434,sectioned,sectioned_modern
25436,sectioned,sectioned_modern
25438,sectioned,sectioned_modern
25439,sectioned,sectioned_modern
25440,sectioned,sectioned_modern
25441,sectioned,sectioned_modern
25442,sectioned,sectioned_modern
25443,sectioned,sectioned_modern
25444,sectioned,sectioned_modern
25445,sectioned,sectioned_modern
25447,sectioned,sectioned_modern
25448,sectioned,sectioned_modern
25449,sectioned,sectioned_modern
25450,sectioned,sectioned_modern
25451,sectioned,sectioned_modern
25452,sectioned,sectioned_modern
25453,sectioned,sectioned_modern
25454,sectioned,sectioned_modern
25455,sectioned,sectioned_modern
25456,sectioned,sectioned_modern
25457,sectioned,sectioned_modern
25458,sectioned,sectioned_modern
25459,sectioned,sectioned_modern
25460,sectioned,sectioned_modern
25462,sectioned,sectioned_modern
25463,sectioned,sectioned_modern
25465,sectioned,sectioned_modern
25466,sectioned,sectioned_modern
25467,sectioned,sectioned_modern
25468,sectioned,sectioned_modern
25469,sectioned,sectioned_modern
25470,sectioned,sectioned_modern
25471,sectioned,sectioned_modern
25472,sectioned,sectioned_modern
25473,sectioned,sectioned_modern
25474,sectioned,sectioned_modern
25475,sectioned,sectioned_modern
25476,sectioned,sectioned_modern
25477,sectioned,sectioned_modern
25478,sectioned,sectioned_modern
25479,sectioned,sectioned_modern
25480,sectioned,sectioned_modern
25481,sectioned,sectioned_modern
25482,sectioned,sectioned_modern
25483,sectioned,sectioned_modern
25484,sectioned,sectioned_modern
25485,sectioned,sectioned_modern
25486,sectioned,sectioned_modern
25487,sectioned,sectioned_modern
25488,sectioned,sectioned_modern
25489,sectioned,sectioned_modern
25490,sectioned,sectioned_modern
25491,sectioned,sectioned_modern
25492,sectioned,sectioned_modern
25493,sectioned,sectioned_modern
25494,sectioned,sectioned_modern
25495,sectioned,sectioned_modern
25496,sectioned,sectioned_modern
25497,sectioned,sectioned_modern
25498,sectioned,sectioned_modern
25499,sectioned,sectioned_modern
25500,sectioned,sectioned_modern
25501,sectioned,sectioned_modern
25502,sectioned,sectioned_modern
25503,sectioned,sectioned_modern
25504,sectioned,sectioned_modern
25505,sectioned,sectioned_modern
25506,sectioned,sectioned_modern
25507,sectioned,sectioned_modern
25508,sectioned,sectioned_modern
25509,sectioned,sectioned_modern
25510,sectioned,sectioned_modern
25511,sectioned,sectioned_modern
25512,sectioned,sectioned_modern
25513,sectioned,sectioned_modern
25514,sectioned,sectioned_modern
25515,sectioned,sectioned_modern
25516,sectioned,sectioned_modern
25517,sectioned,sectioned_modern
25518,sectioned,sectioned_modern
25519,sectioned,sectioned_modern
25520,sectioned,sectioned_modern
25521,sectioned,sectioned_modern
25522,sectioned,sectioned_modern
25523,sectioned,sectioned_modern
25524,sectioned,sectioned_modern
25525,sectioned,sectioned_modern
25526,sectioned,sectioned_modern
25527,sectioned,sectioned_modern
25528,sectioned,sectioned_modern
25529,sectioned,sectioned_modern
25530,sectioned,sectioned_modern
25531,sectioned,sectioned_modern
25532,sectioned,sectioned_modern
25533,sectioned,sectioned_modern
25534,sectioned,sectioned_modern
25535,sectioned,sectioned_modern
25536,sectioned,sectioned_modern
25537,sectioned,sectioned_modern
25538,sectioned,sectioned_modern
25539,sectioned,sectioned_modern
25540,sectioned,sectioned_modern
25541,sectioned,sectioned_modern
25542,sectioned,sectioned_modern
25543,sectioned,sectioned_modern
25544,sectioned,sectioned_modern
25545,sectioned,sectioned_modern
25546,sectioned,sectioned_modern
25547,sectioned,sectioned_modern
25548,sectioned,sectioned_modern
25549,sectioned,sectioned_modern
25550,sectioned,sectioned_modern
25551,sectioned,sectioned_modern
25552,sectioned,sectioned_modern
25553,sectioned,sectioned_modern
25554,sectioned,sectioned_modern
25555,sectioned,sectioned_modern
25556,sectioned,sectioned_modern
25557,sectioned,sectioned_modern
25558,sectioned,sectioned_modern
25559,sectioned,sectioned_modern
25561,sectioned,sectioned_modern
25562,sectioned,sectioned_modern
25563,sectioned,sectioned_modern
25564,sectioned,sectioned_modern
25565,sectioned,sectioned_modern
25566,sectioned,sectioned_modern
25567,sectioned,sectioned_modern
25568,sectioned,sectioned_modern
25570,sectioned,sectioned_modern
25571,sectioned,sectioned_modern
25572,sectioned,sectioned_modern
25573,sectioned,sectioned_modern
25574,sectioned,sectioned_modern
25575,sectioned,sectioned_modern
25576,sectioned,sectioned_modern
25577,sectioned,sectioned_modern
25580,sectioned,sectioned_modern
25581,sectioned,sectioned_modern
25582,sectioned,sectioned_modern
25583,sectioned,sectioned_modern
25585,sectioned,sectioned_modern
25586,sectioned,sectioned_modern
25588,sectioned,sectioned_modern
25589,sectioned,sectioned_modern
25591,sectioned,sectioned_modern
25592,sectioned,sectioned_modern
25594,sectioned,sectioned_modern
25595,sectioned,sectioned_modern
25596,sectioned,sectioned_modern
25598,sectioned,sectioned_modern
25600,sectioned,sectioned_modern
25601,sectioned,sectioned_modern
25602,sectioned,sectioned_modern
25603,sectioned,sectioned_modern
25604,sectioned,sectioned_modern
25605,sectioned,sectioned_modern
25606,sectioned,sectioned_modern
25607,sectioned,sectioned_modern
25608,sectioned,sectioned_modern
25609,sectioned,sectioned_modern
25610,sectioned,sectioned_modern
25611,sectioned,sectioned_modern
25612,sectioned,sectioned_modern
25613,sectioned,sectioned_modern
25614,sectioned,sectioned_modern
25615,sectioned,sectioned_modern
25616,sectioned,sectioned_modern
25617,sectioned,sectioned_modern
25618,sectioned,sectioned_modern
25619,sectioned,sectioned_modern
25620,sectioned,sectioned_modern
25621,sectioned,sectioned_modern
25622,sectioned,sectioned_modern
25623,sectioned,sectioned_modern
25624,sectioned,sectioned_modern
25625,sectioned,sectioned_modern
25626,sectioned,sectioned_modern
25627,sectioned,sectioned_modern
25628,sectioned,sectioned_modern
25629,sectioned,sectioned_modern
25630,sectioned,sectioned_modern
25631,sectioned,sectioned_modern
25633,sectioned,sectioned_modern
25634,sectioned,sectioned_modern
25635,sectioned,sectioned_modern
25636,sectioned,sectioned_modern
25637,sectioned,sectioned_modern
25638,sectioned,sectioned_modern
25640,sectioned,sectioned_modern
25641,sectioned,sectioned_modern
25642,sectioned,sectioned_modern
25643,sectioned,sectioned_modern
25645,sectioned,sectioned_modern
25646,sectioned,sectioned_modern
25647,sectioned,sectioned_modern
25651,sectioned,sectioned_modern
25652,sectioned,sectioned_modern
25653,sectioned,sectioned_modern
25654,sectioned,sectioned_modern
25655,sectioned,sectioned_modern
25656,sectioned,sectioned_modern
25658,sectioned,sectioned_modern
25660,sectioned,sectioned_modern
25661,sectioned,sectioned_modern
25662,sectioned,sectioned_modern
25663,sectioned,sectioned_modern
25664,sectioned,sectioned_modern
25665,sectioned,sectioned_modern
25669,sectioned,sectioned_modern
25670,sectioned,sectioned_modern
25671,sectioned,sectioned_modern
25672,sectioned,sectioned_modern
25673,sectioned,sectioned_modern
25674,sectioned,sectioned_modern
25675,sectioned,sectioned_modern
25676,sectioned,sectioned_modern
25678,sectioned,sectioned_modern
25679,sectioned,sectioned_modern
25680,sectioned,sectioned_modern
25681,sectioned,sectioned_modern
25682,sectioned,sectioned_modern
25683,sectioned,sectioned_modern
25686,sectioned,sectioned_modern
25687,sectioned,sectioned_modern
25688,sectioned,sectioned_modern
25689,sectioned,sectioned_modern
25690,sectioned,sectioned_modern
25691,sectioned,sectioned_modern
25692,sectioned,sectioned_modern
25693,sectioned,sectioned_modern
25694,sectioned,sectioned_modern
25695,sectioned,sectioned_modern
25696,sectioned,sectioned_modern
25697,sectioned,sectioned_modern
25698,sectioned,sectioned_modern
25699,sectioned,sectioned_modern
25700,sectioned,sectioned_modern
25701,sectioned,sectioned_modern
25702,sectioned,sectioned_modern
25703,sectioned,sectioned_modern
25704,sectioned,sectioned_modern
25705,sectioned,sectioned_modern
25706,sectioned,sectioned_modern
25707,sectioned,sectioned_modern
25710,sectioned,sectioned_modern
25711,sectioned,sectioned_modern
25712,sectioned,sectioned_modern
25713,sectioned,sectioned_modern
25714,sectioned,sectioned_modern
25715,sectioned,sectioned_modern
25717,sectioned,sectioned_modern
25721,sectioned,sectioned_modern
25724,sectioned,sectioned_modern
25725,sectioned,sectioned_modern
25726,sectioned,sectioned_modern
25727,sectioned,sectioned_modern
25728,sectioned,sectioned_modern
25729,sectioned,sectioned_modern
25730,sectioned,sectioned_modern
25733,sectioned,sectioned_modern
25736,sectioned,sectioned_modern
25737,sectioned,sectioned_modern
25738,sectioned,sectioned_modern
25739,sectioned,sectioned_modern
25740,sectioned,sectioned_modern
25742,sectioned,sectioned_modern
25743,sectioned,sectioned_modern
25744,sectioned,sectioned_modern
25745,sectioned,sectioned_modern
25746,sectioned,sectioned_modern
25747,sectioned,sectioned_modern
25748,sectioned,sectioned_modern
25749,sectioned,sectioned_modern
25750,sectioned,sectioned_modern
25751,sectioned,sectioned_modern
25752,sectioned,sectioned_modern
25753,sectioned,sectioned_modern
25755,sectioned,sectioned_modern
25756,sectioned,sectioned_modern
25757,sectioned,sectioned_modern
25760,sectioned,sectioned_modern
25761,sectioned,sectioned_modern
25762,sectioned,sectioned_modern
25765,sectioned,sectioned_modern
25766,sectioned,sectioned_modern
25767,sectioned,sectioned_modern
25770,sectioned,sectioned_modern
25771,sectioned,sectioned_modern
25772,sectioned,sectioned_modern
25774,sectioned,sectioned_modern
25775,sectioned,sectioned_modern
25776,sectioned,sectioned_modern
25777,sectioned,sectioned_modern
25778,sectioned,sectioned_modern
25780,sectioned,sectioned_modern
25783,sectioned,sectioned_modern
25784,sectioned,sectioned_modern
25785,sectioned,sectioned_modern
25786,sectioned,sectioned_modern
25787,sectioned,sectioned_modern
25789,sectioned,sectioned_modern
25790,sectioned,sectioned_modern
25791,sectioned,sectioned_modern
25792,sectioned,sectioned_modern
25793,sectioned,sectioned_modern
25794,sectioned,sectioned_modern
25796,sectioned,sectioned_modern
25797,sectioned,sectioned_modern
25800,sectioned,sectioned_modern
25801,sectioned,sectioned_modern
25804,sectioned,sectioned_modern
25805,sectioned,sectioned_modern
25806,sectioned,sectioned_modern
25807,sectioned,sectioned_modern
25808,sectioned,sectioned_modern
25809,sectioned,sectioned_modern
25810,sectioned,sectioned_modern
25811,sectioned,sectioned_modern
25812,sectioned,sectioned_modern
25813,sectioned,sectioned_modern
25815,sectioned,sectioned_modern
25817,sectioned,sectioned_modern
25819,sectioned,sectioned_modern
25820,sectioned,sectioned_modern
25821,sectioned,sectioned_modern
25822,sectioned,sectioned_modern
25823,sectioned,sectioned_modern
25824,sectioned,sectioned_modern
25825,sectioned,sectioned_modern
25826,sectioned,sectioned_modern
25827,sectioned,sectioned_modern
25828,sectioned,sectioned_modern
25829,sectioned,sectioned_modern
25830,sectioned,sectioned_modern
25831,sectioned,sectioned_modern
25832,sectioned,sectioned_modern
25833,sectioned,sectioned_modern
25834,sectioned,sectioned_modern
25835,sectioned,sectioned_modern
25837,sectioned,sectioned_modern
25840,sectioned,sectioned_modern
25841,sectioned,sectioned_modern
25842,sectioned,sectioned_modern
25843,sectioned,sectioned_modern
25844,sectioned,sectioned_modern
25847,sectioned,sectioned_modern
25848,sectioned,sectioned_modern
25849,sectioned,sectioned_modern
25851,sectioned,sectioned_modern
25852,sectioned,sectioned_modern
25853,sectioned,sectioned_modern
25854,sectioned,sectioned_modern
25855,sectioned,sectioned_modern
25856,sectioned,sectioned_modern
25857,sectioned,sectioned_modern
25858,sectioned,sectioned_modern
25859,sectioned,sectioned_modern
25860,sectioned,sectioned_modern
25861,sectioned,sectioned_modern
25862,sectioned,sectioned_modern
25863,sectioned,sectioned_modern
25864,sectioned,sectioned_modern
25865,sectioned,sectioned_modern
25867,sectioned,sectioned_modern
25868,sectioned,sectioned_modern
25869,sectioned,sectioned_modern
25870,sectioned,sectioned_modern
25871,sectioned,sectioned_modern
25872,sectioned,sectioned_modern
25873,sectioned,sectioned_modern
25874,sectioned,sectioned_modern
25875,sectioned,sectioned_modern
25876,sectioned,sectioned_modern
25877,sectioned,sectioned_modern
25878,sectioned,sectioned_modern
25879,sectioned,sectioned_modern
25880,sectioned,sectioned_modern
25881,sectioned,sectioned_modern
25884,sectioned,sectioned_modern
25885,sectioned,sectioned_modern
25886,sectioned,sectioned_modern
25887,sectioned,sectioned_modern
25888,sectioned,sectioned_modern
25889,sectioned,sectioned_modern
25891,sectioned,sectioned_modern
25892,sectioned,sectioned_modern
25893,sectioned,sectioned_modern
25895,sectioned,sectioned_modern
25897,sectioned,sectioned_modern
25898,sectioned,sectioned_modern
25901,sectioned,sectioned_modern
25902,sectioned,sectioned_modern
25903,sectioned,sectioned_modern
25904,sectioned,sectioned_modern
25905,sectioned,sectioned_modern
25909,sectioned,sectioned_modern
25910,sectioned,sectioned_modern
25911,sectioned,sectioned_modern
25914,sectioned,sectioned_modern
25915,sectioned,sectioned_modern
25916,sectioned,sectioned_modern
25917,sectioned,sectioned_modern
25918,sectioned,sectioned_modern
25919,sectioned,sectioned_modern
25920,sectioned,sectioned_modern
25922,sectioned,sectioned_modern
25923,sectioned,sectioned_modern
25924,sectioned,sectioned_modern
25926,sectioned,sectioned_modern
25927,sectioned,sectioned_modern
25928,sectioned,sectioned_modern
25929,sectioned,sectioned_modern
25930,sectioned,sectioned_modern
25931,sectioned,sectioned_modern
25932,sectioned,sectioned_modern
25935,sectioned,sectioned_modern
25936,sectioned,sectioned_modern
25939,sectioned,sectioned_modern
25940,sectioned,sectioned_modern
25941,sectioned,sectioned_modern
25942,sectioned,sectioned_modern
25943,sectioned,sectioned_modern
25944,sectioned,sectioned_modern
25946,sectioned,sectioned_modern
25947,sectioned,sectioned_modern
25948,sectioned,sectioned_modern
25949,sectioned,sectioned_modern
25951,sectioned,sectioned_modern
25952,sectioned,sectioned_modern
25953,sectioned,sectioned_modern
25956,sectioned,sectioned_modern
25958,sectioned,sectioned_modern
25959,sectioned,sectioned_modern
25960,sectioned,sectioned_modern
25961,sectioned,sectioned_modern
25962,sectioned,sectioned_modern
25963,sectioned,sectioned_modern
25964,sectioned,sectioned_modern
25965,sectioned,sectioned_modern
25966,sectioned,sectioned_modern
25967,sectioned,sectioned_modern
25968,sectioned,sectioned_modern
25969,sectioned,sectioned_modern
25971,sectioned,sectioned_modern
25972,sectioned,sectioned_modern
25974,sectioned,sectioned_modern
25976,sectioned,sectioned_modern
25980,sectioned,sectioned_modern
25981,sectioned,sectioned_modern
25982,sectioned,sectioned_modern
25983,sectioned,sectioned_modern
25984,sectioned,sectioned_modern
25985,sectioned,sectioned_modern
25986,sectioned,sectioned_modern
25987,sectioned,sectioned_modern
25988,sectioned,sectioned_modern
25989,sectioned,sectioned_modern
25990,sectioned,sectioned_modern
25991,sectioned,sectioned_modern
25993,sectioned,sectioned_modern
25994,sectioned,sectioned_modern
25995,sectioned,sectioned_modern
25996,sectioned,sectioned_modern
25997,sectioned,sectioned_modern
25998,sectioned,sectioned_modern
25999,sectioned,sectioned_modern
26001,sectioned,sectioned_modern
26002,sectioned,sectioned_modern
26003,sectioned,sectioned_modern
26004,sectioned,sectioned_modern
26005,sectioned,sectioned_modern
26006,sectioned,sectioned_modern
26007,sectioned,sectioned_modern
26008,sectioned,sectioned_modern
26009,sectioned,sectioned_modern
26011,sectioned,sectioned_modern
26012,sectioned,sectioned_modern
26013,sectioned,sectioned_modern
26014,sectioned,sectioned_modern
26016,sectioned,sectioned_modern
26017,sectioned,sectioned_modern
26018,sectioned,sectioned_modern
26019,sectioned,sectioned_modern
26021,sectioned,sectioned_modern
26022,sectioned,sectioned_modern
26024,sectioned,sectioned_modern
26025,sectioned,sectioned_modern
26026,sectioned,sectioned_modern
26027,sectioned,sectioned_modern
26028,sectioned,sectioned_modern
26029,sectioned,sectioned_modern
26030,sectioned,sectioned_modern
26031,sectioned,sectioned_modern
26032,sectioned,sectioned_modern
26034,sectioned,sectioned_modern
26035,sectioned,sectioned_modern
26037,sectioned,sectioned_modern
26038,sectioned,sectioned_modern
26040,sectioned,sectioned_modern
26041,sectioned,sectioned_modern
26043,sectioned,sectioned_modern
26044,sectioned,sectioned_modern
26047,sectioned,sectioned_modern
26048,sectioned,sectioned_modern
26049,sectioned,sectioned_modern
26050,sectioned,sectioned_modern
26051,sectioned,sectioned_modern
26052,sectioned,sectioned_modern
26053,sectioned,sectioned_modern
26054,sectioned,sectioned_modern
26055,sectioned,sectioned_modern
26056,sectioned,sectioned_modern
26057,sectioned,sectioned_modern
26058,sectioned,sectioned_modern
26059,sectioned,sectioned_modern
26060,sectioned,sectioned_modern
26061,sectioned,sectioned_modern
26063,sectioned,sectioned_modern
26064,sectioned,sectioned_modern
26065,sectioned,sectioned_modern
26066,sectioned,sectioned_modern
26067,sectioned,sectioned_modern
26068,sectioned,sectioned_modern
26069,sectioned,sectioned_modern
26070,sectioned,sectioned_modern
26072,sectioned,sectioned_modern
26073,sectioned,sectioned_modern
26074,sectioned,sectioned_modern
26076,sectioned,sectioned_modern
26077,sectioned,sectioned_modern
26079,sectioned,sectioned_modern
26080,sectioned,sectioned_modern
26081,sectioned,sectioned_modern
26082,sectioned,sectioned_modern
26083,sectioned,sectioned_modern
26084,sectioned,sectioned_modern
26085,sectioned,sectioned_modern
26086,sectioned,sectioned_modern
26087,sectioned,sectioned_modern
26089,sectioned,sectioned_modern
26090,sectioned,sectioned_modern
26091,sectioned,sectioned_modern
26092,sectioned,sectioned_modern
26093,sectioned,sectioned_modern
26094,sectioned,sectioned_modern
26095,sectioned,sectioned_modern
26096,sectioned,sectioned_modern
26097,sectioned,sectioned_modern
26098,sectioned,sectioned_modern
26099,sectioned,sectioned_modern
26100,sectioned,sectioned_modern
26101,sectioned,sectioned_modern
26102,sectioned,sectioned_modern
26103,sectioned,sectioned_modern
26104,sectioned,sectioned_modern
26105,sectioned,sectioned_modern
26107,sectioned,sectioned_modern
26108,sectioned,sectioned_modern
26109,sectioned,sectioned_modern
26110,sectioned,sectioned_modern
26111,sectioned,sectioned_modern
26113,sectioned,sectioned_modern
26114,sectioned,sectioned_modern
26115,sectioned,sectioned_modern
26116,sectioned,sectioned_modern
26118,sectioned,sectioned_modern
26119,sectioned,sectioned_modern
26120,sectioned,sectioned_modern
26122,sectioned,sectioned_modern
26123,sectioned,sectioned_modern
26125,sectioned,sectioned_modern
26127,sectioned,sectioned_modern
26129,sectioned,sectioned_modern
26130,sectioned,sectioned_modern
26131,sectioned,sectioned_modern
26132,sectioned,sectioned_modern
26134,sectioned,sectioned_modern
26135,sectioned,sectioned_modern
26137,sectioned,sectioned_modern
26138,sectioned,sectioned_modern
26139,sectioned,sectioned_modern
26140,sectioned,sectioned_modern
26141,sectioned,sectioned_modern
26142,sectioned,sectioned_modern
26143,sectioned,sectioned_modern
26144,sectioned,sectioned_modern
26145,sectioned,sectioned_modern
26147,sectioned,sectioned_modern
26148,sectioned,sectioned_modern
26149,sectioned,sectioned_modern
26150,sectioned,sectioned_modern
26151,sectioned,sectioned_modern
26152,sectioned,sectioned_modern
26153,sectioned,sectioned_modern
26154,sectioned,sectioned_modern
26155,sectioned,sectioned_modern
26156,sectioned,sectioned_modern
26157,sectioned,sectioned_modern
26160,sectioned,sectioned_modern
26161,sectioned,sectioned_modern
26162,sectioned,sectioned_modern
26163,sectioned,sectioned_modern
26164,sectioned,sectioned_modern
26165,sectioned,sectioned_modern
26166,sectioned,sectioned_modern
26168,sectioned,sectioned_modern
26170,sectioned,sectioned_modern
26172,sectioned,sectioned_modern
26175,sectioned,sectioned_modern
26176,sectioned,sectioned_modern
26177,sectioned,sectioned_modern
26179,sectioned,sectioned_modern
26180,sectioned,sectioned_modern
26202,sectioned,sectioned_modern
26203,sectioned,sectioned_modern
26205,sectioned,sectioned_modern
26207,sectioned,sectioned_modern
26209,sectioned,sectioned_modern
26210,sectioned,sectioned_modern
26211,sectioned,sectioned_modern
26212,sectioned,sectioned_modern
26213,sectioned,sectioned_modern
26214,sectioned,sectioned_modern
26215,sectioned,sectioned_modern
26216,sectioned,sectioned_modern
26217,sectioned,sectioned_modern
26218,sectioned,sectioned_modern
26219,sectioned,sectioned_modern
26220,sectioned,sectioned_modern
26221,sectioned,sectioned_modern
26222,sectioned,sectioned_modern
26223,sectioned,sectioned_modern
26224,sectioned,sectioned_modern
26225,sectioned,sectioned_modern
26227,sectioned,sectioned_modern
26228,sectioned,sectioned_modern
26229,sectioned,sectioned_modern
26231,sectioned,sectioned_modern
26232,sectioned,sectioned_modern
26233,sectioned,sectioned_modern
26235,sectioned,sectioned_modern
26236,sectioned,sectioned_modern
26237,sectioned,sectioned_modern
26238,sectioned,sectioned_modern
26239,sectioned,sectioned_modern
26240,sectioned,sectioned_modern
26241,sectioned,sectioned_modern
26245,sectioned,sectioned_modern
26246,sectioned,sectioned_modern
26248,sectioned,sectioned_modern
26249,sectioned,sectioned_modern
26250,sectioned,sectioned_modern
26251,sectioned,sectioned_modern
26254,sectioned,sectioned_modern
26258,sectioned,sectioned_modern
26260,sectioned,sectioned_modern
26262,sectioned,sectioned_modern
26263,sectioned,sectioned_modern
26264,sectioned,sectioned_modern
26265,sectioned,sectioned_modern
26266,sectioned,sectioned_modern
26267,sectioned,sectioned_modern
26269,sectioned,sectioned_modern
26276,sectioned,sectioned_modern
26280,sectioned,sectioned_modern
26281,sectioned,sectioned_modern
26282,sectioned,sectioned_modern
26284,sectioned,sectioned_modern
26286,sectioned,sectioned_modern
26297,sectioned,sectioned_modern
